Workbook

Sheet ①대시보드
A1: AI 파이프라인 리소스 대시보드
A2: 기준일 | B2: ='④설정'!B1 | C2: 대상월 | D2: ='④설정'!B2
A4: ■ 핵심 지표
A5: 등록 업무(건) | B5: =COUNTA('②업무마스터'!$A$4:$A$48)
A6: 이번달 총 MD | B6: =SUMIFS('②업무마스터'!$Q$4:$Q$48,'②업무마스터'!$J$4:$J$48,">="&'④설정'!$B$2,'②업무마스터'!$J$4:$J$48,"<="&DATE(YEAR('④설정'!$B$2),MONTH('④설정'!$B$2)+1,0))
A7: 이번달 총 MM | B7: =B6/'④설정'!$B$3
A8: 오늘 병렬진행 | B8: =SUMPRODUCT(('②업무마스터'!$H$4:$H$48<>"")*('②업무마스터'!$H$4:$H$48<='④설정'!$B$1)*('②업무마스터'!$J$4:$J$48>='④설정'!$B$1)*('②업무마스터'!$F$4:$F$48<>"완료")*('②업무마스터'!$A$4:$A$48<>""))
A9: 🔴 지연 | B9: =SUMPRODUCT(('②업무마스터'!$J$4:$J$48<>"")*('②업무마스터'!$J$4:$J$48<'④설정'!$B$1)*('②업무마스터'!$F$4:$F$48<>"완료")*('②업무마스터'!$A$4:$A$48<>""))
A10: 🔴 임박(D-2) | B10: =SUMPRODUCT(('②업무마스터'!$J$4:$J$48>='④설정'!$B$1)*('②업무마스터'!$J$4:$J$48<='④설정'!$B$1+2)*('②업무마스터'!$F$4:$F$48<>"완료")*('②업무마스터'!$A$4:$A$48<>""))
A11: 완료율 | B11: =IFERROR(COUNTIF('②업무마스터'!$F$4:$F$48,"완료")/COUNTA('②업무마스터'!$A$4:$A$48),0)
A14: ■ 실·팀 가동률 요약
A15: 실·팀 | B15: 투입MD | C15: 캐파MD | D15: 가동률 | E15: 신호
A16: ='③실별현황'!A4 | B16: ='③실별현황'!C4 | C16: ='③실별현황'!B4 | D16: ='③실별현황'!D4 | E16: =IF(D16>1,"🔴과부하",IF(D16>0.8,"🟡타이트","🟢여유"))
A17: ='③실별현황'!A5 | B17: ='③실별현황'!C5 | C17: ='③실별현황'!B5 | D17: ='③실별현황'!D5 | E17: =IF(D17>1,"🔴과부하",IF(D17>0.8,"🟡타이트","🟢여유"))
A18: ='③실별현황'!A6 | B18: ='③실별현황'!C6 | C18: ='③실별현황'!B6 | D18: ='③실별현황'!D6 | E18: =IF(D18>1,"🔴과부하",IF(D18>0.8,"🟡타이트","🟢여유"))
A19: ='③실별현황'!A7 | B19: ='③실별현황'!C7 | C19: ='③실별현황'!B7 | D19: ='③실별현황'!D7 | E19: =IF(D19>1,"🔴과부하",IF(D19>0.8,"🟡타이트","🟢여유"))
A21: ※ 값 입력은 [②업무마스터] / [④설정] 에서. 이 화면은 전부 자동.

Sheet ②업무마스터
A1: AI 파이프라인 · 통합 리소스 & 스케줄 마스터 (한 행 = 한 업무 / 노란칸 입력 → 마감·D-day·간트 자동)
A2: 업무 정보 | G2: 스케줄 (자동) | M2: 실별 리소스 배분 (MD) | S2: 일자별 진행 (간트 · 자동)
A3: 프로젝트 | B3: 소재명 / 타이틀 | C3: 유형 | D3: 규격 | E3: 주관실 | F3: 상태 | G3: 진척% | H3: 시작일 | I3: 소요일 | J3: 마감예상 | K3: D-day | L3: 신호 | M3: 기획MD | N3: 디자인MD | O3: MAX영상MD | P3: VINA_MD | Q3: 총MD | R3: MM | S3: =IF( ('④설정'!$B$2+0) <= DATE(YEAR('④설정'!$B$2),MONTH('④설정'!$B$2)+1,0), '④설정'!$B$2+0, "") | T3: =IF( ('④설정'!$B$2+1) <= DATE(YEAR('④설정'!$B$2),MONTH('④설정'!$B$2)+1,0), '④설정'!$B$2+1, "") | U3: =IF( ('④설정'!$B$2+2) <= DATE(YEAR('④설정'!$B$2),MONTH('④설정'!$B$2)+1,0), '④설정'!$B$2+2, "") | V3: =IF( ('④설정'!$B$2+3) <= DATE(YEAR('④설정'!$B$2),MONTH('④설정'!$B$2)+1,0), '④설정'!$B$2+3, "") | W3: =IF( ('④설정'!$B$2+4) <= DATE(YEAR('④설정'!$B$2),MONTH('④설정'!$B$2)+1,0), '④설정'!$B$2+4, "") | X3: =IF( ('④설정'!$B$2+5) <= DATE(YEAR('④설정'!$B$2),MONTH('④설정'!$B$2)+1,0), '④설정'!$B$2+5, "") | Y3: =IF( ('④설정'!$B$2+6) <= DATE(YEAR('④설정'!$B$2),MONTH('④설정'!$B$2)+1,0), '④설정'!$B$2+6, "") | Z3: =IF( ('④설정'!$B$2+7) <= DATE(YEAR('④설정'!$B$2),MONTH('④설정'!$B$2)+1,0), '④설정'!$B$2+7, "") | AA3: =IF( ('④설정'!$B$2+8) <= DATE(YEAR('④설정'!$B$2),MONTH('④설정'!$B$2)+1,0), '④설정'!$B$2+8, "") | AB3: =IF( ('④설정'!$B$2+9) <= DATE(YEAR('④설정'!$B$2),MONTH('④설정'!$B$2)+1,0), '④설정'!$B$2+9, "") | AC3: =IF( ('④설정'!$B$2+10) <= DATE(YEAR('④설정'!$B$2),MONTH('④설정'!$B$2)+1,0), '④설정'!$B$2+10, "") | AD3: =IF( ('④설정'!$B$2+11) <= DATE(YEAR('④설정'!$B$2),MONTH('④설정'!$B$2)+1,0), '④설정'!$B$2+11, "") | AE3: =IF( ('④설정'!$B$2+12) <= DATE(YEAR('④설정'!$B$2),MONTH('④설정'!$B$2)+1,0), '④설정'!$B$2+12, "") | AF3: =IF( ('④설정'!$B$2+13) <= DATE(YEAR('④설정'!$B$2),MONTH('④설정'!$B$2)+1,0), '④설정'!$B$2+13, "") | AG3: =IF( ('④설정'!$B$2+14) <= DATE(YEAR('④설정'!$B$2),MONTH('④설정'!$B$2)+1,0), '④설정'!$B$2+14, "") | AH3: =IF( ('④설정'!$B$2+15) <= DATE(YEAR('④설정'!$B$2),MONTH('④설정'!$B$2)+1,0), '④설정'!$B$2+15, "") | AI3: =IF( ('④설정'!$B$2+16) <= DATE(YEAR('④설정'!$B$2),MONTH('④설정'!$B$2)+1,0), '④설정'!$B$2+16, "") | AJ3: =IF( ('④설정'!$B$2+17) <= DATE(YEAR('④설정'!$B$2),MONTH('④설정'!$B$2)+1,0), '④설정'!$B$2+17, "") | AK3: =IF( ('④설정'!$B$2+18) <= DATE(YEAR('④설정'!$B$2),MONTH('④설정'!$B$2)+1,0), '④설정'!$B$2+18, "") | AL3: =IF( ('④설정'!$B$2+19) <= DATE(YEAR('④설정'!$B$2),MONTH('④설정'!$B$2)+1,0), '④설정'!$B$2+19, "") | AM3: =IF( ('④설정'!$B$2+20) <= DATE(YEAR('④설정'!$B$2),MONTH('④설정'!$B$2)+1,0), '④설정'!$B$2+20, "") | AN3: =IF( ('④설정'!$B$2+21) <= DATE(YEAR('④설정'!$B$2),MONTH('④설정'!$B$2)+1,0), '④설정'!$B$2+21, "") | AO3: =IF( ('④설정'!$B$2+22) <= DATE(YEAR('④설정'!$B$2),MONTH('④설정'!$B$2)+1,0), '④설정'!$B$2+22, "") | AP3: =IF( ('④설정'!$B$2+23) <= DATE(YEAR('④설정'!$B$2),MONTH('④설정'!$B$2)+1,0), '④설정'!$B$2+23, "") | AQ3: =IF( ('④설정'!$B$2+24) <= DATE(YEAR('④설정'!$B$2),MONTH('④설정'!$B$2)+1,0), '④설정'!$B$2+24, "") | AR3: =IF( ('④설정'!$B$2+25) <= DATE(YEAR('④설정'!$B$2),MONTH('④설정'!$B$2)+1,0), '④설정'!$B$2+25, "") | AS3: =IF( ('④설정'!$B$2+26) <= DATE(YEAR('④설정'!$B$2),MONTH('④설정'!$B$2)+1,0), '④설정'!$B$2+26, "") | AT3: =IF( ('④설정'!$B$2+27) <= DATE(YEAR('④설정'!$B$2),MONTH('④설정'!$B$2)+1,0), '④설정'!$B$2+27, "") | AU3: =IF( ('④설정'!$B$2+28) <= DATE(YEAR('④설정'!$B$2),MONTH('④설정'!$B$2)+1,0), '④설정'!$B$2+28, "") | AV3: =IF( ('④설정'!$B$2+29) <= DATE(YEAR('④설정'!$B$2),MONTH('④설정'!$B$2)+1,0), '④설정'!$B$2+29, "") | AW3: =IF( ('④설정'!$B$2+30) <= DATE(YEAR('④설정'!$B$2),MONTH('④설정'!$B$2)+1,0), '④설정'!$B$2+30, "")
A4: 세나리버스 | B4: 여름이벤트 KV 영상 제작 | C4: 영상제작(신규) | D4: 30" | E4: MAX실(영상) | F4: 진행중 | G4: 0.4 | H4: 46205 | I4: =IFERROR(INDEX('④설정'!$E$7:$E$16,MATCH(C4,'④설정'!$D$7:$D$16,0)),"") | J4: =IF(OR($H4="",$I4=""),"",WORKDAY($H4,$I4-1)) | K4: =IF($J4="","",IF($F4="완료","완료",$J4-'④설정'!$B$1)) | L4: =IF($J4="","",IF($F4="완료","✅완료",IF($J4<'④설정'!$B$1,"🔴지연",IF($J4<='④설정'!$B$1+2,"🔴임박",IF($J4<='④설정'!$B$1+5,"🟡주의","🟢여유"))))) | M4: 2.5 | N4: 0 | O4: 0 | P4: 3 | Q4: =IF(SUM(M4:P4)=0,"",SUM(M4:P4)) | R4: =IF(Q4="","",Q4/'④설정'!$B$3) | S4: =IF($H4="","",IF(AND(S$3<>"",$H4<=S$3,$J4>=S$3),"■","")) | T4: =IF($H4="","",IF(AND(T$3<>"",$H4<=T$3,$J4>=T$3),"■","")) | U4: =IF($H4="","",IF(AND(U$3<>"",$H4<=U$3,$J4>=U$3),"■","")) | V4: =IF($H4="","",IF(AND(V$3<>"",$H4<=V$3,$J4>=V$3),"■","")) | W4: =IF($H4="","",IF(AND(W$3<>"",$H4<=W$3,$J4>=W$3),"■","")) | X4: =IF($H4="","",IF(AND(X$3<>"",$H4<=X$3,$J4>=X$3),"■","")) | Y4: =IF($H4="","",IF(AND(Y$3<>"",$H4<=Y$3,$J4>=Y$3),"■","")) | Z4: =IF($H4="","",IF(AND(Z$3<>"",$H4<=Z$3,$J4>=Z$3),"■","")) | ... AW4: =IF($H4="","",IF(AND(AW$3<>"",$H4<=AW$3,$J4>=AW$3),"■",""))
A5: 세나리버스 | B5: 여름이벤트 KV 사이즈베리 | C5: 영상베리(사이즈) | D5: 6" | E5: VINA영상 | F5: 대기 | G5: 0 | H5: 46206 | I5: =IFERROR(INDEX('④설정'!$E$7:$E$16,MATCH(C5,'④설정'!$D$7:$D$16,0)),"") | J5: =IF(OR($H5="",$I5=""),"",WORKDAY($H5,$I5-1)) | K5: =IF($J5="","",IF($F5="완료","완료",$J5-'④설정'!$B$1)) | L5: =IF($J5="","",IF($F5="완료","✅완료",IF($J5<'④설정'!$B$1,"🔴지연",IF($J5<='④설정'!$B$1+2,"🔴임박",IF($J5<='④설정'!$B$1+5,"🟡주의","🟢여유"))))) | M5: 0 | N5: 0 | O5: 0 | P5: 0 | Q5: =IF(SUM(M5:P5)=0,"",SUM(M5:P5)) | R5: =IF(Q5="","",Q5/'④설정'!$B$3) | S5: =IF($H5="","",IF(AND(S$3<>"",$H5<=S$3,$J5>=S$3),"■","")) | T5: =IF($H5="","",IF(AND(T$3<>"",$H5<=T$3,$J5>=T$3),"■","")) | U5: =IF($H5="","",IF(AND(U$3<>"",$H5<=U$3,$J5>=U$3),"■","")) | V5: =IF($H5="","",IF(AND(V$3<>"",$H5<=V$3,$J5>=V$3),"■","")) | W5: =IF($H5="","",IF(AND(W$3<>"",$H5<=W$3,$J5>=W$3),"■","")) | X5: =IF($H5="","",IF(AND(X$3<>"",$H5<=X$3,$J5>=X$3),"■","")) | Y5: =IF($H5="","",IF(AND(Y$3<>"",$H5<=Y$3,$J5>=Y$3),"■","")) | Z5: =IF($H5="","",IF(AND(Z$3<>"",$H5<=Z$3,$J5>=Z$3),"■","")) | ... AW5: =IF($H5="","",IF(AND(AW$3<>"",$H5<=AW$3,$J5>=AW$3),"■",""))
A6: 칠대죄오리진 | B6: GOWTHER 라이브포스터 | C6: 영상제작(신규) | D6: 30" | E6: MAX실(영상) | F6: 대기 | G6: 0 | H6: 46210 | I6: =IFERROR(INDEX('④설정'!$E$7:$E$16,MATCH(C6,'④설정'!$D$7:$D$16,0)),"") | J6: =IF(OR($H6="",$I6=""),"",WORKDAY($H6,$I6-1)) | K6: =IF($J6="","",IF($F6="완료","완료",$J6-'④설정'!$B$1)) | L6: =IF($J6="","",IF($F6="완료","✅완료",IF($J6<'④설정'!$B$1,"🔴지연",IF($J6<='④설정'!$B$1+2,"🔴임박",IF($J6<='④설정'!$B$1+5,"🟡주의","🟢여유"))))) | M6: 1.5 | N6: 0.5 | O6: 1 | P6: 0 | Q6: =IF(SUM(M6:P6)=0,"",SUM(M6:P6)) | R6: =IF(Q6="","",Q6/'④설정'!$B$3) | S6: =IF($H6="","",IF(AND(S$3<>"",$H6<=S$3,$J6>=S$3),"■","")) | T6: =IF($H6="","",IF(AND(T$3<>"",$H6<=T$3,$J6>=T$3),"■","")) | U6: =IF($H6="","",IF(AND(U$3<>"",$H6<=U$3,$J6>=U$3),"■","")) | V6: =IF($H6="","",IF(AND(V$3<>"",$H6<=V$3,$J6>=V$3),"■","")) | W6: =IF($H6="","",IF(AND(W$3<>"",$H6<=W$3,$J6>=W$3),"■","")) | X6: =IF($H6="","",IF(AND(X$3<>"",$H6<=X$3,$J6>=X$3),"■","")) | Y6: =IF($H6="","",IF(AND(Y$3<>"",$H6<=Y$3,$J6>=Y$3),"■","")) | Z6: =IF($H6="","",IF(AND(Z$3<>"",$H6<=Z$3,$J6>=Z$3),"■","")) | ... AW6: =IF($H6="","",IF(AND(AW$3<>"",$H6<=AW$3,$J6>=AW$3),"■",""))
A7: 칠대죄오리진 | B7: DERIERI 엔드카드 | C7: 시안(신규) | D7: 15" | E7: 디자인실 | F7: 진행중 | G7: 0.6 | H7: 46207 | I7: =IFERROR(INDEX('④설정'!$E$7:$E$16,MATCH(C7,'④설정'!$D$7:$D$16,0)),"") | J7: =IF(OR($H7="",$I7=""),"",WORKDAY($H7,$I7-1)) | K7: =IF($J7="","",IF($F7="완료","완료",$J7-'④설정'!$B$1)) | L7: =IF($J7="","",IF($F7="완료","✅완료",IF($J7<'④설정'!$B$1,"🔴지연",IF($J7<='④설정'!$B$1+2,"🔴임박",IF($J7<='④설정'!$B$1+5,"🟡주의","🟢여유"))))) | M7: 1.375 | N7: 0.375 | O7: 0.25 | P7: 0 | Q7: =IF(SUM(M7:P7)=0,"",SUM(M7:P7)) | R7: =IF(Q7="","",Q7/'④설정'!$B$3) | S7: =IF($H7="","",IF(AND(S$3<>"",$H7<=S$3,$J7>=S$3),"■","")) | T7: =IF($H7="","",IF(AND(T$3<>"",$H7<=T$3,$J7>=T$3),"■","")) | U7: =IF($H7="","",IF(AND(U$3<>"",$H7<=U$3,$J7>=U$3),"■","")) | V7: =IF($H7="","",IF(AND(V$3<>"",$H7<=V$3,$J7>=V$3),"■","")) | W7: =IF($H7="","",IF(AND(W$3<>"",$H7<=W$3,$J7>=W$3),"■","")) | X7: =IF($H7="","",IF(AND(X$3<>"",$H7<=X$3,$J7>=X$3),"■","")) | Y7: =IF($H7="","",IF(AND(Y$3<>"",$H7<=Y$3,$J7>=Y$3),"■","")) | Z7: =IF($H7="","",IF(AND(Z$3<>"",$H7<=Z$3,$J7>=Z$3),"■","")) | ... AW7: =IF($H7="","",IF(AND(AW$3<>"",$H7<=AW$3,$J7>=AW$3),"■",""))
A8: 밀리의서재 | B8: 7월 스페셜 이벤트 | C8: 스페셜이벤트 | D8: - | E8: 기획실 | F8: 검수 | G8: 0.8 | H8: 46204 | I8: =IFERROR(INDEX('④설정'!$E$7:$E$16,MATCH(C8,'④설정'!$D$7:$D$16,0)),"") | J8: =IF(OR($H8="",$I8=""),"",WORKDAY($H8,$I8-1)) | K8: =IF($J8="","",IF($F8="완료","완료",$J8-'④설정'!$B$1)) | L8: =IF($J8="","",IF($F8="완료","✅완료",IF($J8<'④설정'!$B$1,"🔴지연",IF($J8<='④설정'!$B$1+2,"🔴임박",IF($J8<='④설정'!$B$1+5,"🟡주의","🟢여유"))))) | M8: 1 | N8: 3 | O8: 0 | P8: 0 | Q8: =IF(SUM(M8:P8)=0,"",SUM(M8:P8)) | R8: =IF(Q8="","",Q8/'④설정'!$B$3) | S8: =IF($H8="","",IF(AND(S$3<>"",$H8<=S$3,$J8>=S$3),"■","")) | T8: =IF($H8="","",IF(AND(T$3<>"",$H8<=T$3,$J8>=T$3),"■","")) | U8: =IF($H8="","",IF(AND(U$3<>"",$H8<=U$3,$J8>=U$3),"■","")) | V8: =IF($H8="","",IF(AND(V$3<>"",$H8<=V$3,$J8>=V$3),"■","")) | W8: =IF($H8="","",IF(AND(W$3<>"",$H8<=W$3,$J8>=W$3),"■","")) | X8: =IF($H8="","",IF(AND(X$3<>"",$H8<=X$3,$J8>=X$3),"■","")) | Y8: =IF($H8="","",IF(AND(Y$3<>"",$H8<=Y$3,$J8>=Y$3),"■","")) | Z8: =IF($H8="","",IF(AND(Z$3<>"",$H8<=Z$3,$J8>=Z$3),"■","")) | ... AW8: =IF($H8="","",IF(AND(AW$3<>"",$H8<=AW$3,$J8>=AW$3),"■",""))
A9: 밀리의서재 | B9: 히어로배너 다국어베리 | C9: 다국어베리 | D9: - | E9: 디자인실 | F9: 완료 | G9: 1 | H9: 46203 | I9: =IFERROR(INDEX('④설정'!$E$7:$E$16,MATCH(C9,'④설정'!$D$7:$D$16,0)),"") | J9: =IF(OR($H9="",$I9=""),"",WORKDAY($H9,$I9-1)) | K9: =IF($J9="","",IF($F9="완료","완료",$J9-'④설정'!$B$1)) | L9: =IF($J9="","",IF($F9="완료","✅완료",IF($J9<'④설정'!$B$1,"🔴지연",IF($J9<='④설정'!$B$1+2,"🔴임박",IF($J9<='④설정'!$B$1+5,"🟡주의","🟢여유"))))) | M9: 0 | N9: 0.5 | O9: 0 | P9: 0 | Q9: =IF(SUM(M9:P9)=0,"",SUM(M9:P9)) | R9: =IF(Q9="","",Q9/'④설정'!$B$3) | S9: =IF($H9="","",IF(AND(S$3<>"",$H9<=S$3,$J9>=S$3),"■","")) | T9: =IF($H9="","",IF(AND(T$3<>"",$H9<=T$3,$J9>=T$3),"■","")) | U9: =IF($H9="","",IF(AND(U$3<>"",$H9<=U$3,$J9>=U$3),"■","")) | V9: =IF($H9="","",IF(AND(V$3<>"",$H9<=V$3,$J9>=V$3),"■","")) | W9: =IF($H9="","",IF(AND(W$3<>"",$H9<=W$3,$J9>=W$3),"■","")) | X9: =IF($H9="","",IF(AND(X$3<>"",$H9<=X$3,$J9>=X$3),"■","")) | Y9: =IF($H9="","",IF(AND(Y$3<>"",$H9<=Y$3,$J9>=Y$3),"■","")) | Z9: =IF($H9="","",IF(AND(Z$3<>"",$H9<=Z$3,$J9>=Z$3),"■","")) | ... AW9: =IF($H9="","",IF(AND(AW$3<>"",$H9<=AW$3,$J9>=AW$3),"■",""))
I10: =IFERROR(INDEX('④설정'!$E$7:$E$16,MATCH(C10,'④설정'!$D$7:$D$16,0)),"") | J10: =IF(OR($H10="",$I10=""),"",WORKDAY($H10,$I10-1)) | K10: =IF($J10="","",IF($F10="완료","완료",$J10-'④설정'!$B$1)) | L10: =IF($J10="","",IF($F10="완료","✅완료",IF($J10<'④설정'!$B$1,"🔴지연",IF($J10<='④설정'!$B$1+2,"🔴임박",IF($J10<='④설정'!$B$1+5,"🟡주의","🟢여유"))))) | Q10: =IF(SUM(M10:P10)=0,"",SUM(M10:P10)) | R10: =IF(Q10="","",Q10/'④설정'!$B$3) | S10: =IF($H10="","",IF(AND(S$3<>"",$H10<=S$3,$J10>=S$3),"■","")) | T10: =IF($H10="","",IF(AND(T$3<>"",$H10<=T$3,$J10>=T$3),"■","")) | U10: =IF($H10="","",IF(AND(U$3<>"",$H10<=U$3,$J10>=U$3),"■","")) | V10: =IF($H10="","",IF(AND(V$3<>"",$H10<=V$3,$J10>=V$3),"■","")) | W10: =IF($H10="","",IF(AND(W$3<>"",$H10<=W$3,$J10>=W$3),"■","")) | X10: =IF($H10="","",IF(AND(X$3<>"",$H10<=X$3,$J10>=X$3),"■","")) | Y10: =IF($H10="","",IF(AND(Y$3<>"",$H10<=Y$3,$J10>=Y$3),"■","")) | Z10: =IF($H10="","",IF(AND(Z$3<>"",$H10<=Z$3,$J10>=Z$3),"■","")) | ... AW10: =IF($H10="","",IF(AND(AW$3<>"",$H10<=AW$3,$J10>=AW$3),"■",""))
I11: =IFERROR(INDEX('④설정'!$E$7:$E$16,MATCH(C11,'④설정'!$D$7:$D$16,0)),"") | J11: =IF(OR($H11="",$I11=""),"",WORKDAY($H11,$I11-1)) | K11: =IF($J11="","",IF($F11="완료","완료",$J11-'④설정'!$B$1)) | L11: =IF($J11="","",IF($F11="완료","✅완료",IF($J11<'④설정'!$B$1,"🔴지연",IF($J11<='④설정'!$B$1+2,"🔴임박",IF($J11<='④설정'!$B$1+5,"🟡주의","🟢여유"))))) | Q11: =IF(SUM(M11:P11)=0,"",SUM(M11:P11)) | R11: =IF(Q11="","",Q11/'④설정'!$B$3) | S11: =IF($H11="","",IF(AND(S$3<>"",$H11<=S$3,$J11>=S$3),"■","")) | T11: =IF($H11="","",IF(AND(T$3<>"",$H11<=T$3,$J11>=T$3),"■","")) | U11: =IF($H11="","",IF(AND(U$3<>"",$H11<=U$3,$J11>=U$3),"■","")) | V11: =IF($H11="","",IF(AND(V$3<>"",$H11<=V$3,$J11>=V$3),"■","")) | W11: =IF($H11="","",IF(AND(W$3<>"",$H11<=W$3,$J11>=W$3),"■","")) | X11: =IF($H11="","",IF(AND(X$3<>"",$H11<=X$3,$J11>=X$3),"■","")) | Y11: =IF($H11="","",IF(AND(Y$3<>"",$H11<=Y$3,$J11>=Y$3),"■","")) | Z11: =IF($H11="","",IF(AND(Z$3<>"",$H11<=Z$3,$J11>=Z$3),"■","")) | ... AW11: =IF($H11="","",IF(AND(AW$3<>"",$H11<=AW$3,$J11>=AW$3),"■",""))
I12: =IFERROR(INDEX('④설정'!$E$7:$E$16,MATCH(C12,'④설정'!$D$7:$D$16,0)),"") | J12: =IF(OR($H12="",$I12=""),"",WORKDAY($H12,$I12-1)) | K12: =IF($J12="","",IF($F12="완료","완료",$J12-'④설정'!$B$1)) | L12: =IF($J12="","",IF($F12="완료","✅완료",IF($J12<'④설정'!$B$1,"🔴지연",IF($J12<='④설정'!$B$1+2,"🔴임박",IF($J12<='④설정'!$B$1+5,"🟡주의","🟢여유"))))) | Q12: =IF(SUM(M12:P12)=0,"",SUM(M12:P12)) | R12: =IF(Q12="","",Q12/'④설정'!$B$3) | S12: =IF($H12="","",IF(AND(S$3<>"",$H12<=S$3,$J12>=S$3),"■","")) | T12: =IF($H12="","",IF(AND(T$3<>"",$H12<=T$3,$J12>=T$3),"■","")) | U12: =IF($H12="","",IF(AND(U$3<>"",$H12<=U$3,$J12>=U$3),"■","")) | V12: =IF($H12="","",IF(AND(V$3<>"",$H12<=V$3,$J12>=V$3),"■","")) | W12: =IF($H12="","",IF(AND(W$3<>"",$H12<=W$3,$J12>=W$3),"■","")) | X12: =IF($H12="","",IF(AND(X$3<>"",$H12<=X$3,$J12>=X$3),"■","")) | Y12: =IF($H12="","",IF(AND(Y$3<>"",$H12<=Y$3,$J12>=Y$3),"■","")) | Z12: =IF($H12="","",IF(AND(Z$3<>"",$H12<=Z$3,$J12>=Z$3),"■","")) | ... AW12: =IF($H12="","",IF(AND(AW$3<>"",$H12<=AW$3,$J12>=AW$3),"■",""))
I13: =IFERROR(INDEX('④설정'!$E$7:$E$16,MATCH(C13,'④설정'!$D$7:$D$16,0)),"") | J13: =IF(OR($H13="",$I13=""),"",WORKDAY($H13,$I13-1)) | K13: =IF($J13="","",IF($F13="완료","완료",$J13-'④설정'!$B$1)) | L13: =IF($J13="","",IF($F13="완료","✅완료",IF($J13<'④설정'!$B$1,"🔴지연",IF($J13<='④설정'!$B$1+2,"🔴임박",IF($J13<='④설정'!$B$1+5,"🟡주의","🟢여유"))))) | Q13: =IF(SUM(M13:P13)=0,"",SUM(M13:P13)) | R13: =IF(Q13="","",Q13/'④설정'!$B$3) | S13: =IF($H13="","",IF(AND(S$3<>"",$H13<=S$3,$J13>=S$3),"■","")) | T13: =IF($H13="","",IF(AND(T$3<>"",$H13<=T$3,$J13>=T$3),"■","")) | U13: =IF($H13="","",IF(AND(U$3<>"",$H13<=U$3,$J13>=U$3),"■","")) | V13: =IF($H13="","",IF(AND(V$3<>"",$H13<=V$3,$J13>=V$3),"■","")) | W13: =IF($H13="","",IF(AND(W$3<>"",$H13<=W$3,$J13>=W$3),"■","")) | X13: =IF($H13="","",IF(AND(X$3<>"",$H13<=X$3,$J13>=X$3),"■","")) | Y13: =IF($H13="","",IF(AND(Y$3<>"",$H13<=Y$3,$J13>=Y$3),"■","")) | Z13: =IF($H13="","",IF(AND(Z$3<>"",$H13<=Z$3,$J13>=Z$3),"■","")) | ... AW13: =IF($H13="","",IF(AND(AW$3<>"",$H13<=AW$3,$J13>=AW$3),"■",""))
I14: =IFERROR(INDEX('④설정'!$E$7:$E$16,MATCH(C14,'④설정'!$D$7:$D$16,0)),"") | J14: =IF(OR($H14="",$I14=""),"",WORKDAY($H14,$I14-1)) | K14: =IF($J14="","",IF($F14="완료","완료",$J14-'④설정'!$B$1)) | L14: =IF($J14="","",IF($F14="완료","✅완료",IF($J14<'④설정'!$B$1,"🔴지연",IF($J14<='④설정'!$B$1+2,"🔴임박",IF($J14<='④설정'!$B$1+5,"🟡주의","🟢여유"))))) | Q14: =IF(SUM(M14:P14)=0,"",SUM(M14:P14)) | R14: =IF(Q14="","",Q14/'④설정'!$B$3) | S14: =IF($H14="","",IF(AND(S$3<>"",$H14<=S$3,$J14>=S$3),"■","")) | T14: =IF($H14="","",IF(AND(T$3<>"",$H14<=T$3,$J14>=T$3),"■","")) | U14: =IF($H14="","",IF(AND(U$3<>"",$H14<=U$3,$J14>=U$3),"■","")) | V14: =IF($H14="","",IF(AND(V$3<>"",$H14<=V$3,$J14>=V$3),"■","")) | W14: =IF($H14="","",IF(AND(W$3<>"",$H14<=W$3,$J14>=W$3),"■","")) | X14: =IF($H14="","",IF(AND(X$3<>"",$H14<=X$3,$J14>=X$3),"■","")) | Y14: =IF($H14="","",IF(AND(Y$3<>"",$H14<=Y$3,$J14>=Y$3),"■","")) | Z14: =IF($H14="","",IF(AND(Z$3<>"",$H14<=Z$3,$J14>=Z$3),"■","")) | ... AW14: =IF($H14="","",IF(AND(AW$3<>"",$H14<=AW$3,$J14>=AW$3),"■",""))
I15: =IFERROR(INDEX('④설정'!$E$7:$E$16,MATCH(C15,'④설정'!$D$7:$D$16,0)),"") | J15: =IF(OR($H15="",$I15=""),"",WORKDAY($H15,$I15-1)) | K15: =IF($J15="","",IF($F15="완료","완료",$J15-'④설정'!$B$1)) | L15: =IF($J15="","",IF($F15="완료","✅완료",IF($J15<'④설정'!$B$1,"🔴지연",IF($J15<='④설정'!$B$1+2,"🔴임박",IF($J15<='④설정'!$B$1+5,"🟡주의","🟢여유"))))) | Q15: =IF(SUM(M15:P15)=0,"",SUM(M15:P15)) | R15: =IF(Q15="","",Q15/'④설정'!$B$3) | S15: =IF($H15="","",IF(AND(S$3<>"",$H15<=S$3,$J15>=S$3),"■","")) | T15: =IF($H15="","",IF(AND(T$3<>"",$H15<=T$3,$J15>=T$3),"■","")) | U15: =IF($H15="","",IF(AND(U$3<>"",$H15<=U$3,$J15>=U$3),"■","")) | V15: =IF($H15="","",IF(AND(V$3<>"",$H15<=V$3,$J15>=V$3),"■","")) | W15: =IF($H15="","",IF(AND(W$3<>"",$H15<=W$3,$J15>=W$3),"■","")) | X15: =IF($H15="","",IF(AND(X$3<>"",$H15<=X$3,$J15>=X$3),"■","")) | Y15: =IF($H15="","",IF(AND(Y$3<>"",$H15<=Y$3,$J15>=Y$3),"■","")) | Z15: =IF($H15="","",IF(AND(Z$3<>"",$H15<=Z$3,$J15>=Z$3),"■","")) | ... AW15: =IF($H15="","",IF(AND(AW$3<>"",$H15<=AW$3,$J15>=AW$3),"■",""))
I16: =IFERROR(INDEX('④설정'!$E$7:$E$16,MATCH(C16,'④설정'!$D$7:$D$16,0)),"") | J16: =IF(OR($H16="",$I16=""),"",WORKDAY($H16,$I16-1)) | K16: =IF($J16="","",IF($F16="완료","완료",$J16-'④설정'!$B$1)) | L16: =IF($J16="","",IF($F16="완료","✅완료",IF($J16<'④설정'!$B$1,"🔴지연",IF($J16<='④설정'!$B$1+2,"🔴임박",IF($J16<='④설정'!$B$1+5,"🟡주의","🟢여유"))))) | Q16: =IF(SUM(M16:P16)=0,"",SUM(M16:P16)) | R16: =IF(Q16="","",Q16/'④설정'!$B$3) | S16: =IF($H16="","",IF(AND(S$3<>"",$H16<=S$3,$J16>=S$3),"■","")) | T16: =IF($H16="","",IF(AND(T$3<>"",$H16<=T$3,$J16>=T$3),"■","")) | U16: =IF($H16="","",IF(AND(U$3<>"",$H16<=U$3,$J16>=U$3),"■","")) | V16: =IF($H16="","",IF(AND(V$3<>"",$H16<=V$3,$J16>=V$3),"■","")) | W16: =IF($H16="","",IF(AND(W$3<>"",$H16<=W$3,$J16>=W$3),"■","")) | X16: =IF($H16="","",IF(AND(X$3<>"",$H16<=X$3,$J16>=X$3),"■","")) | Y16: =IF($H16="","",IF(AND(Y$3<>"",$H16<=Y$3,$J16>=Y$3),"■","")) | Z16: =IF($H16="","",IF(AND(Z$3<>"",$H16<=Z$3,$J16>=Z$3),"■","")) | ... AW16: =IF($H16="","",IF(AND(AW$3<>"",$H16<=AW$3,$J16>=AW$3),"■",""))
I17: =IFERROR(INDEX('④설정'!$E$7:$E$16,MATCH(C17,'④설정'!$D$7:$D$16,0)),"") | J17: =IF(OR($H17="",$I17=""),"",WORKDAY($H17,$I17-1)) | K17: =IF($J17="","",IF($F17="완료","완료",$J17-'④설정'!$B$1)) | L17: =IF($J17="","",IF($F17="완료","✅완료",IF($J17<'④설정'!$B$1,"🔴지연",IF($J17<='④설정'!$B$1+2,"🔴임박",IF($J17<='④설정'!$B$1+5,"🟡주의","🟢여유"))))) | Q17: =IF(SUM(M17:P17)=0,"",SUM(M17:P17)) | R17: =IF(Q17="","",Q17/'④설정'!$B$3) | S17: =IF($H17="","",IF(AND(S$3<>"",$H17<=S$3,$J17>=S$3),"■","")) | T17: =IF($H17="","",IF(AND(T$3<>"",$H17<=T$3,$J17>=T$3),"■","")) | U17: =IF($H17="","",IF(AND(U$3<>"",$H17<=U$3,$J17>=U$3),"■","")) | V17: =IF($H17="","",IF(AND(V$3<>"",$H17<=V$3,$J17>=V$3),"■","")) | W17: =IF($H17="","",IF(AND(W$3<>"",$H17<=W$3,$J17>=W$3),"■","")) | X17: =IF($H17="","",IF(AND(X$3<>"",$H17<=X$3,$J17>=X$3),"■","")) | Y17: =IF($H17="","",IF(AND(Y$3<>"",$H17<=Y$3,$J17>=Y$3),"■","")) | Z17: =IF($H17="","",IF(AND(Z$3<>"",$H17<=Z$3,$J17>=Z$3),"■","")) | ... AW17: =IF($H17="","",IF(AND(AW$3<>"",$H17<=AW$3,$J17>=AW$3),"■",""))
I18: =IFERROR(INDEX('④설정'!$E$7:$E$16,MATCH(C18,'④설정'!$D$7:$D$16,0)),"") | J18: =IF(OR($H18="",$I18=""),"",WORKDAY($H18,$I18-1)) | K18: =IF($J18="","",IF($F18="완료","완료",$J18-'④설정'!$B$1)) | L18: =IF($J18="","",IF($F18="완료","✅완료",IF($J18<'④설정'!$B$1,"🔴지연",IF($J18<='④설정'!$B$1+2,"🔴임박",IF($J18<='④설정'!$B$1+5,"🟡주의","🟢여유"))))) | Q18: =IF(SUM(M18:P18)=0,"",SUM(M18:P18)) | R18: =IF(Q18="","",Q18/'④설정'!$B$3) | S18: =IF($H18="","",IF(AND(S$3<>"",$H18<=S$3,$J18>=S$3),"■","")) | T18: =IF($H18="","",IF(AND(T$3<>"",$H18<=T$3,$J18>=T$3),"■","")) | U18: =IF($H18="","",IF(AND(U$3<>"",$H18<=U$3,$J18>=U$3),"■","")) | V18: =IF($H18="","",IF(AND(V$3<>"",$H18<=V$3,$J18>=V$3),"■","")) | W18: =IF($H18="","",IF(AND(W$3<>"",$H18<=W$3,$J18>=W$3),"■","")) | X18: =IF($H18="","",IF(AND(X$3<>"",$H18<=X$3,$J18>=X$3),"■","")) | Y18: =IF($H18="","",IF(AND(Y$3<>"",$H18<=Y$3,$J18>=Y$3),"■","")) | Z18: =IF($H18="","",IF(AND(Z$3<>"",$H18<=Z$3,$J18>=Z$3),"■","")) | ... AW18: =IF($H18="","",IF(AND(AW$3<>"",$H18<=AW$3,$J18>=AW$3),"■",""))
I19: =IFERROR(INDEX('④설정'!$E$7:$E$16,MATCH(C19,'④설정'!$D$7:$D$16,0)),"") | J19: =IF(OR($H19="",$I19=""),"",WORKDAY($H19,$I19-1)) | K19: =IF($J19="","",IF($F19="완료","완료",$J19-'④설정'!$B$1)) | L19: =IF($J19="","",IF($F19="완료","✅완료",IF($J19<'④설정'!$B$1,"🔴지연",IF($J19<='④설정'!$B$1+2,"🔴임박",IF($J19<='④설정'!$B$1+5,"🟡주의","🟢여유"))))) | Q19: =IF(SUM(M19:P19)=0,"",SUM(M19:P19)) | R19: =IF(Q19="","",Q19/'④설정'!$B$3) | S19: =IF($H19="","",IF(AND(S$3<>"",$H19<=S$3,$J19>=S$3),"■","")) | T19: =IF($H19="","",IF(AND(T$3<>"",$H19<=T$3,$J19>=T$3),"■","")) | U19: =IF($H19="","",IF(AND(U$3<>"",$H19<=U$3,$J19>=U$3),"■","")) | V19: =IF($H19="","",IF(AND(V$3<>"",$H19<=V$3,$J19>=V$3),"■","")) | W19: =IF($H19="","",IF(AND(W$3<>"",$H19<=W$3,$J19>=W$3),"■","")) | X19: =IF($H19="","",IF(AND(X$3<>"",$H19<=X$3,$J19>=X$3),"■","")) | Y19: =IF($H19="","",IF(AND(Y$3<>"",$H19<=Y$3,$J19>=Y$3),"■","")) | Z19: =IF($H19="","",IF(AND(Z$3<>"",$H19<=Z$3,$J19>=Z$3),"■","")) | ... AW19: =IF($H19="","",IF(AND(AW$3<>"",$H19<=AW$3,$J19>=AW$3),"■",""))
I20: =IFERROR(INDEX('④설정'!$E$7:$E$16,MATCH(C20,'④설정'!$D$7:$D$16,0)),"") | J20: =IF(OR($H20="",$I20=""),"",WORKDAY($H20,$I20-1)) | K20: =IF($J20="","",IF($F20="완료","완료",$J20-'④설정'!$B$1)) | L20: =IF($J20="","",IF($F20="완료","✅완료",IF($J20<'④설정'!$B$1,"🔴지연",IF($J20<='④설정'!$B$1+2,"🔴임박",IF($J20<='④설정'!$B$1+5,"🟡주의","🟢여유"))))) | Q20: =IF(SUM(M20:P20)=0,"",SUM(M20:P20)) | R20: =IF(Q20="","",Q20/'④설정'!$B$3) | S20: =IF($H20="","",IF(AND(S$3<>"",$H20<=S$3,$J20>=S$3),"■","")) | T20: =IF($H20="","",IF(AND(T$3<>"",$H20<=T$3,$J20>=T$3),"■","")) | U20: =IF($H20="","",IF(AND(U$3<>"",$H20<=U$3,$J20>=U$3),"■","")) | V20: =IF($H20="","",IF(AND(V$3<>"",$H20<=V$3,$J20>=V$3),"■","")) | W20: =IF($H20="","",IF(AND(W$3<>"",$H20<=W$3,$J20>=W$3),"■","")) | X20: =IF($H20="","",IF(AND(X$3<>"",$H20<=X$3,$J20>=X$3),"■","")) | Y20: =IF($H20="","",IF(AND(Y$3<>"",$H20<=Y$3,$J20>=Y$3),"■","")) | Z20: =IF($H20="","",IF(AND(Z$3<>"",$H20<=Z$3,$J20>=Z$3),"■","")) | ... AW20: =IF($H20="","",IF(AND(AW$3<>"",$H20<=AW$3,$J20>=AW$3),"■",""))
I21: =IFERROR(INDEX('④설정'!$E$7:$E$16,MATCH(C21,'④설정'!$D$7:$D$16,0)),"") | J21: =IF(OR($H21="",$I21=""),"",WORKDAY($H21,$I21-1)) | K21: =IF($J21="","",IF($F21="완료","완료",$J21-'④설정'!$B$1)) | L21: =IF($J21="","",IF($F21="완료","✅완료",IF($J21<'④설정'!$B$1,"🔴지연",IF($J21<='④설정'!$B$1+2,"🔴임박",IF($J21<='④설정'!$B$1+5,"🟡주의","🟢여유"))))) | Q21: =IF(SUM(M21:P21)=0,"",SUM(M21:P21)) | R21: =IF(Q21="","",Q21/'④설정'!$B$3) | S21: =IF($H21="","",IF(AND(S$3<>"",$H21<=S$3,$J21>=S$3),"■","")) | T21: =IF($H21="","",IF(AND(T$3<>"",$H21<=T$3,$J21>=T$3),"■","")) | U21: =IF($H21="","",IF(AND(U$3<>"",$H21<=U$3,$J21>=U$3),"■","")) | V21: =IF($H21="","",IF(AND(V$3<>"",$H21<=V$3,$J21>=V$3),"■","")) | W21: =IF($H21="","",IF(AND(W$3<>"",$H21<=W$3,$J21>=W$3),"■","")) | X21: =IF($H21="","",IF(AND(X$3<>"",$H21<=X$3,$J21>=X$3),"■","")) | Y21: =IF($H21="","",IF(AND(Y$3<>"",$H21<=Y$3,$J21>=Y$3),"■","")) | Z21: =IF($H21="","",IF(AND(Z$3<>"",$H21<=Z$3,$J21>=Z$3),"■","")) | ... AW21: =IF($H21="","",IF(AND(AW$3<>"",$H21<=AW$3,$J21>=AW$3),"■",""))
... I48: =IFERROR(INDEX('④설정'!$E$7:$E$16,MATCH(C48,'④설정'!$D$7:$D$16,0)),"") | J48: =IF(OR($H48="",$I48=""),"",WORKDAY($H48,$I48-1)) | K48: =IF($J48="","",IF($F48="완료","완료",$J48-'④설정'!$B$1)) | L48: =IF($J48="","",IF($F48="완료","✅완료",IF($J48<'④설정'!$B$1,"🔴지연",IF($J48<='④설정'!$B$1+2,"🔴임박",IF($J48<='④설정'!$B$1+5,"🟡주의","🟢여유"))))) | Q48: =IF(SUM(M48:P48)=0,"",SUM(M48:P48)) | R48: =IF(Q48="","",Q48/'④설정'!$B$3) | S48: =IF($H48="","",IF(AND(S$3<>"",$H48<=S$3,$J48>=S$3),"■","")) | T48: =IF($H48="","",IF(AND(T$3<>"",$H48<=T$3,$J48>=T$3),"■","")) | U48: =IF($H48="","",IF(AND(U$3<>"",$H48<=U$3,$J48>=U$3),"■","")) | V48: =IF($H48="","",IF(AND(V$3<>"",$H48<=V$3,$J48>=V$3),"■","")) | W48: =IF($H48="","",IF(AND(W$3<>"",$H48<=W$3,$J48>=W$3),"■","")) | X48: =IF($H48="","",IF(AND(X$3<>"",$H48<=X$3,$J48>=X$3),"■","")) | Y48: =IF($H48="","",IF(AND(Y$3<>"",$H48<=Y$3,$J48>=Y$3),"■","")) | Z48: =IF($H48="","",IF(AND(Z$3<>"",$H48<=Z$3,$J48>=Z$3),"■","")) | ... AW48: =IF($H48="","",IF(AND(AW$3<>"",$H48<=AW$3,$J48>=AW$3),"■",""))

Sheet ③실별현황
A1: 실·팀별 리소스 현황 (대상월 기준 · 자동집계)
A2: 대상 월 | B2: ='④설정'!B2
A3: 실·팀 | B3: 월 캐파(MD) | C3: 투입 MD | D3: 가동률 | E3: 잔여 MD | F3: 투입 MM | G3: 진행중 | H3: 지연
A4: 기획실 | B4: ='④설정'!J7 | C4: =SUMIFS('②업무마스터'!$M$4:$M$48,'②업무마스터'!$J$4:$J$48,">="&'④설정'!$B$2,'②업무마스터'!$J$4:$J$48,"<="&DATE(YEAR('④설정'!$B$2),MONTH('④설정'!$B$2)+1,0)) | D4: =IFERROR(C4/B4,0) | E4: =B4-C4 | F4: =C4/'④설정'!$B$3 | G4: =COUNTIFS('②업무마스터'!$E$4:$E$48,A4,'②업무마스터'!$F$4:$F$48,"진행중") | H4: =SUMPRODUCT(('②업무마스터'!$E$4:$E$48=A4)*('②업무마스터'!$J$4:$J$48<>"")*('②업무마스터'!$J$4:$J$48<'④설정'!$B$1)*('②업무마스터'!$F$4:$F$48<>"완료"))
A5: 디자인실 | B5: ='④설정'!J8 | C5: =SUMIFS('②업무마스터'!$N$4:$N$48,'②업무마스터'!$J$4:$J$48,">="&'④설정'!$B$2,'②업무마스터'!$J$4:$J$48,"<="&DATE(YEAR('④설정'!$B$2),MONTH('④설정'!$B$2)+1,0)) | D5: =IFERROR(C5/B5,0) | E5: =B5-C5 | F5: =C5/'④설정'!$B$3 | G5: =COUNTIFS('②업무마스터'!$E$4:$E$48,A5,'②업무마스터'!$F$4:$F$48,"진행중") | H5: =SUMPRODUCT(('②업무마스터'!$E$4:$E$48=A5)*('②업무마스터'!$J$4:$J$48<>"")*('②업무마스터'!$J$4:$J$48<'④설정'!$B$1)*('②업무마스터'!$F$4:$F$48<>"완료"))
A6: MAX실(영상) | B6: ='④설정'!J9 | C6: =SUMIFS('②업무마스터'!$O$4:$O$48,'②업무마스터'!$J$4:$J$48,">="&'④설정'!$B$2,'②업무마스터'!$J$4:$J$48,"<="&DATE(YEAR('④설정'!$B$2),MONTH('④설정'!$B$2)+1,0)) | D6: =IFERROR(C6/B6,0) | E6: =B6-C6 | F6: =C6/'④설정'!$B$3 | G6: =COUNTIFS('②업무마스터'!$E$4:$E$48,A6,'②업무마스터'!$F$4:$F$48,"진행중") | H6: =SUMPRODUCT(('②업무마스터'!$E$4:$E$48=A6)*('②업무마스터'!$J$4:$J$48<>"")*('②업무마스터'!$J$4:$J$48<'④설정'!$B$1)*('②업무마스터'!$F$4:$F$48<>"완료"))
A7: VINA(영상+이미지) | B7: ='④설정'!J10+'④설정'!J11 | C7: =SUMIFS('②업무마스터'!$P$4:$P$48,'②업무마스터'!$J$4:$J$48,">="&'④설정'!$B$2,'②업무마스터'!$J$4:$J$48,"<="&DATE(YEAR('④설정'!$B$2),MONTH('④설정'!$B$2)+1,0)) | D7: =IFERROR(C7/B7,0) | E7: =B7-C7 | F7: =C7/'④설정'!$B$3 | G7: =COUNTIFS('②업무마스터'!$E$4:$E$48,A7,'②업무마스터'!$F$4:$F$48,"진행중") | H7: =SUMPRODUCT(('②업무마스터'!$E$4:$E$48=A7)*('②업무마스터'!$J$4:$J$48<>"")*('②업무마스터'!$J$4:$J$48<'④설정'!$B$1)*('②업무마스터'!$F$4:$F$48<>"완료"))
A8: 합계 | B8: =SUM(B4:B7) | C8: =SUM(C4:C7) | D8: =IFERROR(C8/B8,0) | E8: =SUM(E4:E7) | F8: =SUM(F4:F7) | G8: =SUM(G4:G7) | H8: =SUM(H4:H7)
A10: 가동률 100%↑ 🔴과부하 · 80~100% 🟡타이트 · ~80% 🟢여유

Sheet ④설정
A1: 기준일 (오늘·자동) | B1: =TODAY()
A2: 대상 월 (1일 날짜 입력) | B2: 46204
A3: 월 환산기준 (MD/MM) | B3: 20
A5: ■ 시간 → MD 환산 (근무 1일 = 1.0MD = 8시간) | D5: ■ 업무유형별 표준 소요일 (영업일) — 마감 자동계산 근거 | G5: ■ 실·팀별 월 캐파 (인원 × 1인 캐파) | L5: ■ 상태값 | N5: ■ 비나(VINA) 운영 시나리오
A6: 시간 | B6: MD | D6: 업무유형 | E6: 표준소요일 | G6: 실·팀 | H6: 인원(TO) | I6: 1인월캐파(MD) | J6: 실 월캐파(MD) | L6: 대기 | N6: 현재 적용 시나리오 (1~4) | O6: 1
A7: 1h | B7: 0.125 | D7: 시안(신규) | E7: 4 | G7: 기획실 | H7: 2 | I7: 20 | J7: =H7*I7 | L7: 진행중 | N7: 1 | O7: 기획+내부디자인+비나영상 : 공수%로 기획/디자인/MAX 각각 분배
A8: 2h | B8: 0.25 | D8: 사이즈베리 | E8: 1 | G8: 디자인실 | H8: 4 | I8: 20 | J8: =H8*I8 | L8: 검수 | N8: 2 | O8: 비나=베리만 : 영상 사이즈베리는 디자인실이 진행
A9: 3h | B9: 0.375 | D9: 다국어베리 | E9: 1 | G9: MAX실(영상) | H9: 3 | I9: 20 | J9: =H9*I9 | L9: 보류 | N9: 3 | O9: 비나 이미지팀 TO 추가발주 : 영상 전담 배치(추가비 발생)
A10: 4h | B10: 0.5 | D10: 컬러베리 | E10: 1 | G10: VINA영상 | H10: 2 | I10: 20 | J10: =H10*I10 | L10: 완료 | N10: 4 | O10: 본사형 : 비나 영상팀+이미지팀 협업 (이미지 TO 추가 X)
A11: 5h | B11: 0.625 | D11: 수정 | E11: 1 | G11: VINA이미지 | H11: 2 | I11: 20 | J11: =H11*I11
A12: 6h | B12: 0.75 | D12: 슬림이벤트 | E12: 2
A13: 7h | B13: 0.875 | D13: 베이직이벤트 | E13: 4
A14: 8h | B14: 1 | D14: 스페셜이벤트 | E14: 6
D15: 영상제작(신규) | E15: 5
A16: ※ 노란칸만 입력. 나머지는 자동계산. | D16: 영상베리(사이즈) | E16: 2

Sheet ⑤비나시뮬
A1: 비나(VINA) 활용 시나리오 · 금액/공수 배분 시뮬레이터
A3: ■ 입력 (노란칸)
A4: 영상 프로젝트 총 견적(원) | B4: 92000000
A5: 기획 공수 비중 | B5: 0.2
A6: 디자인 공수 비중 | B6: 0.3
A7: 영상 공수 비중 | B7: 0.5
A8: 비나 이미지 TO 추가발주비(원) | B8: 8000000
A9: 합계 비중(=100% 확인) | B9: =B5+B6+B7
A11: ■ 시나리오별 실 배분 (금액)
A12: 시나리오 | B12: 기획실 | C12: 디자인실 | D12: MAX실(영상) | E12: VINA 정산 | F12: 추가발주 | G12: 합계검증
A13: ① 공수 %분배 | B13: =$B$4*$B$5 | C13: =$B$4*$B$6 | D13: =$B$4*$B$7 | E13: 0 | F13: 0 | G13: =B13+C13+D13+F13
A14: ② 비나=베리만 | B14: =$B$4*$B$5 | C14: =$B$4*$B$6+$B$4*$B$7*0.3 | D14: =$B$4*$B$7*0.7 | E14: 0 | F14: 0 | G14: =B14+C14+D14+F14
A15: ③ 이미지TO 추가발주 | B15: =$B$4*$B$5 | C15: =$B$4*$B$6 | D15: =$B$4*$B$7 | E15: 0 | F15: =$B$8 | G15: =B15+C15+D15+F15
A16: ④ 본사형(협업) | B16: =$B$4*$B$5 | C16: =$B$4*$B$6 | D16: =$B$4*$B$7 | E16: =$B$4*$B$7*0.4 | F16: 0 | G16: =B16+C16+D16+F16
A18: ※ E열(VINA 정산)은 MAX실 금액 내부에서 비나에 지급되는 참고값(총액 합산 제외). ④본사형은 MAX실이 비나 협업으로 소화(추가발주 X).
A19: ※ 현재 [④설정]에서 선택한 시나리오 번호에 맞는 행을 실 배분 기준으로 사용.
