Workbook

Sheet 사용법
B2: AI 파이프라인 통합 리소스/스케줄 관리시트 v11
B3: 한 소재 = 3줄 고정(기획/이미지/영상). 소재명·전달일은 첫줄만 입력하고 아래 2줄은 자동 상속됩니다.
B5: 1. 입력 규칙 - 어디에 뭘 넣나
B6: 블록 첫줄(기획 줄) | C6: 게임 타이틀 · 소재명 · 고객사 전달일 · 영상수/사이즈베리/다국어베리 · 상태. 이 6가지는 첫줄에만 넣습니다.
B7: 모든 줄 | C7: 담당자 + 오른쪽 날짜 칸의 MD. 직군마다 담당자가 다르므로 줄마다 각자 입력합니다.
B8: 자동 상속(회색칸) | C8: 2·3줄의 게임타이틀/소재명/전달일은 첫줄을 그대로 따라옵니다. 수식이니 덮어쓰지 마세요.
B9: 직군 칸 | C9: 기획/이미지/영상이 미리 고정돼 있습니다. 안 쓰는 직군은 담당자·MD를 비워두면 집계에서 자동 제외됩니다.
B11: 2. MD 입력 - 날짜 칸에 실제 값 그대로
B12: 직접 입력 | C12: 그날 실제 투입 MD를 그 날짜 칸에 씁니다. 균등분산이 아닙니다. 예) 8/5 기획 0.5 / 8/5 이미지 0.4 / 8/6 영상 1.0 / 8/7 영상 1.0
B13: 자동 계산 | C13: 직군MD·시작일·완료일은 그 줄에 넣은 날짜에서 자동으로 나옵니다. 소재 총MD와 최종완료일은 3줄을 묶어 첫줄에 표시됩니다.
B14: 시간→MD | C14: 1h=0.13 / 2h=0.25 / 4h=0.5 / 8h=1.0 (근무 1일 = 1.0MD)
B16: 3. 고객사 전달일 - 이 시트의 기준선
B17: 전달일 여유 | C17: 전달일 - 소재 최종완료일. 음수면 전달일을 넘긴 겁니다.
B18: 신호 | C18: 🔴지연(여유 음수) / 🟡임박(0~1일) / 🟢여유(2일 이상). 소재 블록 첫줄에 뜹니다.
B19: 빨간 날짜 칸 | C19: 전달일보다 뒤인 날짜에 MD를 넣으면 그 칸이 빨갛게 변합니다. 전달일을 넘겨 작업 중이라는 뜻입니다.
B21: 4. 색으로 보는 신호
B22: 파랑(상단) | C22: 그 직군 정원(TO)의 80~100%가 찬 날
B23: 보라(상단) | C23: 정원 초과 - 배정 조율 필요
B24: 빨강(날짜칸) | C24: 같은 담당자가 같은 날 여러 소재 합쳐 1.0MD(8시간)를 넘김, 또는 전달일을 넘겨 작업 중
B25: 회색(세로줄) | C25: 주말 또는 대한민국 공휴일 - 워킹데이 아님
B26: 줄 배경색 | C26: 기획=주황 / 이미지=초록 / 영상=파랑 계열로 직군을 구분합니다.
B28: 5. 용량과 구조
B29: 팀별 구간 | C29: 마케팅1~4팀 + 기타. 팀당 소재 20개(60행) 고정, 전체 월 100소재.
B30: 행이 모자라면 | C30: 그 팀 구간 안에서 3줄 단위로 삽입하고, 상단 합계와 연간요약의 참조 범위를 함께 넓혀야 합니다.
B31: 연간요약 | C31: 12개 월 탭에서 직접 집계합니다. 입력은 각 월 탭에서만 하세요.

Sheet 마스터
A1: 마스터 / 기준정보
A2: 게임 타이틀 | C2: 고객팀 | E2: 직군 | G2: 상태 | I2: 운영 파라미터 | J2: 값
A3: 뱀피르 | C3: 마케팅1팀 | E3: 기획 | G3: 대기 | I3: 연도 | J3: 2026
A4: RF 글로벌 | C4: 마케팅2팀 | E4: 이미지 | G4: 진행 | I4: 월 가동일수 | J4: 20
A5: SOL 인챈트 | C5: 마케팅3팀 | E5: 영상 | G5: 검수 | I5: 담당자 1일 캐파(MD) | J5: 1
A6: 스톤에이지펫월드 | C6: 마케팅4팀 | G6: 완료
A7: 칠대죄오리진 | C7: 기타 | I7: 직군 일 TO 정원 | J7: 명
A8: 세나리버스 | I8: 영상 | J8: 6
A9: 몬길 | I9: 이미지 | J9: 8
A10: 왕겜(GOT) | I10: 기획 | J10: 3
A11: 몬스터길들이기
A12: 라이즈오브 | I12: 대한민국 공휴일 (연도별 확인/수정 필요) | J12: 날짜
I13: 신정 | J13: =DATE($J$3,1,1)
I14: 설날연휴 | J14: =DATE($J$3,2,16)
I15: 설날 | J15: =DATE($J$3,2,17)
I16: 설날연휴 | J16: =DATE($J$3,2,18)
I17: 삼일절(대체) | J17: =DATE($J$3,3,2)
I18: 어린이날 | J18: =DATE($J$3,5,5)
I19: 부처님오신날(음력,확인필요) | J19: =DATE($J$3,5,24)
I20: 현충일 | J20: =DATE($J$3,6,6)
I21: 광복절 | J21: =DATE($J$3,8,15)
I22: 추석연휴(음력,확인필요) | J22: =DATE($J$3,9,24)
I23: 추석(음력,확인필요) | J23: =DATE($J$3,9,25)
I24: 추석연휴(음력,확인필요) | J24: =DATE($J$3,9,26)
I25: 개천절 | J25: =DATE($J$3,10,3)
I26: 한글날 | J26: =DATE($J$3,10,9)
I27: 성탄절 | J27: =DATE($J$3,12,25)
A30: 비나(VINA) 운영 시나리오 (참고)
A31: 방안 1 | C31: 기획+내부디자인+비나영상 - 비나 영상공수는 영상실 매출 귀속
A32: 방안 2 | C32: 비나=사이즈베리만 - 영상 베리는 디자인 흡수
A33: 방안 3 | C33: 비나 이미지TO 추가발주+추가비용
A34: 방안 4 | C34: 본사 프로세스 통합(이미지TO 추가X)

Sheet 연간요약
B2: 연간요약 - 월별 / 누적 / 가동률
B3: 각 월 탭에서 직접 집계합니다. 입력은 해당 월 탭에서만 하세요.
B5: 월 | C5: 영상MD | D5: 이미지MD | E5: 기획MD | F5: 합계MD | G5: 누적MD | H5: 영상수 | I5: 사이즈베리 | J5: 다국어베리 | K5: 소재수 | L5: 가동률
B6: 1월 | C6: =SUMIF('1월'!$E$9:$E$312,"영상",'1월'!$L$9:$L$312) | D6: =SUMIF('1월'!$E$9:$E$312,"이미지",'1월'!$L$9:$L$312) | E6: =SUMIF('1월'!$E$9:$E$312,"기획",'1월'!$L$9:$L$312) | F6: =SUM(C6:E6) | G6: =SUM($F$6:F6) | H6: =SUM('1월'!$O$9:$O$312) | I6: =SUM('1월'!$P$9:$P$312) | J6: =SUM('1월'!$Q$9:$Q$312) | K6: =COUNTIF('1월'!$A$9:$A$312,">0") | L6: =IFERROR(F6/(SUM('마스터'!$J$8:$J$10)*'마스터'!$J$4),0)
B7: 2월 | C7: =SUMIF('2월'!$E$9:$E$312,"영상",'2월'!$L$9:$L$312) | D7: =SUMIF('2월'!$E$9:$E$312,"이미지",'2월'!$L$9:$L$312) | E7: =SUMIF('2월'!$E$9:$E$312,"기획",'2월'!$L$9:$L$312) | F7: =SUM(C7:E7) | G7: =SUM($F$6:F7) | H7: =SUM('2월'!$O$9:$O$312) | I7: =SUM('2월'!$P$9:$P$312) | J7: =SUM('2월'!$Q$9:$Q$312) | K7: =COUNTIF('2월'!$A$9:$A$312,">0") | L7: =IFERROR(F7/(SUM('마스터'!$J$8:$J$10)*'마스터'!$J$4),0)
B8: 3월 | C8: =SUMIF('3월'!$E$9:$E$312,"영상",'3월'!$L$9:$L$312) | D8: =SUMIF('3월'!$E$9:$E$312,"이미지",'3월'!$L$9:$L$312) | E8: =SUMIF('3월'!$E$9:$E$312,"기획",'3월'!$L$9:$L$312) | F8: =SUM(C8:E8) | G8: =SUM($F$6:F8) | H8: =SUM('3월'!$O$9:$O$312) | I8: =SUM('3월'!$P$9:$P$312) | J8: =SUM('3월'!$Q$9:$Q$312) | K8: =COUNTIF('3월'!$A$9:$A$312,">0") | L8: =IFERROR(F8/(SUM('마스터'!$J$8:$J$10)*'마스터'!$J$4),0)
B9: 4월 | C9: =SUMIF('4월'!$E$9:$E$312,"영상",'4월'!$L$9:$L$312) | D9: =SUMIF('4월'!$E$9:$E$312,"이미지",'4월'!$L$9:$L$312) | E9: =SUMIF('4월'!$E$9:$E$312,"기획",'4월'!$L$9:$L$312) | F9: =SUM(C9:E9) | G9: =SUM($F$6:F9) | H9: =SUM('4월'!$O$9:$O$312) | I9: =SUM('4월'!$P$9:$P$312) | J9: =SUM('4월'!$Q$9:$Q$312) | K9: =COUNTIF('4월'!$A$9:$A$312,">0") | L9: =IFERROR(F9/(SUM('마스터'!$J$8:$J$10)*'마스터'!$J$4),0)
B10: 5월 | C10: =SUMIF('5월'!$E$9:$E$312,"영상",'5월'!$L$9:$L$312) | D10: =SUMIF('5월'!$E$9:$E$312,"이미지",'5월'!$L$9:$L$312) | E10: =SUMIF('5월'!$E$9:$E$312,"기획",'5월'!$L$9:$L$312) | F10: =SUM(C10:E10) | G10: =SUM($F$6:F10) | H10: =SUM('5월'!$O$9:$O$312) | I10: =SUM('5월'!$P$9:$P$312) | J10: =SUM('5월'!$Q$9:$Q$312) | K10: =COUNTIF('5월'!$A$9:$A$312,">0") | L10: =IFERROR(F10/(SUM('마스터'!$J$8:$J$10)*'마스터'!$J$4),0)
B11: 6월 | C11: =SUMIF('6월'!$E$9:$E$312,"영상",'6월'!$L$9:$L$312) | D11: =SUMIF('6월'!$E$9:$E$312,"이미지",'6월'!$L$9:$L$312) | E11: =SUMIF('6월'!$E$9:$E$312,"기획",'6월'!$L$9:$L$312) | F11: =SUM(C11:E11) | G11: =SUM($F$6:F11) | H11: =SUM('6월'!$O$9:$O$312) | I11: =SUM('6월'!$P$9:$P$312) | J11: =SUM('6월'!$Q$9:$Q$312) | K11: =COUNTIF('6월'!$A$9:$A$312,">0") | L11: =IFERROR(F11/(SUM('마스터'!$J$8:$J$10)*'마스터'!$J$4),0)
B12: 7월 | C12: =SUMIF('7월'!$E$9:$E$312,"영상",'7월'!$L$9:$L$312) | D12: =SUMIF('7월'!$E$9:$E$312,"이미지",'7월'!$L$9:$L$312) | E12: =SUMIF('7월'!$E$9:$E$312,"기획",'7월'!$L$9:$L$312) | F12: =SUM(C12:E12) | G12: =SUM($F$6:F12) | H12: =SUM('7월'!$O$9:$O$312) | I12: =SUM('7월'!$P$9:$P$312) | J12: =SUM('7월'!$Q$9:$Q$312) | K12: =COUNTIF('7월'!$A$9:$A$312,">0") | L12: =IFERROR(F12/(SUM('마스터'!$J$8:$J$10)*'마스터'!$J$4),0)
B13: 8월 | C13: =SUMIF('8월'!$E$9:$E$312,"영상",'8월'!$L$9:$L$312) | D13: =SUMIF('8월'!$E$9:$E$312,"이미지",'8월'!$L$9:$L$312) | E13: =SUMIF('8월'!$E$9:$E$312,"기획",'8월'!$L$9:$L$312) | F13: =SUM(C13:E13) | G13: =SUM($F$6:F13) | H13: =SUM('8월'!$O$9:$O$312) | I13: =SUM('8월'!$P$9:$P$312) | J13: =SUM('8월'!$Q$9:$Q$312) | K13: =COUNTIF('8월'!$A$9:$A$312,">0") | L13: =IFERROR(F13/(SUM('마스터'!$J$8:$J$10)*'마스터'!$J$4),0)
B14: 9월 | C14: =SUMIF('9월'!$E$9:$E$312,"영상",'9월'!$L$9:$L$312) | D14: =SUMIF('9월'!$E$9:$E$312,"이미지",'9월'!$L$9:$L$312) | E14: =SUMIF('9월'!$E$9:$E$312,"기획",'9월'!$L$9:$L$312) | F14: =SUM(C14:E14) | G14: =SUM($F$6:F14) | H14: =SUM('9월'!$O$9:$O$312) | I14: =SUM('9월'!$P$9:$P$312) | J14: =SUM('9월'!$Q$9:$Q$312) | K14: =COUNTIF('9월'!$A$9:$A$312,">0") | L14: =IFERROR(F14/(SUM('마스터'!$J$8:$J$10)*'마스터'!$J$4),0)
B15: 10월 | C15: =SUMIF('10월'!$E$9:$E$312,"영상",'10월'!$L$9:$L$312) | D15: =SUMIF('10월'!$E$9:$E$312,"이미지",'10월'!$L$9:$L$312) | E15: =SUMIF('10월'!$E$9:$E$312,"기획",'10월'!$L$9:$L$312) | F15: =SUM(C15:E15) | G15: =SUM($F$6:F15) | H15: =SUM('10월'!$O$9:$O$312) | I15: =SUM('10월'!$P$9:$P$312) | J15: =SUM('10월'!$Q$9:$Q$312) | K15: =COUNTIF('10월'!$A$9:$A$312,">0") | L15: =IFERROR(F15/(SUM('마스터'!$J$8:$J$10)*'마스터'!$J$4),0)
B16: 11월 | C16: =SUMIF('11월'!$E$9:$E$312,"영상",'11월'!$L$9:$L$312) | D16: =SUMIF('11월'!$E$9:$E$312,"이미지",'11월'!$L$9:$L$312) | E16: =SUMIF('11월'!$E$9:$E$312,"기획",'11월'!$L$9:$L$312) | F16: =SUM(C16:E16) | G16: =SUM($F$6:F16) | H16: =SUM('11월'!$O$9:$O$312) | I16: =SUM('11월'!$P$9:$P$312) | J16: =SUM('11월'!$Q$9:$Q$312) | K16: =COUNTIF('11월'!$A$9:$A$312,">0") | L16: =IFERROR(F16/(SUM('마스터'!$J$8:$J$10)*'마스터'!$J$4),0)
B17: 12월 | C17: =SUMIF('12월'!$E$9:$E$312,"영상",'12월'!$L$9:$L$312) | D17: =SUMIF('12월'!$E$9:$E$312,"이미지",'12월'!$L$9:$L$312) | E17: =SUMIF('12월'!$E$9:$E$312,"기획",'12월'!$L$9:$L$312) | F17: =SUM(C17:E17) | G17: =SUM($F$6:F17) | H17: =SUM('12월'!$O$9:$O$312) | I17: =SUM('12월'!$P$9:$P$312) | J17: =SUM('12월'!$Q$9:$Q$312) | K17: =COUNTIF('12월'!$A$9:$A$312,">0") | L17: =IFERROR(F17/(SUM('마스터'!$J$8:$J$10)*'마스터'!$J$4),0)
B18: 연간 합계 | C18: =SUM(C6:C17) | D18: =SUM(D6:D17) | E18: =SUM(E6:E17) | F18: =SUM(F6:F17) | G18: =F18 | H18: =SUM(H6:H17) | I18: =SUM(I6:I17) | J18: =SUM(J6:J17) | K18: =SUM(K6:K17) | L18: =IFERROR(F18/(SUM('마스터'!$J$8:$J$10)*'마스터'!$J$4*12),0)
B20: 상반기(1~6월) | C20: =SUM(C6:C11) | D20: =SUM(D6:D11) | E20: =SUM(E6:E11) | F20: =SUM(F6:F11) | H20: =SUM(H6:H11) | I20: =SUM(I6:I11) | J20: =SUM(J6:J11) | K20: =SUM(K6:K11)
B21: 하반기(7~12월) | C21: =SUM(C12:C17) | D21: =SUM(D12:D17) | E21: =SUM(E12:E17) | F21: =SUM(F12:F17) | H21: =SUM(H12:H17) | I21: =SUM(I12:I17) | J21: =SUM(J12:J17) | K21: =SUM(K12:K17)

Sheet 1월
A1: 1월 소재 정보 (소재 1개 = 기획/이미지/영상 3줄) | G1: 고객사 전달일 기준 (자동) | L1: 직군별 집계 (자동) | O1: 수량 (소재당 1번) | R1: 관리 | U1: 1월 간트 - 날짜 칸에 실제 MD 직접 입력 | 상단 4줄 = 일자별 직군 TO 상태
A2: No | B2: 게임 타이틀 | C2: 고객팀 | D2: 소재명(업무명) | E2: 직군 | F2: 담당자 | G2: 고객사 전달일 | H2: 신호 | I2: 전달일 여유 | J2: 소재 총MD | K2: 소재 최종완료 | L2: 직군 MD | M2: 직군 시작일 | N2: 직군 완료일 | O2: 영상 수 | P2: 사이즈 베리 | Q2: 다국어 베리 | R2: 상태 | S2: 비고 | U2: =IF(MONTH(DATE('마스터'!$J$3,1,1)+0)=1,DATE('마스터'!$J$3,1,1)+0,"") | V2: =IF(MONTH(DATE('마스터'!$J$3,1,1)+1)=1,DATE('마스터'!$J$3,1,1)+1,"") | W2: =IF(MONTH(DATE('마스터'!$J$3,1,1)+2)=1,DATE('마스터'!$J$3,1,1)+2,"") | X2: =IF(MONTH(DATE('마스터'!$J$3,1,1)+3)=1,DATE('마스터'!$J$3,1,1)+3,"") | Y2: =IF(MONTH(DATE('마스터'!$J$3,1,1)+4)=1,DATE('마스터'!$J$3,1,1)+4,"") | Z2: =IF(MONTH(DATE('마스터'!$J$3,1,1)+5)=1,DATE('마스터'!$J$3,1,1)+5,"") | AA2: =IF(MONTH(DATE('마스터'!$J$3,1,1)+6)=1,DATE('마스터'!$J$3,1,1)+6,"") | AB2: =IF(MONTH(DATE('마스터'!$J$3,1,1)+7)=1,DATE('마스터'!$J$3,1,1)+7,"") | AC2: =IF(MONTH(DATE('마스터'!$J$3,1,1)+8)=1,DATE('마스터'!$J$3,1,1)+8,"") | AD2: =IF(MONTH(DATE('마스터'!$J$3,1,1)+9)=1,DATE('마스터'!$J$3,1,1)+9,"") | AE2: =IF(MONTH(DATE('마스터'!$J$3,1,1)+10)=1,DATE('마스터'!$J$3,1,1)+10,"") | AF2: =IF(MONTH(DATE('마스터'!$J$3,1,1)+11)=1,DATE('마스터'!$J$3,1,1)+11,"") | AG2: =IF(MONTH(DATE('마스터'!$J$3,1,1)+12)=1,DATE('마스터'!$J$3,1,1)+12,"") | AH2: =IF(MONTH(DATE('마스터'!$J$3,1,1)+13)=1,DATE('마스터'!$J$3,1,1)+13,"") | AI2: =IF(MONTH(DATE('마스터'!$J$3,1,1)+14)=1,DATE('마스터'!$J$3,1,1)+14,"") | AJ2: =IF(MONTH(DATE('마스터'!$J$3,1,1)+15)=1,DATE('마스터'!$J$3,1,1)+15,"") | AK2: =IF(MONTH(DATE('마스터'!$J$3,1,1)+16)=1,DATE('마스터'!$J$3,1,1)+16,"") | AL2: =IF(MONTH(DATE('마스터'!$J$3,1,1)+17)=1,DATE('마스터'!$J$3,1,1)+17,"") | AM2: =IF(MONTH(DATE('마스터'!$J$3,1,1)+18)=1,DATE('마스터'!$J$3,1,1)+18,"") | AN2: =IF(MONTH(DATE('마스터'!$J$3,1,1)+19)=1,DATE('마스터'!$J$3,1,1)+19,"") | AO2: =IF(MONTH(DATE('마스터'!$J$3,1,1)+20)=1,DATE('마스터'!$J$3,1,1)+20,"") | AP2: =IF(MONTH(DATE('마스터'!$J$3,1,1)+21)=1,DATE('마스터'!$J$3,1,1)+21,"") | AQ2: =IF(MONTH(DATE('마스터'!$J$3,1,1)+22)=1,DATE('마스터'!$J$3,1,1)+22,"") | AR2: =IF(MONTH(DATE('마스터'!$J$3,1,1)+23)=1,DATE('마스터'!$J$3,1,1)+23,"") | AS2: =IF(MONTH(DATE('마스터'!$J$3,1,1)+24)=1,DATE('마스터'!$J$3,1,1)+24,"") | AT2: =IF(MONTH(DATE('마스터'!$J$3,1,1)+25)=1,DATE('마스터'!$J$3,1,1)+25,"") | AU2: =IF(MONTH(DATE('마스터'!$J$3,1,1)+26)=1,DATE('마스터'!$J$3,1,1)+26,"") | AV2: =IF(MONTH(DATE('마스터'!$J$3,1,1)+27)=1,DATE('마스터'!$J$3,1,1)+27,"") | AW2: =IF(MONTH(DATE('마스터'!$J$3,1,1)+28)=1,DATE('마스터'!$J$3,1,1)+28,"") | AX2: =IF(MONTH(DATE('마스터'!$J$3,1,1)+29)=1,DATE('마스터'!$J$3,1,1)+29,"") | AY2: =IF(MONTH(DATE('마스터'!$J$3,1,1)+30)=1,DATE('마스터'!$J$3,1,1)+30,"")
A3: 전체 TO (일자별 부하) | G3: 정원 | H3: =SUM('마스터'!$J$8:$J$10) | U3: =SUM(U$9:U$312) | V3: =SUM(V$9:V$312) | W3: =SUM(W$9:W$312) | X3: =SUM(X$9:X$312) | Y3: =SUM(Y$9:Y$312) | Z3: =SUM(Z$9:Z$312) | AA3: =SUM(AA$9:AA$312) | AB3: =SUM(AB$9:AB$312) | ... AY3: =SUM(AY$9:AY$312)
A4: 영상 TO | G4: 정원 | H4: ='마스터'!$J$8 | U4: =SUMIF($E$9:$E$312,"영상",U$9:U$312) | V4: =SUMIF($E$9:$E$312,"영상",V$9:V$312) | W4: =SUMIF($E$9:$E$312,"영상",W$9:W$312) | X4: =SUMIF($E$9:$E$312,"영상",X$9:X$312) | Y4: =SUMIF($E$9:$E$312,"영상",Y$9:Y$312) | Z4: =SUMIF($E$9:$E$312,"영상",Z$9:Z$312) | AA4: =SUMIF($E$9:$E$312,"영상",AA$9:AA$312) | AB4: =SUMIF($E$9:$E$312,"영상",AB$9:AB$312) | ... AY4: =SUMIF($E$9:$E$312,"영상",AY$9:AY$312)
A5: 이미지 TO | G5: 정원 | H5: ='마스터'!$J$9 | U5: =SUMIF($E$9:$E$312,"이미지",U$9:U$312) | V5: =SUMIF($E$9:$E$312,"이미지",V$9:V$312) | W5: =SUMIF($E$9:$E$312,"이미지",W$9:W$312) | X5: =SUMIF($E$9:$E$312,"이미지",X$9:X$312) | Y5: =SUMIF($E$9:$E$312,"이미지",Y$9:Y$312) | Z5: =SUMIF($E$9:$E$312,"이미지",Z$9:Z$312) | AA5: =SUMIF($E$9:$E$312,"이미지",AA$9:AA$312) | AB5: =SUMIF($E$9:$E$312,"이미지",AB$9:AB$312) | ... AY5: =SUMIF($E$9:$E$312,"이미지",AY$9:AY$312)
A6: 기획 TO | G6: 정원 | H6: ='마스터'!$J$10 | U6: =SUMIF($E$9:$E$312,"기획",U$9:U$312) | V6: =SUMIF($E$9:$E$312,"기획",V$9:V$312) | W6: =SUMIF($E$9:$E$312,"기획",W$9:W$312) | X6: =SUMIF($E$9:$E$312,"기획",X$9:X$312) | Y6: =SUMIF($E$9:$E$312,"기획",Y$9:Y$312) | Z6: =SUMIF($E$9:$E$312,"기획",Z$9:Z$312) | AA6: =SUMIF($E$9:$E$312,"기획",AA$9:AA$312) | AB6: =SUMIF($E$9:$E$312,"기획",AB$9:AB$312) | ... AY6: =SUMIF($E$9:$E$312,"기획",AY$9:AY$312)
A7: ▼ 아래부터 입력. 노란칸=직접 입력 / 회색칸=자동(건드리지 마세요)
A8: 마케팅1팀 (9~68행 · 소재 20개)
A9: =IF($D$9="","",1) | C9: 마케팅1팀 | E9: 기획 | H9: =IF($I$9="","",IF($I$9<0,"🔴지연",IF($I$9<=1,"🟡임박","🟢여유"))) | I9: =IF(OR($G$9="",$K$9=""),"",$G$9-$K$9) | J9: =IF(SUM($L$9:$L$11)=0,"",SUM($L$9:$L$11)) | K9: =IF($J$9="","",MAX($N$9:$N$11)) | L9: =IF(SUM(U9:AY9)=0,"",SUM(U9:AY9)) | M9: =IFERROR(INDEX(U$2:AY$2,MATCH(TRUE,INDEX(U9:AY9<>"",0),0)),"") | N9: =IFERROR(LOOKUP(2,1/(U9:AY9<>""),U$2:AY$2),"")
B10: =IF($B$9="","",$B$9) | C10: 마케팅1팀 | D10: =IF($D$9="","",$D$9) | E10: 이미지 | G10: =IF($G$9="","",$G$9) | L10: =IF(SUM(U10:AY10)=0,"",SUM(U10:AY10)) | M10: =IFERROR(INDEX(U$2:AY$2,MATCH(TRUE,INDEX(U10:AY10<>"",0),0)),"") | N10: =IFERROR(LOOKUP(2,1/(U10:AY10<>""),U$2:AY$2),"")
B11: =IF($B$9="","",$B$9) | C11: 마케팅1팀 | D11: =IF($D$9="","",$D$9) | E11: 영상 | G11: =IF($G$9="","",$G$9) | L11: =IF(SUM(U11:AY11)=0,"",SUM(U11:AY11)) | M11: =IFERROR(INDEX(U$2:AY$2,MATCH(TRUE,INDEX(U11:AY11<>"",0),0)),"") | N11: =IFERROR(LOOKUP(2,1/(U11:AY11<>""),U$2:AY$2),"")
A12: =IF($D$12="","",2) | C12: 마케팅1팀 | E12: 기획 | H12: =IF($I$12="","",IF($I$12<0,"🔴지연",IF($I$12<=1,"🟡임박","🟢여유"))) | I12: =IF(OR($G$12="",$K$12=""),"",$G$12-$K$12) | J12: =IF(SUM($L$12:$L$14)=0,"",SUM($L$12:$L$14)) | K12: =IF($J$12="","",MAX($N$12:$N$14)) | L12: =IF(SUM(U12:AY12)=0,"",SUM(U12:AY12)) | M12: =IFERROR(INDEX(U$2:AY$2,MATCH(TRUE,INDEX(U12:AY12<>"",0),0)),"") | N12: =IFERROR(LOOKUP(2,1/(U12:AY12<>""),U$2:AY$2),"")
B13: =IF($B$12="","",$B$12) | C13: 마케팅1팀 | D13: =IF($D$12="","",$D$12) | E13: 이미지 | G13: =IF($G$12="","",$G$12) | L13: =IF(SUM(U13:AY13)=0,"",SUM(U13:AY13)) | M13: =IFERROR(INDEX(U$2:AY$2,MATCH(TRUE,INDEX(U13:AY13<>"",0),0)),"") | N13: =IFERROR(LOOKUP(2,1/(U13:AY13<>""),U$2:AY$2),"")
B14: =IF($B$12="","",$B$12) | C14: 마케팅1팀 | D14: =IF($D$12="","",$D$12) | E14: 영상 | G14: =IF($G$12="","",$G$12) | L14: =IF(SUM(U14:AY14)=0,"",SUM(U14:AY14)) | M14: =IFERROR(INDEX(U$2:AY$2,MATCH(TRUE,INDEX(U14:AY14<>"",0),0)),"") | N14: =IFERROR(LOOKUP(2,1/(U14:AY14<>""),U$2:AY$2),"")
A15: =IF($D$15="","",3) | C15: 마케팅1팀 | E15: 기획 | H15: =IF($I$15="","",IF($I$15<0,"🔴지연",IF($I$15<=1,"🟡임박","🟢여유"))) | I15: =IF(OR($G$15="",$K$15=""),"",$G$15-$K$15) | J15: =IF(SUM($L$15:$L$17)=0,"",SUM($L$15:$L$17)) | K15: =IF($J$15="","",MAX($N$15:$N$17)) | L15: =IF(SUM(U15:AY15)=0,"",SUM(U15:AY15)) | M15: =IFERROR(INDEX(U$2:AY$2,MATCH(TRUE,INDEX(U15:AY15<>"",0),0)),"") | N15: =IFERROR(LOOKUP(2,1/(U15:AY15<>""),U$2:AY$2),"")
B16: =IF($B$15="","",$B$15) | C16: 마케팅1팀 | D16: =IF($D$15="","",$D$15) | E16: 이미지 | G16: =IF($G$15="","",$G$15) | L16: =IF(SUM(U16:AY16)=0,"",SUM(U16:AY16)) | M16: =IFERROR(INDEX(U$2:AY$2,MATCH(TRUE,INDEX(U16:AY16<>"",0),0)),"") | N16: =IFERROR(LOOKUP(2,1/(U16:AY16<>""),U$2:AY$2),"")
B17: =IF($B$15="","",$B$15) | C17: 마케팅1팀 | D17: =IF($D$15="","",$D$15) | E17: 영상 | G17: =IF($G$15="","",$G$15) | L17: =IF(SUM(U17:AY17)=0,"",SUM(U17:AY17)) | M17: =IFERROR(INDEX(U$2:AY$2,MATCH(TRUE,INDEX(U17:AY17<>"",0),0)),"") | N17: =IFERROR(LOOKUP(2,1/(U17:AY17<>""),U$2:AY$2),"")
A18: =IF($D$18="","",4) | C18: 마케팅1팀 | E18: 기획 | H18: =IF($I$18="","",IF($I$18<0,"🔴지연",IF($I$18<=1,"🟡임박","🟢여유"))) | I18: =IF(OR($G$18="",$K$18=""),"",$G$18-$K$18) | J18: =IF(SUM($L$18:$L$20)=0,"",SUM($L$18:$L$20)) | K18: =IF($J$18="","",MAX($N$18:$N$20)) | L18: =IF(SUM(U18:AY18)=0,"",SUM(U18:AY18)) | M18: =IFERROR(INDEX(U$2:AY$2,MATCH(TRUE,INDEX(U18:AY18<>"",0),0)),"") | N18: =IFERROR(LOOKUP(2,1/(U18:AY18<>""),U$2:AY$2),"")
B19: =IF($B$18="","",$B$18) | C19: 마케팅1팀 | D19: =IF($D$18="","",$D$18) | E19: 이미지 | G19: =IF($G$18="","",$G$18) | L19: =IF(SUM(U19:AY19)=0,"",SUM(U19:AY19)) | M19: =IFERROR(INDEX(U$2:AY$2,MATCH(TRUE,INDEX(U19:AY19<>"",0),0)),"") | N19: =IFERROR(LOOKUP(2,1/(U19:AY19<>""),U$2:AY$2),"")
B20: =IF($B$18="","",$B$18) | C20: 마케팅1팀 | D20: =IF($D$18="","",$D$18) | E20: 영상 | G20: =IF($G$18="","",$G$18) | L20: =IF(SUM(U20:AY20)=0,"",SUM(U20:AY20)) | M20: =IFERROR(INDEX(U$2:AY$2,MATCH(TRUE,INDEX(U20:AY20<>"",0),0)),"") | N20: =IFERROR(LOOKUP(2,1/(U20:AY20<>""),U$2:AY$2),"")
A21: =IF($D$21="","",5) | C21: 마케팅1팀 | E21: 기획 | H21: =IF($I$21="","",IF($I$21<0,"🔴지연",IF($I$21<=1,"🟡임박","🟢여유"))) | I21: =IF(OR($G$21="",$K$21=""),"",$G$21-$K$21) | J21: =IF(SUM($L$21:$L$23)=0,"",SUM($L$21:$L$23)) | K21: =IF($J$21="","",MAX($N$21:$N$23)) | L21: =IF(SUM(U21:AY21)=0,"",SUM(U21:AY21)) | M21: =IFERROR(INDEX(U$2:AY$2,MATCH(TRUE,INDEX(U21:AY21<>"",0),0)),"") | N21: =IFERROR(LOOKUP(2,1/(U21:AY21<>""),U$2:AY$2),"")
B22: =IF($B$21="","",$B$21) | C22: 마케팅1팀 | D22: =IF($D$21="","",$D$21) | E22: 이미지 | G22: =IF($G$21="","",$G$21) | L22: =IF(SUM(U22:AY22)=0,"",SUM(U22:AY22)) | M22: =IFERROR(INDEX(U$2:AY$2,MATCH(TRUE,INDEX(U22:AY22<>"",0),0)),"") | N22: =IFERROR(LOOKUP(2,1/(U22:AY22<>""),U$2:AY$2),"")
B23: =IF($B$21="","",$B$21) | C23: 마케팅1팀 | D23: =IF($D$21="","",$D$21) | E23: 영상 | G23: =IF($G$21="","",$G$21) | L23: =IF(SUM(U23:AY23)=0,"",SUM(U23:AY23)) | M23: =IFERROR(INDEX(U$2:AY$2,MATCH(TRUE,INDEX(U23:AY23<>"",0),0)),"") | N23: =IFERROR(LOOKUP(2,1/(U23:AY23<>""),U$2:AY$2),"")
A24: =IF($D$24="","",6) | C24: 마케팅1팀 | E24: 기획 | H24: =IF($I$24="","",IF($I$24<0,"🔴지연",IF($I$24<=1,"🟡임박","🟢여유"))) | I24: =IF(OR($G$24="",$K$24=""),"",$G$24-$K$24) | J24: =IF(SUM($L$24:$L$26)=0,"",SUM($L$24:$L$26)) | K24: =IF($J$24="","",MAX($N$24:$N$26)) | L24: =IF(SUM(U24:AY24)=0,"",SUM(U24:AY24)) | M24: =IFERROR(INDEX(U$2:AY$2,MATCH(TRUE,INDEX(U24:AY24<>"",0),0)),"") | N24: =IFERROR(LOOKUP(2,1/(U24:AY24<>""),U$2:AY$2),"")
B25: =IF($B$24="","",$B$24) | C25: 마케팅1팀 | D25: =IF($D$24="","",$D$24) | E25: 이미지 | G25: =IF($G$24="","",$G$24) | L25: =IF(SUM(U25:AY25)=0,"",SUM(U25:AY25)) | M25: =IFERROR(INDEX(U$2:AY$2,MATCH(TRUE,INDEX(U25:AY25<>"",0),0)),"") | N25: =IFERROR(LOOKUP(2,1/(U25:AY25<>""),U$2:AY$2),"")
B26: =IF($B$24="","",$B$24) | C26: 마케팅1팀 | D26: =IF($D$24="","",$D$24) | E26: 영상 | G26: =IF($G$24="","",$G$24) | L26: =IF(SUM(U26:AY26)=0,"",SUM(U26:AY26)) | M26: =IFERROR(INDEX(U$2:AY$2,MATCH(TRUE,INDEX(U26:AY26<>"",0),0)),"") | N26: =IFERROR(LOOKUP(2,1/(U26:AY26<>""),U$2:AY$2),"")
A27: =IF($D$27="","",7) | C27: 마케팅1팀 | E27: 기획 | H27: =IF($I$27="","",IF($I$27<0,"🔴지연",IF($I$27<=1,"🟡임박","🟢여유"))) | I27: =IF(OR($G$27="",$K$27=""),"",$G$27-$K$27) | J27: =IF(SUM($L$27:$L$29)=0,"",SUM($L$27:$L$29)) | K27: =IF($J$27="","",MAX($N$27:$N$29)) | L27: =IF(SUM(U27:AY27)=0,"",SUM(U27:AY27)) | M27: =IFERROR(INDEX(U$2:AY$2,MATCH(TRUE,INDEX(U27:AY27<>"",0),0)),"") | N27: =IFERROR(LOOKUP(2,1/(U27:AY27<>""),U$2:AY$2),"")
B28: =IF($B$27="","",$B$27) | C28: 마케팅1팀 | D28: =IF($D$27="","",$D$27) | E28: 이미지 | G28: =IF($G$27="","",$G$27) | L28: =IF(SUM(U28:AY28)=0,"",SUM(U28:AY28)) | M28: =IFERROR(INDEX(U$2:AY$2,MATCH(TRUE,INDEX(U28:AY28<>"",0),0)),"") | N28: =IFERROR(LOOKUP(2,1/(U28:AY28<>""),U$2:AY$2),"")
B29: =IF($B$27="","",$B$27) | C29: 마케팅1팀 | D29: =IF($D$27="","",$D$27) | E29: 영상 | G29: =IF($G$27="","",$G$27) | L29: =IF(SUM(U29:AY29)=0,"",SUM(U29:AY29)) | M29: =IFERROR(INDEX(U$2:AY$2,MATCH(TRUE,INDEX(U29:AY29<>"",0),0)),"") | N29: =IFERROR(LOOKUP(2,1/(U29:AY29<>""),U$2:AY$2),"")
A30: =IF($D$30="","",8) | C30: 마케팅1팀 | E30: 기획 | H30: =IF($I$30="","",IF($I$30<0,"🔴지연",IF($I$30<=1,"🟡임박","🟢여유"))) | I30: =IF(OR($G$30="",$K$30=""),"",$G$30-$K$30) | J30: =IF(SUM($L$30:$L$32)=0,"",SUM($L$30:$L$32)) | K30: =IF($J$30="","",MAX($N$30:$N$32)) | L30: =IF(SUM(U30:AY30)=0,"",SUM(U30:AY30)) | M30: =IFERROR(INDEX(U$2:AY$2,MATCH(TRUE,INDEX(U30:AY30<>"",0),0)),"") | N30: =IFERROR(LOOKUP(2,1/(U30:AY30<>""),U$2:AY$2),"")
B31: =IF($B$30="","",$B$30) | C31: 마케팅1팀 | D31: =IF($D$30="","",$D$30) | E31: 이미지 | G31: =IF($G$30="","",$G$30) | L31: =IF(SUM(U31:AY31)=0,"",SUM(U31:AY31)) | M31: =IFERROR(INDEX(U$2:AY$2,MATCH(TRUE,INDEX(U31:AY31<>"",0),0)),"") | N31: =IFERROR(LOOKUP(2,1/(U31:AY31<>""),U$2:AY$2),"")
B32: =IF($B$30="","",$B$30) | C32: 마케팅1팀 | D32: =IF($D$30="","",$D$30) | E32: 영상 | G32: =IF($G$30="","",$G$30) | L32: =IF(SUM(U32:AY32)=0,"",SUM(U32:AY32)) | M32: =IFERROR(INDEX(U$2:AY$2,MATCH(TRUE,INDEX(U32:AY32<>"",0),0)),"") | N32: =IFERROR(LOOKUP(2,1/(U32:AY32<>""),U$2:AY$2),"")
A33: =IF($D$33="","",9) | C33: 마케팅1팀 | E33: 기획 | H33: =IF($I$33="","",IF($I$33<0,"🔴지연",IF($I$33<=1,"🟡임박","🟢여유"))) | I33: =IF(OR($G$33="",$K$33=""),"",$G$33-$K$33) | J33: =IF(SUM($L$33:$L$35)=0,"",SUM($L$33:$L$35)) | K33: =IF($J$33="","",MAX($N$33:$N$35)) | L33: =IF(SUM(U33:AY33)=0,"",SUM(U33:AY33)) | M33: =IFERROR(INDEX(U$2:AY$2,MATCH(TRUE,INDEX(U33:AY33<>"",0),0)),"") | N33: =IFERROR(LOOKUP(2,1/(U33:AY33<>""),U$2:AY$2),"")
B34: =IF($B$33="","",$B$33) | C34: 마케팅1팀 | D34: =IF($D$33="","",$D$33) | E34: 이미지 | G34: =IF($G$33="","",$G$33) | L34: =IF(SUM(U34:AY34)=0,"",SUM(U34:AY34)) | M34: =IFERROR(INDEX(U$2:AY$2,MATCH(TRUE,INDEX(U34:AY34<>"",0),0)),"") | N34: =IFERROR(LOOKUP(2,1/(U34:AY34<>""),U$2:AY$2),"")
B35: =IF($B$33="","",$B$33) | C35: 마케팅1팀 | D35: =IF($D$33="","",$D$33) | E35: 영상 | G35: =IF($G$33="","",$G$33) | L35: =IF(SUM(U35:AY35)=0,"",SUM(U35:AY35)) | M35: =IFERROR(INDEX(U$2:AY$2,MATCH(TRUE,INDEX(U35:AY35<>"",0),0)),"") | N35: =IFERROR(LOOKUP(2,1/(U35:AY35<>""),U$2:AY$2),"")
A36: =IF($D$36="","",10) | C36: 마케팅1팀 | E36: 기획 | H36: =IF($I$36="","",IF($I$36<0,"🔴지연",IF($I$36<=1,"🟡임박","🟢여유"))) | I36: =IF(OR($G$36="",$K$36=""),"",$G$36-$K$36) | J36: =IF(SUM($L$36:$L$38)=0,"",SUM($L$36:$L$38)) | K36: =IF($J$36="","",MAX($N$36:$N$38)) | L36: =IF(SUM(U36:AY36)=0,"",SUM(U36:AY36)) | M36: =IFERROR(INDEX(U$2:AY$2,MATCH(TRUE,INDEX(U36:AY36<>"",0),0)),"") | N36: =IFERROR(LOOKUP(2,1/(U36:AY36<>""),U$2:AY$2),"")
B37: =IF($B$36="","",$B$36) | C37: 마케팅1팀 | D37: =IF($D$36="","",$D$36) | E37: 이미지 | G37: =IF($G$36="","",$G$36) | L37: =IF(SUM(U37:AY37)=0,"",SUM(U37:AY37)) | M37: =IFERROR(INDEX(U$2:AY$2,MATCH(TRUE,INDEX(U37:AY37<>"",0),0)),"") | N37: =IFERROR(LOOKUP(2,1/(U37:AY37<>""),U$2:AY$2),"")
B38: =IF($B$36="","",$B$36) | C38: 마케팅1팀 | D38: =IF($D$36="","",$D$36) | E38: 영상 | G38: =IF($G$36="","",$G$36) | L38: =IF(SUM(U38:AY38)=0,"",SUM(U38:AY38)) | M38: =IFERROR(INDEX(U$2:AY$2,MATCH(TRUE,INDEX(U38:AY38<>"",0),0)),"") | N38: =IFERROR(LOOKUP(2,1/(U38:AY38<>""),U$2:AY$2),"")
A39: =IF($D$39="","",11) | C39: 마케팅1팀 | E39: 기획 | H39: =IF($I$39="","",IF($I$39<0,"🔴지연",IF($I$39<=1,"🟡임박","🟢여유"))) | I39: =IF(OR($G$39="",$K$39=""),"",$G$39-$K$39) | J39: =IF(SUM($L$39:$L$41)=0,"",SUM($L$39:$L$41)) | K39: =IF($J$39="","",MAX($N$39:$N$41)) | L39: =IF(SUM(U39:AY39)=0,"",SUM(U39:AY39)) | M39: =IFERROR(INDEX(U$2:AY$2,MATCH(TRUE,INDEX(U39:AY39<>"",0),0)),"") | N39: =IFERROR(LOOKUP(2,1/(U39:AY39<>""),U$2:AY$2),"")
B40: =IF($B$39="","",$B$39) | C40: 마케팅1팀 | D40: =IF($D$39="","",$D$39) | E40: 이미지 | G40: =IF($G$39="","",$G$39) | L40: =IF(SUM(U40:AY40)=0,"",SUM(U40:AY40)) | M40: =IFERROR(INDEX(U$2:AY$2,MATCH(TRUE,INDEX(U40:AY40<>"",0),0)),"") | N40: =IFERROR(LOOKUP(2,1/(U40:AY40<>""),U$2:AY$2),"")
B41: =IF($B$39="","",$B$39) | C41: 마케팅1팀 | D41: =IF($D$39="","",$D$39) | E41: 영상 | G41: =IF($G$39="","",$G$39) | L41: =IF(SUM(U41:AY41)=0,"",SUM(U41:AY41)) | M41: =IFERROR(INDEX(U$2:AY$2,MATCH(TRUE,INDEX(U41:AY41<>"",0),0)),"") | N41: =IFERROR(LOOKUP(2,1/(U41:AY41<>""),U$2:AY$2),"")
A42: =IF($D$42="","",12) | C42: 마케팅1팀 | E42: 기획 | H42: =IF($I$42="","",IF($I$42<0,"🔴지연",IF($I$42<=1,"🟡임박","🟢여유"))) | I42: =IF(OR($G$42="",$K$42=""),"",$G$42-$K$42) | J42: =IF(SUM($L$42:$L$44)=0,"",SUM($L$42:$L$44)) | K42: =IF($J$42="","",MAX($N$42:$N$44)) | L42: =IF(SUM(U42:AY42)=0,"",SUM(U42:AY42)) | M42: =IFERROR(INDEX(U$2:AY$2,MATCH(TRUE,INDEX(U42:AY42<>"",0),0)),"") | N42: =IFERROR(LOOKUP(2,1/(U42:AY42<>""),U$2:AY$2),"")
B43: =IF($B$42="","",$B$42) | C43: 마케팅1팀 | D43: =IF($D$42="","",$D$42) | E43: 이미지 | G43: =IF($G$42="","",$G$42) | L43: =IF(SUM(U43:AY43)=0,"",SUM(U43:AY43)) | M43: =IFERROR(INDEX(U$2:AY$2,MATCH(TRUE,INDEX(U43:AY43<>"",0),0)),"") | N43: =IFERROR(LOOKUP(2,1/(U43:AY43<>""),U$2:AY$2),"")
B44: =IF($B$42="","",$B$42) | C44: 마케팅1팀 | D44: =IF($D$42="","",$D$42) | E44: 영상 | G44: =IF($G$42="","",$G$42) | L44: =IF(SUM(U44:AY44)=0,"",SUM(U44:AY44)) | M44: =IFERROR(INDEX(U$2:AY$2,MATCH(TRUE,INDEX(U44:AY44<>"",0),0)),"") | N44: =IFERROR(LOOKUP(2,1/(U44:AY44<>""),U$2:AY$2),"")
A45: =IF($D$45="","",13) | C45: 마케팅1팀 | E45: 기획 | H45: =IF($I$45="","",IF($I$45<0,"🔴지연",IF($I$45<=1,"🟡임박","🟢여유"))) | I45: =IF(OR($G$45="",$K$45=""),"",$G$45-$K$45) | J45: =IF(SUM($L$45:$L$47)=0,"",SUM($L$45:$L$47)) | K45: =IF($J$45="","",MAX($N$45:$N$47)) | L45: =IF(SUM(U45:AY45)=0,"",SUM(U45:AY45)) | M45: =IFERROR(INDEX(U$2:AY$2,MATCH(TRUE,INDEX(U45:AY45<>"",0),0)),"") | N45: =IFERROR(LOOKUP(2,1/(U45:AY45<>""),U$2:AY$2),"")
B46: =IF($B$45="","",$B$45) | C46: 마케팅1팀 | D46: =IF($D$45="","",$D$45) | E46: 이미지 | G46: =IF($G$45="","",$G$45) | L46: =IF(SUM(U46:AY46)=0,"",SUM(U46:AY46)) | M46: =IFERROR(INDEX(U$2:AY$2,MATCH(TRUE,INDEX(U46:AY46<>"",0),0)),"") | N46: =IFERROR(LOOKUP(2,1/(U46:AY46<>""),U$2:AY$2),"")
B47: =IF($B$45="","",$B$45) | C47: 마케팅1팀 | D47: =IF($D$45="","",$D$45) | E47: 영상 | G47: =IF($G$45="","",$G$45) | L47: =IF(SUM(U47:AY47)=0,"",SUM(U47:AY47)) | M47: =IFERROR(INDEX(U$2:AY$2,MATCH(TRUE,INDEX(U47:AY47<>"",0),0)),"") | N47: =IFERROR(LOOKUP(2,1/(U47:AY47<>""),U$2:AY$2),"")
A48: =IF($D$48="","",14) | C48: 마케팅1팀 | E48: 기획 | H48: =IF($I$48="","",IF($I$48<0,"🔴지연",IF($I$48<=1,"🟡임박","🟢여유"))) | I48: =IF(OR($G$48="",$K$48=""),"",$G$48-$K$48) | J48: =IF(SUM($L$48:$L$50)=0,"",SUM($L$48:$L$50)) | K48: =IF($J$48="","",MAX($N$48:$N$50)) | L48: =IF(SUM(U48:AY48)=0,"",SUM(U48:AY48)) | M48: =IFERROR(INDEX(U$2:AY$2,MATCH(TRUE,INDEX(U48:AY48<>"",0),0)),"") | N48: =IFERROR(LOOKUP(2,1/(U48:AY48<>""),U$2:AY$2),"")
B49: =IF($B$48="","",$B$48) | C49: 마케팅1팀 | D49: =IF($D$48="","",$D$48) | E49: 이미지 | G49: =IF($G$48="","",$G$48) | L49: =IF(SUM(U49:AY49)=0,"",SUM(U49:AY49)) | M49: =IFERROR(INDEX(U$2:AY$2,MATCH(TRUE,INDEX(U49:AY49<>"",0),0)),"") | N49: =IFERROR(LOOKUP(2,1/(U49:AY49<>""),U$2:AY$2),"")
B50: =IF($B$48="","",$B$48) | C50: 마케팅1팀 | D50: =IF($D$48="","",$D$48) | E50: 영상 | G50: =IF($G$48="","",$G$48) | L50: =IF(SUM(U50:AY50)=0,"",SUM(U50:AY50)) | M50: =IFERROR(INDEX(U$2:AY$2,MATCH(TRUE,INDEX(U50:AY50<>"",0),0)),"") | N50: =IFERROR(LOOKUP(2,1/(U50:AY50<>""),U$2:AY$2),"")
A51: =IF($D$51="","",15) | C51: 마케팅1팀 | E51: 기획 | H51: =IF($I$51="","",IF($I$51<0,"🔴지연",IF($I$51<=1,"🟡임박","🟢여유"))) | I51: =IF(OR($G$51="",$K$51=""),"",$G$51-$K$51) | J51: =IF(SUM($L$51:$L$53)=0,"",SUM($L$51:$L$53)) | K51: =IF($J$51="","",MAX($N$51:$N$53)) | L51: =IF(SUM(U51:AY51)=0,"",SUM(U51:AY51)) | M51: =IFERROR(INDEX(U$2:AY$2,MATCH(TRUE,INDEX(U51:AY51<>"",0),0)),"") | N51: =IFERROR(LOOKUP(2,1/(U51:AY51<>""),U$2:AY$2),"")
B52: =IF($B$51="","",$B$51) | C52: 마케팅1팀 | D52: =IF($D$51="","",$D$51) | E52: 이미지 | G52: =IF($G$51="","",$G$51) | L52: =IF(SUM(U52:AY52)=0,"",SUM(U52:AY52)) | M52: =IFERROR(INDEX(U$2:AY$2,MATCH(TRUE,INDEX(U52:AY52<>"",0),0)),"") | N52: =IFERROR(LOOKUP(2,1/(U52:AY52<>""),U$2:AY$2),"")
B53: =IF($B$51="","",$B$51) | C53: 마케팅1팀 | D53: =IF($D$51="","",$D$51) | E53: 영상 | G53: =IF($G$51="","",$G$51) | L53: =IF(SUM(U53:AY53)=0,"",SUM(U53:AY53)) | M53: =IFERROR(INDEX(U$2:AY$2,MATCH(TRUE,INDEX(U53:AY53<>"",0),0)),"") | N53: =IFERROR(LOOKUP(2,1/(U53:AY53<>""),U$2:AY$2),"")
A54: =IF($D$54="","",16) | C54: 마케팅1팀 | E54: 기획 | H54: =IF($I$54="","",IF($I$54<0,"🔴지연",IF($I$54<=1,"🟡임박","🟢여유"))) | I54: =IF(OR($G$54="",$K$54=""),"",$G$54-$K$54) | J54: =IF(SUM($L$54:$L$56)=0,"",SUM($L$54:$L$56)) | K54: =IF($J$54="","",MAX($N$54:$N$56)) | L54: =IF(SUM(U54:AY54)=0,"",SUM(U54:AY54)) | M54: =IFERROR(INDEX(U$2:AY$2,MATCH(TRUE,INDEX(U54:AY54<>"",0),0)),"") | N54: =IFERROR(LOOKUP(2,1/(U54:AY54<>""),U$2:AY$2),"")
B55: =IF($B$54="","",$B$54) | C55: 마케팅1팀 | D55: =IF($D$54="","",$D$54) | E55: 이미지 | G55: =IF($G$54="","",$G$54) | L55: =IF(SUM(U55:AY55)=0,"",SUM(U55:AY55)) | M55: =IFERROR(INDEX(U$2:AY$2,MATCH(TRUE,INDEX(U55:AY55<>"",0),0)),"") | N55: =IFERROR(LOOKUP(2,1/(U55:AY55<>""),U$2:AY$2),"")
B56: =IF($B$54="","",$B$54) | C56: 마케팅1팀 | D56: =IF($D$54="","",$D$54) | E56: 영상 | G56: =IF($G$54="","",$G$54) | L56: =IF(SUM(U56:AY56)=0,"",SUM(U56:AY56)) | M56: =IFERROR(INDEX(U$2:AY$2,MATCH(TRUE,INDEX(U56:AY56<>"",0),0)),"") | N56: =IFERROR(LOOKUP(2,1/(U56:AY56<>""),U$2:AY$2),"")
A57: =IF($D$57="","",17) | C57: 마케팅1팀 | E57: 기획 | H57: =IF($I$57="","",IF($I$57<0,"🔴지연",IF($I$57<=1,"🟡임박","🟢여유"))) | I57: =IF(OR($G$57="",$K$57=""),"",$G$57-$K$57) | J57: =IF(SUM($L$57:$L$59)=0,"",SUM($L$57:$L$59)) | K57: =IF($J$57="","",MAX($N$57:$N$59)) | L57: =IF(SUM(U57:AY57)=0,"",SUM(U57:AY57)) | M57: =IFERROR(INDEX(U$2:AY$2,MATCH(TRUE,INDEX(U57:AY57<>"",0),0)),"") | N57: =IFERROR(LOOKUP(2,1/(U57:AY57<>""),U$2:AY$2),"")
B58: =IF($B$57="","",$B$57) | C58: 마케팅1팀 | D58: =IF($D$57="","",$D$57) | E58: 이미지 | G58: =IF($G$57="","",$G$57) | L58: =IF(SUM(U58:AY58)=0,"",SUM(U58:AY58)) | M58: =IFERROR(INDEX(U$2:AY$2,MATCH(TRUE,INDEX(U58:AY58<>"",0),0)),"") | N58: =IFERROR(LOOKUP(2,1/(U58:AY58<>""),U$2:AY$2),"")
B59: =IF($B$57="","",$B$57) | C59: 마케팅1팀 | D59: =IF($D$57="","",$D$57) | E59: 영상 | G59: =IF($G$57="","",$G$57) | L59: =IF(SUM(U59:AY59)=0,"",SUM(U59:AY59)) | M59: =IFERROR(INDEX(U$2:AY$2,MATCH(TRUE,INDEX(U59:AY59<>"",0),0)),"") | N59: =IFERROR(LOOKUP(2,1/(U59:AY59<>""),U$2:AY$2),"")
A60: =IF($D$60="","",18) | C60: 마케팅1팀 | E60: 기획 | H60: =IF($I$60="","",IF($I$60<0,"🔴지연",IF($I$60<=1,"🟡임박","🟢여유"))) | I60: =IF(OR($G$60="",$K$60=""),"",$G$60-$K$60) | J60: =IF(SUM($L$60:$L$62)=0,"",SUM($L$60:$L$62)) | K60: =IF($J$60="","",MAX($N$60:$N$62)) | L60: =IF(SUM(U60:AY60)=0,"",SUM(U60:AY60)) | M60: =IFERROR(INDEX(U$2:AY$2,MATCH(TRUE,INDEX(U60:AY60<>"",0),0)),"") | N60: =IFERROR(LOOKUP(2,1/(U60:AY60<>""),U$2:AY$2),"")
B61: =IF($B$60="","",$B$60) | C61: 마케팅1팀 | D61: =IF($D$60="","",$D$60) | E61: 이미지 | G61: =IF($G$60="","",$G$60) | L61: =IF(SUM(U61:AY61)=0,"",SUM(U61:AY61)) | M61: =IFERROR(INDEX(U$2:AY$2,MATCH(TRUE,INDEX(U61:AY61<>"",0),0)),"") | N61: =IFERROR(LOOKUP(2,1/(U61:AY61<>""),U$2:AY$2),"")
B62: =IF($B$60="","",$B$60) | C62: 마케팅1팀 | D62: =IF($D$60="","",$D$60) | E62: 영상 | G62: =IF($G$60="","",$G$60) | L62: =IF(SUM(U62:AY62)=0,"",SUM(U62:AY62)) | M62: =IFERROR(INDEX(U$2:AY$2,MATCH(TRUE,INDEX(U62:AY62<>"",0),0)),"") | N62: =IFERROR(LOOKUP(2,1/(U62:AY62<>""),U$2:AY$2),"")
A63: =IF($D$63="","",19) | C63: 마케팅1팀 | E63: 기획 | H63: =IF($I$63="","",IF($I$63<0,"🔴지연",IF($I$63<=1,"🟡임박","🟢여유"))) | I63: =IF(OR($G$63="",$K$63=""),"",$G$63-$K$63) | J63: =IF(SUM($L$63:$L$65)=0,"",SUM($L$63:$L$65)) | K63: =IF($J$63="","",MAX($N$63:$N$65)) | L63: =IF(SUM(U63:AY63)=0,"",SUM(U63:AY63)) | M63: =IFERROR(INDEX(U$2:AY$2,MATCH(TRUE,INDEX(U63:AY63<>"",0),0)),"") | N63: =IFERROR(LOOKUP(2,1/(U63:AY63<>""),U$2:AY$2),"")
B64: =IF($B$63="","",$B$63) | C64: 마케팅1팀 | D64: =IF($D$63="","",$D$63) | E64: 이미지 | G64: =IF($G$63="","",$G$63) | L64: =IF(SUM(U64:AY64)=0,"",SUM(U64:AY64)) | M64: =IFERROR(INDEX(U$2:AY$2,MATCH(TRUE,INDEX(U64:AY64<>"",0),0)),"") | N64: =IFERROR(LOOKUP(2,1/(U64:AY64<>""),U$2:AY$2),"")
B65: =IF($B$63="","",$B$63) | C65: 마케팅1팀 | D65: =IF($D$63="","",$D$63) | E65: 영상 | G65: =IF($G$63="","",$G$63) | L65: =IF(SUM(U65:AY65)=0,"",SUM(U65:AY65)) | M65: =IFERROR(INDEX(U$2:AY$2,MATCH(TRUE,INDEX(U65:AY65<>"",0),0)),"") | N65: =IFERROR(LOOKUP(2,1/(U65:AY65<>""),U$2:AY$2),"")
A66: =IF($D$66="","",20) | C66: 마케팅1팀 | E66: 기획 | H66: =IF($I$66="","",IF($I$66<0,"🔴지연",IF($I$66<=1,"🟡임박","🟢여유"))) | I66: =IF(OR($G$66="",$K$66=""),"",$G$66-$K$66) | J66: =IF(SUM($L$66:$L$68)=0,"",SUM($L$66:$L$68)) | K66: =IF($J$66="","",MAX($N$66:$N$68)) | L66: =IF(SUM(U66:AY66)=0,"",SUM(U66:AY66)) | M66: =IFERROR(INDEX(U$2:AY$2,MATCH(TRUE,INDEX(U66:AY66<>"",0),0)),"") | N66: =IFERROR(LOOKUP(2,1/(U66:AY66<>""),U$2:AY$2),"")
B67: =IF($B$66="","",$B$66) | C67: 마케팅1팀 | D67: =IF($D$66="","",$D$66) | E67: 이미지 | G67: =IF($G$66="","",$G$66) | L67: =IF(SUM(U67:AY67)=0,"",SUM(U67:AY67)) | M67: =IFERROR(INDEX(U$2:AY$2,MATCH(TRUE,INDEX(U67:AY67<>"",0),0)),"") | N67: =IFERROR(LOOKUP(2,1/(U67:AY67<>""),U$2:AY$2),"")
B68: =IF($B$66="","",$B$66) | C68: 마케팅1팀 | D68: =IF($D$66="","",$D$66) | E68: 영상 | G68: =IF($G$66="","",$G$66) | L68: =IF(SUM(U68:AY68)=0,"",SUM(U68:AY68)) | M68: =IFERROR(INDEX(U$2:AY$2,MATCH(TRUE,INDEX(U68:AY68<>"",0),0)),"") | N68: =IFERROR(LOOKUP(2,1/(U68:AY68<>""),U$2:AY$2),"")
A69: 마케팅2팀 (70~129행 · 소재 20개)
A70: =IF($D$70="","",21) | C70: 마케팅2팀 | E70: 기획 | H70: =IF($I$70="","",IF($I$70<0,"🔴지연",IF($I$70<=1,"🟡임박","🟢여유"))) | I70: =IF(OR($G$70="",$K$70=""),"",$G$70-$K$70) | J70: =IF(SUM($L$70:$L$72)=0,"",SUM($L$70:$L$72)) | K70: =IF($J$70="","",MAX($N$70:$N$72)) | L70: =IF(SUM(U70:AY70)=0,"",SUM(U70:AY70)) | M70: =IFERROR(INDEX(U$2:AY$2,MATCH(TRUE,INDEX(U70:AY70<>"",0),0)),"") | N70: =IFERROR(LOOKUP(2,1/(U70:AY70<>""),U$2:AY$2),"")
B71: =IF($B$70="","",$B$70) | C71: 마케팅2팀 | D71: =IF($D$70="","",$D$70) | E71: 이미지 | G71: =IF($G$70="","",$G$70) | L71: =IF(SUM(U71:AY71)=0,"",SUM(U71:AY71)) | M71: =IFERROR(INDEX(U$2:AY$2,MATCH(TRUE,INDEX(U71:AY71<>"",0),0)),"") | N71: =IFERROR(LOOKUP(2,1/(U71:AY71<>""),U$2:AY$2),"")
B72: =IF($B$70="","",$B$70) | C72: 마케팅2팀 | D72: =IF($D$70="","",$D$70) | E72: 영상 | G72: =IF($G$70="","",$G$70) | L72: =IF(SUM(U72:AY72)=0,"",SUM(U72:AY72)) | M72: =IFERROR(INDEX(U$2:AY$2,MATCH(TRUE,INDEX(U72:AY72<>"",0),0)),"") | N72: =IFERROR(LOOKUP(2,1/(U72:AY72<>""),U$2:AY$2),"")
A73: =IF($D$73="","",22) | C73: 마케팅2팀 | E73: 기획 | H73: =IF($I$73="","",IF($I$73<0,"🔴지연",IF($I$73<=1,"🟡임박","🟢여유"))) | I73: =IF(OR($G$73="",$K$73=""),"",$G$73-$K$73) | J73: =IF(SUM($L$73:$L$75)=0,"",SUM($L$73:$L$75)) | K73: =IF($J$73="","",MAX($N$73:$N$75)) | L73: =IF(SUM(U73:AY73)=0,"",SUM(U73:AY73)) | M73: =IFERROR(INDEX(U$2:AY$2,MATCH(TRUE,INDEX(U73:AY73<>"",0),0)),"") | N73: =IFERROR(LOOKUP(2,1/(U73:AY73<>""),U$2:AY$2),"")
B74: =IF($B$73="","",$B$73) | C74: 마케팅2팀 | D74: =IF($D$73="","",$D$73) | E74: 이미지 | G74: =IF($G$73="","",$G$73) | L74: =IF(SUM(U74:AY74)=0,"",SUM(U74:AY74)) | M74: =IFERROR(INDEX(U$2:AY$2,MATCH(TRUE,INDEX(U74:AY74<>"",0),0)),"") | N74: =IFERROR(LOOKUP(2,1/(U74:AY74<>""),U$2:AY$2),"")
B75: =IF($B$73="","",$B$73) | C75: 마케팅2팀 | D75: =IF($D$73="","",$D$73) | E75: 영상 | G75: =IF($G$73="","",$G$73) | L75: =IF(SUM(U75:AY75)=0,"",SUM(U75:AY75)) | M75: =IFERROR(INDEX(U$2:AY$2,MATCH(TRUE,INDEX(U75:AY75<>"",0),0)),"") | N75: =IFERROR(LOOKUP(2,1/(U75:AY75<>""),U$2:AY$2),"")
A76: =IF($D$76="","",23) | C76: 마케팅2팀 | E76: 기획 | H76: =IF($I$76="","",IF($I$76<0,"🔴지연",IF($I$76<=1,"🟡임박","🟢여유"))) | I76: =IF(OR($G$76="",$K$76=""),"",$G$76-$K$76) | J76: =IF(SUM($L$76:$L$78)=0,"",SUM($L$76:$L$78)) | K76: =IF($J$76="","",MAX($N$76:$N$78)) | L76: =IF(SUM(U76:AY76)=0,"",SUM(U76:AY76)) | M76: =IFERROR(INDEX(U$2:AY$2,MATCH(TRUE,INDEX(U76:AY76<>"",0),0)),"") | N76: =IFERROR(LOOKUP(2,1/(U76:AY76<>""),U$2:AY$2),"")
B77: =IF($B$76="","",$B$76) | C77: 마케팅2팀 | D77: =IF($D$76="","",$D$76) | E77: 이미지 | G77: =IF($G$76="","",$G$76) | L77: =IF(SUM(U77:AY77)=0,"",SUM(U77:AY77)) | M77: =IFERROR(INDEX(U$2:AY$2,MATCH(TRUE,INDEX(U77:AY77<>"",0),0)),"") | N77: =IFERROR(LOOKUP(2,1/(U77:AY77<>""),U$2:AY$2),"")
B78: =IF($B$76="","",$B$76) | C78: 마케팅2팀 | D78: =IF($D$76="","",$D$76) | E78: 영상 | G78: =IF($G$76="","",$G$76) | L78: =IF(SUM(U78:AY78)=0,"",SUM(U78:AY78)) | M78: =IFERROR(INDEX(U$2:AY$2,MATCH(TRUE,INDEX(U78:AY78<>"",0),0)),"") | N78: =IFERROR(LOOKUP(2,1/(U78:AY78<>""),U$2:AY$2),"")
A79: =IF($D$79="","",24) | C79: 마케팅2팀 | E79: 기획 | H79: =IF($I$79="","",IF($I$79<0,"🔴지연",IF($I$79<=1,"🟡임박","🟢여유"))) | I79: =IF(OR($G$79="",$K$79=""),"",$G$79-$K$79) | J79: =IF(SUM($L$79:$L$81)=0,"",SUM($L$79:$L$81)) | K79: =IF($J$79="","",MAX($N$79:$N$81)) | L79: =IF(SUM(U79:AY79)=0,"",SUM(U79:AY79)) | M79: =IFERROR(INDEX(U$2:AY$2,MATCH(TRUE,INDEX(U79:AY79<>"",0),0)),"") | N79: =IFERROR(LOOKUP(2,1/(U79:AY79<>""),U$2:AY$2),"")
B80: =IF($B$79="","",$B$79) | C80: 마케팅2팀 | D80: =IF($D$79="","",$D$79) | E80: 이미지 | G80: =IF($G$79="","",$G$79) | L80: =IF(SUM(U80:AY80)=0,"",SUM(U80:AY80)) | M80: =IFERROR(INDEX(U$2:AY$2,MATCH(TRUE,INDEX(U80:AY80<>"",0),0)),"") | N80: =IFERROR(LOOKUP(2,1/(U80:AY80<>""),U$2:AY$2),"")
B81: =IF($B$79="","",$B$79) | C81: 마케팅2팀 | D81: =IF($D$79="","",$D$79) | E81: 영상 | G81: =IF($G$79="","",$G$79) | L81: =IF(SUM(U81:AY81)=0,"",SUM(U81:AY81)) | M81: =IFERROR(INDEX(U$2:AY$2,MATCH(TRUE,INDEX(U81:AY81<>"",0),0)),"") | N81: =IFERROR(LOOKUP(2,1/(U81:AY81<>""),U$2:AY$2),"")
A82: =IF($D$82="","",25) | C82: 마케팅2팀 | E82: 기획 | H82: =IF($I$82="","",IF($I$82<0,"🔴지연",IF($I$82<=1,"🟡임박","🟢여유"))) | I82: =IF(OR($G$82="",$K$82=""),"",$G$82-$K$82) | J82: =IF(SUM($L$82:$L$84)=0,"",SUM($L$82:$L$84)) | K82: =IF($J$82="","",MAX($N$82:$N$84)) | L82: =IF(SUM(U82:AY82)=0,"",SUM(U82:AY82)) | M82: =IFERROR(INDEX(U$2:AY$2,MATCH(TRUE,INDEX(U82:AY82<>"",0),0)),"") | N82: =IFERROR(LOOKUP(2,1/(U82:AY82<>""),U$2:AY$2),"")
B83: =IF($B$82="","",$B$82) | C83: 마케팅2팀 | D83: =IF($D$82="","",$D$82) | E83: 이미지 | G83: =IF($G$82="","",$G$82) | L83: =IF(SUM(U83:AY83)=0,"",SUM(U83:AY83)) | M83: =IFERROR(INDEX(U$2:AY$2,MATCH(TRUE,INDEX(U83:AY83<>"",0),0)),"") | N83: =IFERROR(LOOKUP(2,1/(U83:AY83<>""),U$2:AY$2),"")
B84: =IF($B$82="","",$B$82) | C84: 마케팅2팀 | D84: =IF($D$82="","",$D$82) | E84: 영상 | G84: =IF($G$82="","",$G$82) | L84: =IF(SUM(U84:AY84)=0,"",SUM(U84:AY84)) | M84: =IFERROR(INDEX(U$2:AY$2,MATCH(TRUE,INDEX(U84:AY84<>"",0),0)),"") | N84: =IFERROR(LOOKUP(2,1/(U84:AY84<>""),U$2:AY$2),"")
A85: =IF($D$85="","",26) | C85: 마케팅2팀 | E85: 기획 | H85: =IF($I$85="","",IF($I$85<0,"🔴지연",IF($I$85<=1,"🟡임박","🟢여유"))) | I85: =IF(OR($G$85="",$K$85=""),"",$G$85-$K$85) | J85: =IF(SUM($L$85:$L$87)=0,"",SUM($L$85:$L$87)) | K85: =IF($J$85="","",MAX($N$85:$N$87)) | L85: =IF(SUM(U85:AY85)=0,"",SUM(U85:AY85)) | M85: =IFERROR(INDEX(U$2:AY$2,MATCH(TRUE,INDEX(U85:AY85<>"",0),0)),"") | N85: =IFERROR(LOOKUP(2,1/(U85:AY85<>""),U$2:AY$2),"")
B86: =IF($B$85="","",$B$85) | C86: 마케팅2팀 | D86: =IF($D$85="","",$D$85) | E86: 이미지 | G86: =IF($G$85="","",$G$85) | L86: =IF(SUM(U86:AY86)=0,"",SUM(U86:AY86)) | M86: =IFERROR(INDEX(U$2:AY$2,MATCH(TRUE,INDEX(U86:AY86<>"",0),0)),"") | N86: =IFERROR(LOOKUP(2,1/(U86:AY86<>""),U$2:AY$2),"")
B87: =IF($B$85="","",$B$85) | C87: 마케팅2팀 | D87: =IF($D$85="","",$D$85) | E87: 영상 | G87: =IF($G$85="","",$G$85) | L87: =IF(SUM(U87:AY87)=0,"",SUM(U87:AY87)) | M87: =IFERROR(INDEX(U$2:AY$2,MATCH(TRUE,INDEX(U87:AY87<>"",0),0)),"") | N87: =IFERROR(LOOKUP(2,1/(U87:AY87<>""),U$2:AY$2),"")
A88: =IF($D$88="","",27) | C88: 마케팅2팀 | E88: 기획 | H88: =IF($I$88="","",IF($I$88<0,"🔴지연",IF($I$88<=1,"🟡임박","🟢여유"))) | I88: =IF(OR($G$88="",$K$88=""),"",$G$88-$K$88) | J88: =IF(SUM($L$88:$L$90)=0,"",SUM($L$88:$L$90)) | K88: =IF($J$88="","",MAX($N$88:$N$90)) | L88: =IF(SUM(U88:AY88)=0,"",SUM(U88:AY88)) | M88: =IFERROR(INDEX(U$2:AY$2,MATCH(TRUE,INDEX(U88:AY88<>"",0),0)),"") | N88: =IFERROR(LOOKUP(2,1/(U88:AY88<>""),U$2:AY$2),"")
B89: =IF($B$88="","",$B$88) | C89: 마케팅2팀 | D89: =IF($D$88="","",$D$88) | E89: 이미지 | G89: =IF($G$88="","",$G$88) | L89: =IF(SUM(U89:AY89)=0,"",SUM(U89:AY89)) | M89: =IFERROR(INDEX(U$2:AY$2,MATCH(TRUE,INDEX(U89:AY89<>"",0),0)),"") | N89: =IFERROR(LOOKUP(2,1/(U89:AY89<>""),U$2:AY$2),"")
B90: =IF($B$88="","",$B$88) | C90: 마케팅2팀 | D90: =IF($D$88="","",$D$88) | E90: 영상 | G90: =IF($G$88="","",$G$88) | L90: =IF(SUM(U90:AY90)=0,"",SUM(U90:AY90)) | M90: =IFERROR(INDEX(U$2:AY$2,MATCH(TRUE,INDEX(U90:AY90<>"",0),0)),"") | N90: =IFERROR(LOOKUP(2,1/(U90:AY90<>""),U$2:AY$2),"")
A91: =IF($D$91="","",28) | C91: 마케팅2팀 | E91: 기획 | H91: =IF($I$91="","",IF($I$91<0,"🔴지연",IF($I$91<=1,"🟡임박","🟢여유"))) | I91: =IF(OR($G$91="",$K$91=""),"",$G$91-$K$91) | J91: =IF(SUM($L$91:$L$93)=0,"",SUM($L$91:$L$93)) | K91: =IF($J$91="","",MAX($N$91:$N$93)) | L91: =IF(SUM(U91:AY91)=0,"",SUM(U91:AY91)) | M91: =IFERROR(INDEX(U$2:AY$2,MATCH(TRUE,INDEX(U91:AY91<>"",0),0)),"") | N91: =IFERROR(LOOKUP(2,1/(U91:AY91<>""),U$2:AY$2),"")
B92: =IF($B$91="","",$B$91) | C92: 마케팅2팀 | D92: =IF($D$91="","",$D$91) | E92: 이미지 | G92: =IF($G$91="","",$G$91) | L92: =IF(SUM(U92:AY92)=0,"",SUM(U92:AY92)) | M92: =IFERROR(INDEX(U$2:AY$2,MATCH(TRUE,INDEX(U92:AY92<>"",0),0)),"") | N92: =IFERROR(LOOKUP(2,1/(U92:AY92<>""),U$2:AY$2),"")
B93: =IF($B$91="","",$B$91) | C93: 마케팅2팀 | D93: =IF($D$91="","",$D$91) | E93: 영상 | G93: =IF($G$91="","",$G$91) | L93: =IF(SUM(U93:AY93)=0,"",SUM(U93:AY93)) | M93: =IFERROR(INDEX(U$2:AY$2,MATCH(TRUE,INDEX(U93:AY93<>"",0),0)),"") | N93: =IFERROR(LOOKUP(2,1/(U93:AY93<>""),U$2:AY$2),"")
A94: =IF($D$94="","",29) | C94: 마케팅2팀 | E94: 기획 | H94: =IF($I$94="","",IF($I$94<0,"🔴지연",IF($I$94<=1,"🟡임박","🟢여유"))) | I94: =IF(OR($G$94="",$K$94=""),"",$G$94-$K$94) | J94: =IF(SUM($L$94:$L$96)=0,"",SUM($L$94:$L$96)) | K94: =IF($J$94="","",MAX($N$94:$N$96)) | L94: =IF(SUM(U94:AY94)=0,"",SUM(U94:AY94)) | M94: =IFERROR(INDEX(U$2:AY$2,MATCH(TRUE,INDEX(U94:AY94<>"",0),0)),"") | N94: =IFERROR(LOOKUP(2,1/(U94:AY94<>""),U$2:AY$2),"")
B95: =IF($B$94="","",$B$94) | C95: 마케팅2팀 | D95: =IF($D$94="","",$D$94) | E95: 이미지 | G95: =IF($G$94="","",$G$94) | L95: =IF(SUM(U95:AY95)=0,"",SUM(U95:AY95)) | M95: =IFERROR(INDEX(U$2:AY$2,MATCH(TRUE,INDEX(U95:AY95<>"",0),0)),"") | N95: =IFERROR(LOOKUP(2,1/(U95:AY95<>""),U$2:AY$2),"")
B96: =IF($B$94="","",$B$94) | C96: 마케팅2팀 | D96: =IF($D$94="","",$D$94) | E96: 영상 | G96: =IF($G$94="","",$G$94) | L96: =IF(SUM(U96:AY96)=0,"",SUM(U96:AY96)) | M96: =IFERROR(INDEX(U$2:AY$2,MATCH(TRUE,INDEX(U96:AY96<>"",0),0)),"") | N96: =IFERROR(LOOKUP(2,1/(U96:AY96<>""),U$2:AY$2),"")
A97: =IF($D$97="","",30) | C97: 마케팅2팀 | E97: 기획 | H97: =IF($I$97="","",IF($I$97<0,"🔴지연",IF($I$97<=1,"🟡임박","🟢여유"))) | I97: =IF(OR($G$97="",$K$97=""),"",$G$97-$K$97) | J97: =IF(SUM($L$97:$L$99)=0,"",SUM($L$97:$L$99)) | K97: =IF($J$97="","",MAX($N$97:$N$99)) | L97: =IF(SUM(U97:AY97)=0,"",SUM(U97:AY97)) | M97: =IFERROR(INDEX(U$2:AY$2,MATCH(TRUE,INDEX(U97:AY97<>"",0),0)),"") | N97: =IFERROR(LOOKUP(2,1/(U97:AY97<>""),U$2:AY$2),"")
B98: =IF($B$97="","",$B$97) | C98: 마케팅2팀 | D98: =IF($D$97="","",$D$97) | E98: 이미지 | G98: =IF($G$97="","",$G$97) | L98: =IF(SUM(U98:AY98)=0,"",SUM(U98:AY98)) | M98: =IFERROR(INDEX(U$2:AY$2,MATCH(TRUE,INDEX(U98:AY98<>"",0),0)),"") | N98: =IFERROR(LOOKUP(2,1/(U98:AY98<>""),U$2:AY$2),"")
B99: =IF($B$97="","",$B$97) | C99: 마케팅2팀 | D99: =IF($D$97="","",$D$97) | E99: 영상 | G99: =IF($G$97="","",$G$97) | L99: =IF(SUM(U99:AY99)=0,"",SUM(U99:AY99)) | M99: =IFERROR(INDEX(U$2:AY$2,MATCH(TRUE,INDEX(U99:AY99<>"",0),0)),"") | N99: =IFERROR(LOOKUP(2,1/(U99:AY99<>""),U$2:AY$2),"")
A100: =IF($D$100="","",31) | C100: 마케팅2팀 | E100: 기획 | H100: =IF($I$100="","",IF($I$100<0,"🔴지연",IF($I$100<=1,"🟡임박","🟢여유"))) | I100: =IF(OR($G$100="",$K$100=""),"",$G$100-$K$100) | J100: =IF(SUM($L$100:$L$102)=0,"",SUM($L$100:$L$102)) | K100: =IF($J$100="","",MAX($N$100:$N$102)) | L100: =IF(SUM(U100:AY100)=0,"",SUM(U100:AY100)) | M100: =IFERROR(INDEX(U$2:AY$2,MATCH(TRUE,INDEX(U100:AY100<>"",0),0)),"") | N100: =IFERROR(LOOKUP(2,1/(U100:AY100<>""),U$2:AY$2),"")
...

Sheet 2월
A1: 2월 소재 정보 (소재 1개 = 기획/이미지/영상 3줄) | G1: 고객사 전달일 기준 (자동) | L1: 직군별 집계 (자동) | O1: 수량 (소재당 1번) | R1: 관리 | U1: 2월 간트 - 날짜 칸에 실제 MD 직접 입력 | 상단 4줄 = 일자별 직군 TO 상태
A2: No | B2: 게임 타이틀 | C2: 고객팀 | D2: 소재명(업무명) | E2: 직군 | F2: 담당자 | G2: 고객사 전달일 | H2: 신호 | I2: 전달일 여유 | J2: 소재 총MD | K2: 소재 최종완료 | L2: 직군 MD | M2: 직군 시작일 | N2: 직군 완료일 | O2: 영상 수 | P2: 사이즈 베리 | Q2: 다국어 베리 | R2: 상태 | S2: 비고 | U2: =IF(MONTH(DATE('마스터'!$J$3,2,1)+0)=2,DATE('마스터'!$J$3,2,1)+0,"") | V2: =IF(MONTH(DATE('마스터'!$J$3,2,1)+1)=2,DATE('마스터'!$J$3,2,1)+1,"") | W2: =IF(MONTH(DATE('마스터'!$J$3,2,1)+2)=2,DATE('마스터'!$J$3,2,1)+2,"") | X2: =IF(MONTH(DATE('마스터'!$J$3,2,1)+3)=2,DATE('마스터'!$J$3,2,1)+3,"") | Y2: =IF(MONTH(DATE('마스터'!$J$3,2,1)+4)=2,DATE('마스터'!$J$3,2,1)+4,"") | Z2: =IF(MONTH(DATE('마스터'!$J$3,2,1)+5)=2,DATE('마스터'!$J$3,2,1)+5,"") | AA2: =IF(MONTH(DATE('마스터'!$J$3,2,1)+6)=2,DATE('마스터'!$J$3,2,1)+6,"") | AB2: =IF(MONTH(DATE('마스터'!$J$3,2,1)+7)=2,DATE('마스터'!$J$3,2,1)+7,"") | AC2: =IF(MONTH(DATE('마스터'!$J$3,2,1)+8)=2,DATE('마스터'!$J$3,2,1)+8,"") | AD2: =IF(MONTH(DATE('마스터'!$J$3,2,1)+9)=2,DATE('마스터'!$J$3,2,1)+9,"") | AE2: =IF(MONTH(DATE('마스터'!$J$3,2,1)+10)=2,DATE('마스터'!$J$3,2,1)+10,"") | AF2: =IF(MONTH(DATE('마스터'!$J$3,2,1)+11)=2,DATE('마스터'!$J$3,2,1)+11,"") | AG2: =IF(MONTH(DATE('마스터'!$J$3,2,1)+12)=2,DATE('마스터'!$J$3,2,1)+12,"") | AH2: =IF(MONTH(DATE('마스터'!$J$3,2,1)+13)=2,DATE('마스터'!$J$3,2,1)+13,"") | AI2: =IF(MONTH(DATE('마스터'!$J$3,2,1)+14)=2,DATE('마스터'!$J$3,2,1)+14,"") | AJ2: =IF(MONTH(DATE('마스터'!$J$3,2,1)+15)=2,DATE('마스터'!$J$3,2,1)+15,"") | AK2: =IF(MONTH(DATE('마스터'!$J$3,2,1)+16)=2,DATE('마스터'!$J$3,2,1)+16,"") | AL2: =IF(MONTH(DATE('마스터'!$J$3,2,1)+17)=2,DATE('마스터'!$J$3,2,1)+17,"") | AM2: =IF(MONTH(DATE('마스터'!$J$3,2,1)+18)=2,DATE('마스터'!$J$3,2,1)+18,"") | AN2: =IF(MONTH(DATE('마스터'!$J$3,2,1)+19)=2,DATE('마스터'!$J$3,2,1)+19,"") | AO2: =IF(MONTH(DATE('마스터'!$J$3,2,1)+20)=2,DATE('마스터'!$J$3,2,1)+20,"") | AP2: =IF(MONTH(DATE('마스터'!$J$3,2,1)+21)=2,DATE('마스터'!$J$3,2,1)+21,"") | AQ2: =IF(MONTH(DATE('마스터'!$J$3,2,1)+22)=2,DATE('마스터'!$J$3,2,1)+22,"") | AR2: =IF(MONTH(DATE('마스터'!$J$3,2,1)+23)=2,DATE('마스터'!$J$3,2,1)+23,"") | AS2: =IF(MONTH(DATE('마스터'!$J$3,2,1)+24)=2,DATE('마스터'!$J$3,2,1)+24,"") | AT2: =IF(MONTH(DATE('마스터'!$J$3,2,1)+25)=2,DATE('마스터'!$J$3,2,1)+25,"") | AU2: =IF(MONTH(DATE('마스터'!$J$3,2,1)+26)=2,DATE('마스터'!$J$3,2,1)+26,"") | AV2: =IF(MONTH(DATE('마스터'!$J$3,2,1)+27)=2,DATE('마스터'!$J$3,2,1)+27,"") | AW2: =IF(MONTH(DATE('마스터'!$J$3,2,1)+28)=2,DATE('마스터'!$J$3,2,1)+28,"") | AX2: =IF(MONTH(DATE('마스터'!$J$3,2,1)+29)=2,DATE('마스터'!$J$3,2,1)+29,"") | AY2: =IF(MONTH(DATE('마스터'!$J$3,2,1)+30)=2,DATE('마스터'!$J$3,2,1)+30,"")
A3: 전체 TO (일자별 부하) | G3: 정원 | H3: =SUM('마스터'!$J$8:$J$10) | U3: =SUM(U$9:U$312) | V3: =SUM(V$9:V$312) | W3: =SUM(W$9:W$312) | X3: =SUM(X$9:X$312) | Y3: =SUM(Y$9:Y$312) | Z3: =SUM(Z$9:Z$312) | AA3: =SUM(AA$9:AA$312) | AB3: =SUM(AB$9:AB$312) | ... AY3: =SUM(AY$9:AY$312)
A4: 영상 TO | G4: 정원 | H4: ='마스터'!$J$8 | U4: =SUMIF($E$9:$E$312,"영상",U$9:U$312) | V4: =SUMIF($E$9:$E$312,"영상",V$9:V$312) | W4: =SUMIF($E$9:$E$312,"영상",W$9:W$312) | X4: =SUMIF($E$9:$E$312,"영상",X$9:X$312) | Y4: =SUMIF($E$9:$E$312,"영상",Y$9:Y$312) | Z4: =SUMIF($E$9:$E$312,"영상",Z$9:Z$312) | AA4: =SUMIF($E$9:$E$312,"영상",AA$9:AA$312) | AB4: =SUMIF($E$9:$E$312,"영상",AB$9:AB$312) | ... AY4: =SUMIF($E$9:$E$312,"영상",AY$9:AY$312)
A5: 이미지 TO | G5: 정원 | H5: ='마스터'!$J$9 | U5: =SUMIF($E$9:$E$312,"이미지",U$9:U$312) | V5: =SUMIF($E$9:$E$312,"이미지",V$9:V$312) | W5: =SUMIF($E$9:$E$312,"이미지",W$9:W$312) | X5: =SUMIF($E$9:$E$312,"이미지",X$9:X$312) | Y5: =SUMIF($E$9:$E$312,"이미지",Y$9:Y$312) | Z5: =SUMIF($E$9:$E$312,"이미지",Z$9:Z$312) | AA5: =SUMIF($E$9:$E$312,"이미지",AA$9:AA$312) | AB5: =SUMIF($E$9:$E$312,"이미지",AB$9:AB$312) | ... AY5: =SUMIF($E$9:$E$312,"이미지",AY$9:AY$312)
A6: 기획 TO | G6: 정원 | H6: ='마스터'!$J$10 | U6: =SUMIF($E$9:$E$312,"기획",U$9:U$312) | V6: =SUMIF($E$9:$E$312,"기획",V$9:V$312) | W6: =SUMIF($E$9:$E$312,"기획",W$9:W$312) | X6: =SUMIF($E$9:$E$312,"기획",X$9:X$312) | Y6: =SUMIF($E$9:$E$312,"기획",Y$9:Y$312) | Z6: =SUMIF($E$9:$E$312,"기획",Z$9:Z$312) | AA6: =SUMIF($E$9:$E$312,"기획",AA$9:AA$312) | AB6: =SUMIF($E$9:$E$312,"기획",AB$9:AB$312) | ... AY6: =SUMIF($E$9:$E$312,"기획",AY$9:AY$312)
A7: ▼ 아래부터 입력. 노란칸=직접 입력 / 회색칸=자동(건드리지 마세요)
A8: 마케팅1팀 (9~68행 · 소재 20개)
A9: =IF($D$9="","",1) | C9: 마케팅1팀 | E9: 기획 | H9: =IF($I$9="","",IF($I$9<0,"🔴지연",IF($I$9<=1,"🟡임박","🟢여유"))) | I9: =IF(OR($G$9="",$K$9=""),"",$G$9-$K$9) | J9: =IF(SUM($L$9:$L$11)=0,"",SUM($L$9:$L$11)) | K9: =IF($J$9="","",MAX($N$9:$N$11)) | L9: =IF(SUM(U9:AY9)=0,"",SUM(U9:AY9)) | M9: =IFERROR(INDEX(U$2:AY$2,MATCH(TRUE,INDEX(U9:AY9<>"",0),0)),"") | N9: =IFERROR(LOOKUP(2,1/(U9:AY9<>""),U$2:AY$2),"")
B10: =IF($B$9="","",$B$9) | C10: 마케팅1팀 | D10: =IF($D$9="","",$D$9) | E10: 이미지 | G10: =IF($G$9="","",$G$9) | L10: =IF(SUM(U10:AY10)=0,"",SUM(U10:AY10)) | M10: =IFERROR(INDEX(U$2:AY$2,MATCH(TRUE,INDEX(U10:AY10<>"",0),0)),"") | N10: =IFERROR(LOOKUP(2,1/(U10:AY10<>""),U$2:AY$2),"")
B11: =IF($B$9="","",$B$9) | C11: 마케팅1팀 | D11: =IF($D$9="","",$D$9) | E11: 영상 | G11: =IF($G$9="","",$G$9) | L11: =IF(SUM(U11:AY11)=0,"",SUM(U11:AY11)) | M11: =IFERROR(INDEX(U$2:AY$2,MATCH(TRUE,INDEX(U11:AY11<>"",0),0)),"") | N11: =IFERROR(LOOKUP(2,1/(U11:AY11<>""),U$2:AY$2),"")
A12: =IF($D$12="","",2) | C12: 마케팅1팀 | E12: 기획 | H12: =IF($I$12="","",IF($I$12<0,"🔴지연",IF($I$12<=1,"🟡임박","🟢여유"))) | I12: =IF(OR($G$12="",$K$12=""),"",$G$12-$K$12) | J12: =IF(SUM($L$12:$L$14)=0,"",SUM($L$12:$L$14)) | K12: =IF($J$12="","",MAX($N$12:$N$14)) | L12: =IF(SUM(U12:AY12)=0,"",SUM(U12:AY12)) | M12: =IFERROR(INDEX(U$2:AY$2,MATCH(TRUE,INDEX(U12:AY12<>"",0),0)),"") | N12: =IFERROR(LOOKUP(2,1/(U12:AY12<>""),U$2:AY$2),"")
B13: =IF($B$12="","",$B$12) | C13: 마케팅1팀 | D13: =IF($D$12="","",$D$12) | E13: 이미지 | G13: =IF($G$12="","",$G$12) | L13: =IF(SUM(U13:AY13)=0,"",SUM(U13:AY13)) | M13: =IFERROR(INDEX(U$2:AY$2,MATCH(TRUE,INDEX(U13:AY13<>"",0),0)),"") | N13: =IFERROR(LOOKUP(2,1/(U13:AY13<>""),U$2:AY$2),"")
B14: =IF($B$12="","",$B$12) | C14: 마케팅1팀 | D14: =IF($D$12="","",$D$12) | E14: 영상 | G14: =IF($G$12="","",$G$12) | L14: =IF(SUM(U14:AY14)=0,"",SUM(U14:AY14)) | M14: =IFERROR(INDEX(U$2:AY$2,MATCH(TRUE,INDEX(U14:AY14<>"",0),0)),"") | N14: =IFERROR(LOOKUP(2,1/(U14:AY14<>""),U$2:AY$2),"")
A15: =IF($D$15="","",3) | C15: 마케팅1팀 | E15: 기획 | H15: =IF($I$15="","",IF($I$15<0,"🔴지연",IF($I$15<=1,"🟡임박","🟢여유"))) | I15: =IF(OR($G$15="",$K$15=""),"",$G$15-$K$15) | J15: =IF(SUM($L$15:$L$17)=0,"",SUM($L$15:$L$17)) | K15: =IF($J$15="","",MAX($N$15:$N$17)) | L15: =IF(SUM(U15:AY15)=0,"",SUM(U15:AY15)) | M15: =IFERROR(INDEX(U$2:AY$2,MATCH(TRUE,INDEX(U15:AY15<>"",0),0)),"") | N15: =IFERROR(LOOKUP(2,1/(U15:AY15<>""),U$2:AY$2),"")
B16: =IF($B$15="","",$B$15) | C16: 마케팅1팀 | D16: =IF($D$15="","",$D$15) | E16: 이미지 | G16: =IF($G$15="","",$G$15) | L16: =IF(SUM(U16:AY16)=0,"",SUM(U16:AY16)) | M16: =IFERROR(INDEX(U$2:AY$2,MATCH(TRUE,INDEX(U16:AY16<>"",0),0)),"") | N16: =IFERROR(LOOKUP(2,1/(U16:AY16<>""),U$2:AY$2),"")
B17: =IF($B$15="","",$B$15) | C17: 마케팅1팀 | D17: =IF($D$15="","",$D$15) | E17: 영상 | G17: =IF($G$15="","",$G$15) | L17: =IF(SUM(U17:AY17)=0,"",SUM(U17:AY17)) | M17: =IFERROR(INDEX(U$2:AY$2,MATCH(TRUE,INDEX(U17:AY17<>"",0),0)),"") | N17: =IFERROR(LOOKUP(2,1/(U17:AY17<>""),U$2:AY$2),"")
A18: =IF($D$18="","",4) | C18: 마케팅1팀 | E18: 기획 | H18: =IF($I$18="","",IF($I$18<0,"🔴지연",IF($I$18<=1,"🟡임박","🟢여유"))) | I18: =IF(OR($G$18="",$K$18=""),"",$G$18-$K$18) | J18: =IF(SUM($L$18:$L$20)=0,"",SUM($L$18:$L$20)) | K18: =IF($J$18="","",MAX($N$18:$N$20)) | L18: =IF(SUM(U18:AY18)=0,"",SUM(U18:AY18)) | M18: =IFERROR(INDEX(U$2:AY$2,MATCH(TRUE,INDEX(U18:AY18<>"",0),0)),"") | N18: =IFERROR(LOOKUP(2,1/(U18:AY18<>""),U$2:AY$2),"")
B19: =IF($B$18="","",$B$18) | C19: 마케팅1팀 | D19: =IF($D$18="","",$D$18) | E19: 이미지 | G19: =IF($G$18="","",$G$18) | L19: =IF(SUM(U19:AY19)=0,"",SUM(U19:AY19)) | M19: =IFERROR(INDEX(U$2:AY$2,MATCH(TRUE,INDEX(U19:AY19<>"",0),0)),"") | N19: =IFERROR(LOOKUP(2,1/(U19:AY19<>""),U$2:AY$2),"")
B20: =IF($B$18="","",$B$18) | C20: 마케팅1팀 | D20: =IF($D$18="","",$D$18) | E20: 영상 | G20: =IF($G$18="","",$G$18) | L20: =IF(SUM(U20:AY20)=0,"",SUM(U20:AY20)) | M20: =IFERROR(INDEX(U$2:AY$2,MATCH(TRUE,INDEX(U20:AY20<>"",0),0)),"") | N20: =IFERROR(LOOKUP(2,1/(U20:AY20<>""),U$2:AY$2),"")
A21: =IF($D$21="","",5) | C21: 마케팅1팀 | E21: 기획 | H21: =IF($I$21="","",IF($I$21<0,"🔴지연",IF($I$21<=1,"🟡임박","🟢여유"))) | I21: =IF(OR($G$21="",$K$21=""),"",$G$21-$K$21) | J21: =IF(SUM($L$21:$L$23)=0,"",SUM($L$21:$L$23)) | K21: =IF($J$21="","",MAX($N$21:$N$23)) | L21: =IF(SUM(U21:AY21)=0,"",SUM(U21:AY21)) | M21: =IFERROR(INDEX(U$2:AY$2,MATCH(TRUE,INDEX(U21:AY21<>"",0),0)),"") | N21: =IFERROR(LOOKUP(2,1/(U21:AY21<>""),U$2:AY$2),"")
B22: =IF($B$21="","",$B$21) | C22: 마케팅1팀 | D22: =IF($D$21="","",$D$21) | E22: 이미지 | G22: =IF($G$21="","",$G$21) | L22: =IF(SUM(U22:AY22)=0,"",SUM(U22:AY22)) | M22: =IFERROR(INDEX(U$2:AY$2,MATCH(TRUE,INDEX(U22:AY22<>"",0),0)),"") | N22: =IFERROR(LOOKUP(2,1/(U22:AY22<>""),U$2:AY$2),"")
B23: =IF($B$21="","",$B$21) | C23: 마케팅1팀 | D23: =IF($D$21="","",$D$21) | E23: 영상 | G23: =IF($G$21="","",$G$21) | L23: =IF(SUM(U23:AY23)=0,"",SUM(U23:AY23)) | M23: =IFERROR(INDEX(U$2:AY$2,MATCH(TRUE,INDEX(U23:AY23<>"",0),0)),"") | N23: =IFERROR(LOOKUP(2,1/(U23:AY23<>""),U$2:AY$2),"")
A24: =IF($D$24="","",6) | C24: 마케팅1팀 | E24: 기획 | H24: =IF($I$24="","",IF($I$24<0,"🔴지연",IF($I$24<=1,"🟡임박","🟢여유"))) | I24: =IF(OR($G$24="",$K$24=""),"",$G$24-$K$24) | J24: =IF(SUM($L$24:$L$26)=0,"",SUM($L$24:$L$26)) | K24: =IF($J$24="","",MAX($N$24:$N$26)) | L24: =IF(SUM(U24:AY24)=0,"",SUM(U24:AY24)) | M24: =IFERROR(INDEX(U$2:AY$2,MATCH(TRUE,INDEX(U24:AY24<>"",0),0)),"") | N24: =IFERROR(LOOKUP(2,1/(U24:AY24<>""),U$2:AY$2),"")
B25: =IF($B$24="","",$B$24) | C25: 마케팅1팀 | D25: =IF($D$24="","",$D$24) | E25: 이미지 | G25: =IF($G$24="","",$G$24) | L25: =IF(SUM(U25:AY25)=0,"",SUM(U25:AY25)) | M25: =IFERROR(INDEX(U$2:AY$2,MATCH(TRUE,INDEX(U25:AY25<>"",0),0)),"") | N25: =IFERROR(LOOKUP(2,1/(U25:AY25<>""),U$2:AY$2),"")
B26: =IF($B$24="","",$B$24) | C26: 마케팅1팀 | D26: =IF($D$24="","",$D$24) | E26: 영상 | G26: =IF($G$24="","",$G$24) | L26: =IF(SUM(U26:AY26)=0,"",SUM(U26:AY26)) | M26: =IFERROR(INDEX(U$2:AY$2,MATCH(TRUE,INDEX(U26:AY26<>"",0),0)),"") | N26: =IFERROR(LOOKUP(2,1/(U26:AY26<>""),U$2:AY$2),"")
A27: =IF($D$27="","",7) | C27: 마케팅1팀 | E27: 기획 | H27: =IF($I$27="","",IF($I$27<0,"🔴지연",IF($I$27<=1,"🟡임박","🟢여유"))) | I27: =IF(OR($G$27="",$K$27=""),"",$G$27-$K$27) | J27: =IF(SUM($L$27:$L$29)=0,"",SUM($L$27:$L$29)) | K27: =IF($J$27="","",MAX($N$27:$N$29)) | L27: =IF(SUM(U27:AY27)=0,"",SUM(U27:AY27)) | M27: =IFERROR(INDEX(U$2:AY$2,MATCH(TRUE,INDEX(U27:AY27<>"",0),0)),"") | N27: =IFERROR(LOOKUP(2,1/(U27:AY27<>""),U$2:AY$2),"")
B28: =IF($B$27="","",$B$27) | C28: 마케팅1팀 | D28: =IF($D$27="","",$D$27) | E28: 이미지 | G28: =IF($G$27="","",$G$27) | L28: =IF(SUM(U28:AY28)=0,"",SUM(U28:AY28)) | M28: =IFERROR(INDEX(U$2:AY$2,MATCH(TRUE,INDEX(U28:AY28<>"",0),0)),"") | N28: =IFERROR(LOOKUP(2,1/(U28:AY28<>""),U$2:AY$2),"")
B29: =IF($B$27="","",$B$27) | C29: 마케팅1팀 | D29: =IF($D$27="","",$D$27) | E29: 영상 | G29: =IF($G$27="","",$G$27) | L29: =IF(SUM(U29:AY29)=0,"",SUM(U29:AY29)) | M29: =IFERROR(INDEX(U$2:AY$2,MATCH(TRUE,INDEX(U29:AY29<>"",0),0)),"") | N29: =IFERROR(LOOKUP(2,1/(U29:AY29<>""),U$2:AY$2),"")
A30: =IF($D$30="","",8) | C30: 마케팅1팀 | E30: 기획 | H30: =IF($I$30="","",IF($I$30<0,"🔴지연",IF($I$30<=1,"🟡임박","🟢여유"))) | I30: =IF(OR($G$30="",$K$30=""),"",$G$30-$K$30) | J30: =IF(SUM($L$30:$L$32)=0,"",SUM($L$30:$L$32)) | K30: =IF($J$30="","",MAX($N$30:$N$32)) | L30: =IF(SUM(U30:AY30)=0,"",SUM(U30:AY30)) | M30: =IFERROR(INDEX(U$2:AY$2,MATCH(TRUE,INDEX(U30:AY30<>"",0),0)),"") | N30: =IFERROR(LOOKUP(2,1/(U30:AY30<>""),U$2:AY$2),"")
B31: =IF($B$30="","",$B$30) | C31: 마케팅1팀 | D31: =IF($D$30="","",$D$30) | E31: 이미지 | G31: =IF($G$30="","",$G$30) | L31: =IF(SUM(U31:AY31)=0,"",SUM(U31:AY31)) | M31: =IFERROR(INDEX(U$2:AY$2,MATCH(TRUE,INDEX(U31:AY31<>"",0),0)),"") | N31: =IFERROR(LOOKUP(2,1/(U31:AY31<>""),U$2:AY$2),"")
B32: =IF($B$30="","",$B$30) | C32: 마케팅1팀 | D32: =IF($D$30="","",$D$30) | E32: 영상 | G32: =IF($G$30="","",$G$30) | L32: =IF(SUM(U32:AY32)=0,"",SUM(U32:AY32)) | M32: =IFERROR(INDEX(U$2:AY$2,MATCH(TRUE,INDEX(U32:AY32<>"",0),0)),"") | N32: =IFERROR(LOOKUP(2,1/(U32:AY32<>""),U$2:AY$2),"")
A33: =IF($D$33="","",9) | C33: 마케팅1팀 | E33: 기획 | H33: =IF($I$33="","",IF($I$33<0,"🔴지연",IF($I$33<=1,"🟡임박","🟢여유"))) | I33: =IF(OR($G$33="",$K$33=""),"",$G$33-$K$33) | J33: =IF(SUM($L$33:$L$35)=0,"",SUM($L$33:$L$35)) | K33: =IF($J$33="","",MAX($N$33:$N$35)) | L33: =IF(SUM(U33:AY33)=0,"",SUM(U33:AY33)) | M33: =IFERROR(INDEX(U$2:AY$2,MATCH(TRUE,INDEX(U33:AY33<>"",0),0)),"") | N33: =IFERROR(LOOKUP(2,1/(U33:AY33<>""),U$2:AY$2),"")
B34: =IF($B$33="","",$B$33) | C34: 마케팅1팀 | D34: =IF($D$33="","",$D$33) | E34: 이미지 | G34: =IF($G$33="","",$G$33) | L34: =IF(SUM(U34:AY34)=0,"",SUM(U34:AY34)) | M34: =IFERROR(INDEX(U$2:AY$2,MATCH(TRUE,INDEX(U34:AY34<>"",0),0)),"") | N34: =IFERROR(LOOKUP(2,1/(U34:AY34<>""),U$2:AY$2),"")
B35: =IF($B$33="","",$B$33) | C35: 마케팅1팀 | D35: =IF($D$33="","",$D$33) | E35: 영상 | G35: =IF($G$33="","",$G$33) | L35: =IF(SUM(U35:AY35)=0,"",SUM(U35:AY35)) | M35: =IFERROR(INDEX(U$2:AY$2,MATCH(TRUE,INDEX(U35:AY35<>"",0),0)),"") | N35: =IFERROR(LOOKUP(2,1/(U35:AY35<>""),U$2:AY$2),"")
A36: =IF($D$36="","",10) | C36: 마케팅1팀 | E36: 기획 | H36: =IF($I$36="","",IF($I$36<0,"🔴지연",IF($I$36<=1,"🟡임박","🟢여유"))) | I36: =IF(OR($G$36="",$K$36=""),"",$G$36-$K$36) | J36: =IF(SUM($L$36:$L$38)=0,"",SUM($L$36:$L$38)) | K36: =IF($J$36="","",MAX($N$36:$N$38)) | L36: =IF(SUM(U36:AY36)=0,"",SUM(U36:AY36)) | M36: =IFERROR(INDEX(U$2:AY$2,MATCH(TRUE,INDEX(U36:AY36<>"",0),0)),"") | N36: =IFERROR(LOOKUP(2,1/(U36:AY36<>""),U$2:AY$2),"")
B37: =IF($B$36="","",$B$36) | C37: 마케팅1팀 | D37: =IF($D$36="","",$D$36) | E37: 이미지 | G37: =IF($G$36="","",$G$36) | L37: =IF(SUM(U37:AY37)=0,"",SUM(U37:AY37)) | M37: =IFERROR(INDEX(U$2:AY$2,MATCH(TRUE,INDEX(U37:AY37<>"",0),0)),"") | N37: =IFERROR(LOOKUP(2,1/(U37:AY37<>""),U$2:AY$2),"")
B38: =IF($B$36="","",$B$36) | C38: 마케팅1팀 | D38: =IF($D$36="","",$D$36) | E38: 영상 | G38: =IF($G$36="","",$G$36) | L38: =IF(SUM(U38:AY38)=0,"",SUM(U38:AY38)) | M38: =IFERROR(INDEX(U$2:AY$2,MATCH(TRUE,INDEX(U38:AY38<>"",0),0)),"") | N38: =IFERROR(LOOKUP(2,1/(U38:AY38<>""),U$2:AY$2),"")
A39: =IF($D$39="","",11) | C39: 마케팅1팀 | E39: 기획 | H39: =IF($I$39="","",IF($I$39<0,"🔴지연",IF($I$39<=1,"🟡임박","🟢여유"))) | I39: =IF(OR($G$39="",$K$39=""),"",$G$39-$K$39) | J39: =IF(SUM($L$39:$L$41)=0,"",SUM($L$39:$L$41)) | K39: =IF($J$39="","",MAX($N$39:$N$41)) | L39: =IF(SUM(U39:AY39)=0,"",SUM(U39:AY39)) | M39: =IFERROR(INDEX(U$2:AY$2,MATCH(TRUE,INDEX(U39:AY39<>"",0),0)),"") | N39: =IFERROR(LOOKUP(2,1/(U39:AY39<>""),U$2:AY$2),"")
B40: =IF($B$39="","",$B$39) | C40: 마케팅1팀 | D40: =IF($D$39="","",$D$39) | E40: 이미지 | G40: =IF($G$39="","",$G$39) | L40: =IF(SUM(U40:AY40)=0,"",SUM(U40:AY40)) | M40: =IFERROR(INDEX(U$2:AY$2,MATCH(TRUE,INDEX(U40:AY40<>"",0),0)),"") | N40: =IFERROR(LOOKUP(2,1/(U40:AY40<>""),U$2:AY$2),"")
B41: =IF($B$39="","",$B$39) | C41: 마케팅1팀 | D41: =IF($D$39="","",$D$39) | E41: 영상 | G41: =IF($G$39="","",$G$39) | L41: =IF(SUM(U41:AY41)=0,"",SUM(U41:AY41)) | M41: =IFERROR(INDEX(U$2:AY$2,MATCH(TRUE,INDEX(U41:AY41<>"",0),0)),"") | N41: =IFERROR(LOOKUP(2,1/(U41:AY41<>""),U$2:AY$2),"")
A42: =IF($D$42="","",12) | C42: 마케팅1팀 | E42: 기획 | H42: =IF($I$42="","",IF($I$42<0,"🔴지연",IF($I$42<=1,"🟡임박","🟢여유"))) | I42: =IF(OR($G$42="",$K$42=""),"",$G$42-$K$42) | J42: =IF(SUM($L$42:$L$44)=0,"",SUM($L$42:$L$44)) | K42: =IF($J$42="","",MAX($N$42:$N$44)) | L42: =IF(SUM(U42:AY42)=0,"",SUM(U42:AY42)) | M42: =IFERROR(INDEX(U$2:AY$2,MATCH(TRUE,INDEX(U42:AY42<>"",0),0)),"") | N42: =IFERROR(LOOKUP(2,1/(U42:AY42<>""),U$2:AY$2),"")
B43: =IF($B$42="","",$B$42) | C43: 마케팅1팀 | D43: =IF($D$42="","",$D$42) | E43: 이미지 | G43: =IF($G$42="","",$G$42) | L43: =IF(SUM(U43:AY43)=0,"",SUM(U43:AY43)) | M43: =IFERROR(INDEX(U$2:AY$2,MATCH(TRUE,INDEX(U43:AY43<>"",0),0)),"") | N43: =IFERROR(LOOKUP(2,1/(U43:AY43<>""),U$2:AY$2),"")
B44: =IF($B$42="","",$B$42) | C44: 마케팅1팀 | D44: =IF($D$42="","",$D$42) | E44: 영상 | G44: =IF($G$42="","",$G$42) | L44: =IF(SUM(U44:AY44)=0,"",SUM(U44:AY44)) | M44: =IFERROR(INDEX(U$2:AY$2,MATCH(TRUE,INDEX(U44:AY44<>"",0),0)),"") | N44: =IFERROR(LOOKUP(2,1/(U44:AY44<>""),U$2:AY$2),"")
A45: =IF($D$45="","",13) | C45: 마케팅1팀 | E45: 기획 | H45: =IF($I$45="","",IF($I$45<0,"🔴지연",IF($I$45<=1,"🟡임박","🟢여유"))) | I45: =IF(OR($G$45="",$K$45=""),"",$G$45-$K$45) | J45: =IF(SUM($L$45:$L$47)=0,"",SUM($L$45:$L$47)) | K45: =IF($J$45="","",MAX($N$45:$N$47)) | L45: =IF(SUM(U45:AY45)=0,"",SUM(U45:AY45)) | M45: =IFERROR(INDEX(U$2:AY$2,MATCH(TRUE,INDEX(U45:AY45<>"",0),0)),"") | N45: =IFERROR(LOOKUP(2,1/(U45:AY45<>""),U$2:AY$2),"")
B46: =IF($B$45="","",$B$45) | C46: 마케팅1팀 | D46: =IF($D$45="","",$D$45) | E46: 이미지 | G46: =IF($G$45="","",$G$45) | L46: =IF(SUM(U46:AY46)=0,"",SUM(U46:AY46)) | M46: =IFERROR(INDEX(U$2:AY$2,MATCH(TRUE,INDEX(U46:AY46<>"",0),0)),"") | N46: =IFERROR(LOOKUP(2,1/(U46:AY46<>""),U$2:AY$2),"")
B47: =IF($B$45="","",$B$45) | C47: 마케팅1팀 | D47: =IF($D$45="","",$D$45) | E47: 영상 | G47: =IF($G$45="","",$G$45) | L47: =IF(SUM(U47:AY47)=0,"",SUM(U47:AY47)) | M47: =IFERROR(INDEX(U$2:AY$2,MATCH(TRUE,INDEX(U47:AY47<>"",0),0)),"") | N47: =IFERROR(LOOKUP(2,1/(U47:AY47<>""),U$2:AY$2),"")
A48: =IF($D$48="","",14) | C48: 마케팅1팀 | E48: 기획 | H48: =IF($I$48="","",IF($I$48<0,"🔴지연",IF($I$48<=1,"🟡임박","🟢여유"))) | I48: =IF(OR($G$48="",$K$48=""),"",$G$48-$K$48) | J48: =IF(SUM($L$48:$L$50)=0,"",SUM($L$48:$L$50)) | K48: =IF($J$48="","",MAX($N$48:$N$50)) | L48: =IF(SUM(U48:AY48)=0,"",SUM(U48:AY48)) | M48: =IFERROR(INDEX(U$2:AY$2,MATCH(TRUE,INDEX(U48:AY48<>"",0),0)),"") | N48: =IFERROR(LOOKUP(2,1/(U48:AY48<>""),U$2:AY$2),"")
B49: =IF($B$48="","",$B$48) | C49: 마케팅1팀 | D49: =IF($D$48="","",$D$48) | E49: 이미지 | G49: =IF($G$48="","",$G$48) | L49: =IF(SUM(U49:AY49)=0,"",SUM(U49:AY49)) | M49: =IFERROR(INDEX(U$2:AY$2,MATCH(TRUE,INDEX(U49:AY49<>"",0),0)),"") | N49: =IFERROR(LOOKUP(2,1/(U49:AY49<>""),U$2:AY$2),"")
B50: =IF($B$48="","",$B$48) | C50: 마케팅1팀 | D50: =IF($D$48="","",$D$48) | E50: 영상 | G50: =IF($G$48="","",$G$48) | L50: =IF(SUM(U50:AY50)=0,"",SUM(U50:AY50)) | M50: =IFERROR(INDEX(U$2:AY$2,MATCH(TRUE,INDEX(U50:AY50<>"",0),0)),"") | N50: =IFERROR(LOOKUP(2,1/(U50:AY50<>""),U$2:AY$2),"")
A51: =IF($D$51="","",15) | C51: 마케팅1팀 | E51: 기획 | H51: =IF($I$51="","",IF($I$51<0,"🔴지연",IF($I$51<=1,"🟡임박","🟢여유"))) | I51: =IF(OR($G$51="",$K$51=""),"",$G$51-$K$51) | J51: =IF(SUM($L$51:$L$53)=0,"",SUM($L$51:$L$53)) | K51: =IF($J$51="","",MAX($N$51:$N$53)) | L51: =IF(SUM(U51:AY51)=0,"",SUM(U51:AY51)) | M51: =IFERROR(INDEX(U$2:AY$2,MATCH(TRUE,INDEX(U51:AY51<>"",0),0)),"") | N51: =IFERROR(LOOKUP(2,1/(U51:AY51<>""),U$2:AY$2),"")
B52: =IF($B$51="","",$B$51) | C52: 마케팅1팀 | D52: =IF($D$51="","",$D$51) | E52: 이미지 | G52: =IF($G$51="","",$G$51) | L52: =IF(SUM(U52:AY52)=0,"",SUM(U52:AY52)) | M52: =IFERROR(INDEX(U$2:AY$2,MATCH(TRUE,INDEX(U52:AY52<>"",0),0)),"") | N52: =IFERROR(LOOKUP(2,1/(U52:AY52<>""),U$2:AY$2),"")
B53: =IF($B$51="","",$B$51) | C53: 마케팅1팀 | D53: =IF($D$51="","",$D$51) | E53: 영상 | G53: =IF($G$51="","",$G$51) | L53: =IF(SUM(U53:AY53)=0,"",SUM(U53:AY53)) | M53: =IFERROR(INDEX(U$2:AY$2,MATCH(TRUE,INDEX(U53:AY53<>"",0),0)),"") | N53: =IFERROR(LOOKUP(2,1/(U53:AY53<>""),U$2:AY$2),"")
A54: =IF($D$54="","",16) | C54: 마케팅1팀 | E54: 기획 | H54: =IF($I$54="","",IF($I$54<0,"🔴지연",IF($I$54<=1,"🟡임박","🟢여유"))) | I54: =IF(OR($G$54="",$K$54=""),"",$G$54-$K$54) | J54: =IF(SUM($L$54:$L$56)=0,"",SUM($L$54:$L$56)) | K54: =IF($J$54="","",MAX($N$54:$N$56)) | L54: =IF(SUM(U54:AY54)=0,"",SUM(U54:AY54)) | M54: =IFERROR(INDEX(U$2:AY$2,MATCH(TRUE,INDEX(U54:AY54<>"",0),0)),"") | N54: =IFERROR(LOOKUP(2,1/(U54:AY54<>""),U$2:AY$2),"")
B55: =IF($B$54="","",$B$54) | C55: 마케팅1팀 | D55: =IF($D$54="","",$D$54) | E55: 이미지 | G55: =IF($G$54="","",$G$54) | L55: =IF(SUM(U55:AY55)=0,"",SUM(U55:AY55)) | M55: =IFERROR(INDEX(U$2:AY$2,MATCH(TRUE,INDEX(U55:AY55<>"",0),0)),"") | N55: =IFERROR(LOOKUP(2,1/(U55:AY55<>""),U$2:AY$2),"")
B56: =IF($B$54="","",$B$54) | C56: 마케팅1팀 | D56: =IF($D$54="","",$D$54) | E56: 영상 | G56: =IF($G$54="","",$G$54) | L56: =IF(SUM(U56:AY56)=0,"",SUM(U56:AY56)) | M56: =IFERROR(INDEX(U$2:AY$2,MATCH(TRUE,INDEX(U56:AY56<>"",0),0)),"") | N56: =IFERROR(LOOKUP(2,1/(U56:AY56<>""),U$2:AY$2),"")
A57: =IF($D$57="","",17) | C57: 마케팅1팀 | E57: 기획 | H57: =IF($I$57="","",IF($I$57<0,"🔴지연",IF($I$57<=1,"🟡임박","🟢여유"))) | I57: =IF(OR($G$57="",$K$57=""),"",$G$57-$K$57) | J57: =IF(SUM($L$57:$L$59)=0,"",SUM($L$57:$L$59)) | K57: =IF($J$57="","",MAX($N$57:$N$59)) | L57: =IF(SUM(U57:AY57)=0,"",SUM(U57:AY57)) | M57: =IFERROR(INDEX(U$2:AY$2,MATCH(TRUE,INDEX(U57:AY57<>"",0),0)),"") | N57: =IFERROR(LOOKUP(2,1/(U57:AY57<>""),U$2:AY$2),"")
B58: =IF($B$57="","",$B$57) | C58: 마케팅1팀 | D58: =IF($D$57="","",$D$57) | E58: 이미지 | G58: =IF($G$57="","",$G$57) | L58: =IF(SUM(U58:AY58)=0,"",SUM(U58:AY58)) | M58: =IFERROR(INDEX(U$2:AY$2,MATCH(TRUE,INDEX(U58:AY58<>"",0),0)),"") | N58: =IFERROR(LOOKUP(2,1/(U58:AY58<>""),U$2:AY$2),"")
B59: =IF($B$57="","",$B$57) | C59: 마케팅1팀 | D59: =IF($D$57="","",$D$57) | E59: 영상 | G59: =IF($G$57="","",$G$57) | L59: =IF(SUM(U59:AY59)=0,"",SUM(U59:AY59)) | M59: =IFERROR(INDEX(U$2:AY$2,MATCH(TRUE,INDEX(U59:AY59<>"",0),0)),"") | N59: =IFERROR(LOOKUP(2,1/(U59:AY59<>""),U$2:AY$2),"")
A60: =IF($D$60="","",18) | C60: 마케팅1팀 | E60: 기획 | H60: =IF($I$60="","",IF($I$60<0,"🔴지연",IF($I$60<=1,"🟡임박","🟢여유"))) | I60: =IF(OR($G$60="",$K$60=""),"",$G$60-$K$60) | J60: =IF(SUM($L$60:$L$62)=0,"",SUM($L$60:$L$62)) | K60: =IF($J$60="","",MAX($N$60:$N$62)) | L60: =IF(SUM(U60:AY60)=0,"",SUM(U60:AY60)) | M60: =IFERROR(INDEX(U$2:AY$2,MATCH(TRUE,INDEX(U60:AY60<>"",0),0)),"") | N60: =IFERROR(LOOKUP(2,1/(U60:AY60<>""),U$2:AY$2),"")
B61: =IF($B$60="","",$B$60) | C61: 마케팅1팀 | D61: =IF($D$60="","",$D$60) | E61: 이미지 | G61: =IF($G$60="","",$G$60) | L61: =IF(SUM(U61:AY61)=0,"",SUM(U61:AY61)) | M61: =IFERROR(INDEX(U$2:AY$2,MATCH(TRUE,INDEX(U61:AY61<>"",0),0)),"") | N61: =IFERROR(LOOKUP(2,1/(U61:AY61<>""),U$2:AY$2),"")
B62: =IF($B$60="","",$B$60) | C62: 마케팅1팀 | D62: =IF($D$60="","",$D$60) | E62: 영상 | G62: =IF($G$60="","",$G$60) | L62: =IF(SUM(U62:AY62)=0,"",SUM(U62:AY62)) | M62: =IFERROR(INDEX(U$2:AY$2,MATCH(TRUE,INDEX(U62:AY62<>"",0),0)),"") | N62: =IFERROR(LOOKUP(2,1/(U62:AY62<>""),U$2:AY$2),"")
A63: =IF($D$63="","",19) | C63: 마케팅1팀 | E63: 기획 | H63: =IF($I$63="","",IF($I$63<0,"🔴지연",IF($I$63<=1,"🟡임박","🟢여유"))) | I63: =IF(OR($G$63="",$K$63=""),"",$G$63-$K$63) | J63: =IF(SUM($L$63:$L$65)=0,"",SUM($L$63:$L$65)) | K63: =IF($J$63="","",MAX($N$63:$N$65)) | L63: =IF(SUM(U63:AY63)=0,"",SUM(U63:AY63)) | M63: =IFERROR(INDEX(U$2:AY$2,MATCH(TRUE,INDEX(U63:AY63<>"",0),0)),"") | N63: =IFERROR(LOOKUP(2,1/(U63:AY63<>""),U$2:AY$2),"")
B64: =IF($B$63="","",$B$63) | C64: 마케팅1팀 | D64: =IF($D$63="","",$D$63) | E64: 이미지 | G64: =IF($G$63="","",$G$63) | L64: =IF(SUM(U64:AY64)=0,"",SUM(U64:AY64)) | M64: =IFERROR(INDEX(U$2:AY$2,MATCH(TRUE,INDEX(U64:AY64<>"",0),0)),"") | N64: =IFERROR(LOOKUP(2,1/(U64:AY64<>""),U$2:AY$2),"")
B65: =IF($B$63="","",$B$63) | C65: 마케팅1팀 | D65: =IF($D$63="","",$D$63) | E65: 영상 | G65: =IF($G$63="","",$G$63) | L65: =IF(SUM(U65:AY65)=0,"",SUM(U65:AY65)) | M65: =IFERROR(INDEX(U$2:AY$2,MATCH(TRUE,INDEX(U65:AY65<>"",0),0)),"") | N65: =IFERROR(LOOKUP(2,1/(U65:AY65<>""),U$2:AY$2),"")
A66: =IF($D$66="","",20) | C66: 마케팅1팀 | E66: 기획 | H66: =IF($I$66="","",IF($I$66<0,"🔴지연",IF($I$66<=1,"🟡임박","🟢여유"))) | I66: =IF(OR($G$66="",$K$66=""),"",$G$66-$K$66) | J66: =IF(SUM($L$66:$L$68)=0,"",SUM($L$66:$L$68)) | K66: =IF($J$66="","",MAX($N$66:$N$68)) | L66: =IF(SUM(U66:AY66)=0,"",SUM(U66:AY66)) | M66: =IFERROR(INDEX(U$2:AY$2,MATCH(TRUE,INDEX(U66:AY66<>"",0),0)),"") | N66: =IFERROR(LOOKUP(2,1/(U66:AY66<>""),U$2:AY$2),"")
B67: =IF($B$66="","",$B$66) | C67: 마케팅1팀 | D67: =IF($D$66="","",$D$66) | E67: 이미지 | G67: =IF($G$66="","",$G$66) | L67: =IF(SUM(U67:AY67)=0,"",SUM(U67:AY67)) | M67: =IFERROR(INDEX(U$2:AY$2,MATCH(TRUE,INDEX(U67:AY67<>"",0),0)),"") | N67: =IFERROR(LOOKUP(2,1/(U67:AY67<>""),U$2:AY$2),"")
B68: =IF($B$66="","",$B$66) | C68: 마케팅1팀 | D68: =IF($D$66="","",$D$66) | E68: 영상 | G68: =IF($G$66="","",$G$66) | L68: =IF(SUM(U68:AY68)=0,"",SUM(U68:AY68)) | M68: =IFERROR(INDEX(U$2:AY$2,MATCH(TRUE,INDEX(U68:AY68<>"",0),0)),"") | N68: =IFERROR(LOOKUP(2,1/(U68:AY68<>""),U$2:AY$2),"")
A69: 마케팅2팀 (70~129행 · 소재 20개)
A70: =IF($D$70="","",21) | C70: 마케팅2팀 | E70: 기획 | H70: =IF($I$70="","",IF($I$70<0,"🔴지연",IF($I$70<=1,"🟡임박","🟢여유"))) | I70: =IF(OR($G$70="",$K$70=""),"",$G$70-$K$70) | J70: =IF(SUM($L$70:$L$72)=0,"",SUM($L$70:$L$72)) | K70: =IF($J$70="","",MAX($N$70:$N$72)) | L70: =IF(SUM(U70:AY70)=0,"",SUM(U70:AY70)) | M70: =IFERROR(INDEX(U$2:AY$2,MATCH(TRUE,INDEX(U70:AY70<>"",0),0)),"") | N70: =IFERROR(LOOKUP(2,1/(U70:AY70<>""),U$2:AY$2),"")
B71: =IF($B$70="","",$B$70) | C71: 마케팅2팀 | D71: =IF($D$70="","",$D$70) | E71: 이미지 | G71: =IF($G$70="","",$G$70) | L71: =IF(SUM(U71:AY71)=0,"",SUM(U71:AY71)) | M71: =IFERROR(INDEX(U$2:AY$2,MATCH(TRUE,INDEX(U71:AY71<>"",0),0)),"") | N71: =IFERROR(LOOKUP(2,1/(U71:AY71<>""),U$2:AY$2),"")
B72: =IF($B$70="","",$B$70) | C72: 마케팅2팀 | D72: =IF($D$70="","",$D$70) | E72: 영상 | G72: =IF($G$70="","",$G$70) | L72: =IF(SUM(U72:AY72)=0,"",SUM(U72:AY72)) | M72: =IFERROR(INDEX(U$2:AY$2,MATCH(TRUE,INDEX(U72:AY72<>"",0),0)),"") | N72: =IFERROR(LOOKUP(2,1/(U72:AY72<>""),U$2:AY$2),"")
A73: =IF($D$73="","",22) | C73: 마케팅2팀 | E73: 기획 | H73: =IF($I$73="","",IF($I$73<0,"🔴지연",IF($I$73<=1,"🟡임박","🟢여유"))) | I73: =IF(OR($G$73="",$K$73=""),"",$G$73-$K$73) | J73: =IF(SUM($L$73:$L$75)=0,"",SUM($L$73:$L$75)) | K73: =IF($J$73="","",MAX($N$73:$N$75)) | L73: =IF(SUM(U73:AY73)=0,"",SUM(U73:AY73)) | M73: =IFERROR(INDEX(U$2:AY$2,MATCH(TRUE,INDEX(U73:AY73<>"",0),0)),"") | N73: =IFERROR(LOOKUP(2,1/(U73:AY73<>""),U$2:AY$2),"")
B74: =IF($B$73="","",$B$73) | C74: 마케팅2팀 | D74: =IF($D$73="","",$D$73) | E74: 이미지 | G74: =IF($G$73="","",$G$73) | L74: =IF(SUM(U74:AY74)=0,"",SUM(U74:AY74)) | M74: =IFERROR(INDEX(U$2:AY$2,MATCH(TRUE,INDEX(U74:AY74<>"",0),0)),"") | N74: =IFERROR(LOOKUP(2,1/(U74:AY74<>""),U$2:AY$2),"")
B75: =IF($B$73="","",$B$73) | C75: 마케팅2팀 | D75: =IF($D$73="","",$D$73) | E75: 영상 | G75: =IF($G$73="","",$G$73) | L75: =IF(SUM(U75:AY75)=0,"",SUM(U75:AY75)) | M75: =IFERROR(INDEX(U$2:AY$2,MATCH(TRUE,INDEX(U75:AY75<>"",0),0)),"") | N75: =IFERROR(LOOKUP(2,1/(U75:AY75<>""),U$2:AY$2),"")
A76: =IF($D$76="","",23) | C76: 마케팅2팀 | E76: 기획 | H76: =IF($I$76="","",IF($I$76<0,"🔴지연",IF($I$76<=1,"🟡임박","🟢여유"))) | I76: =IF(OR($G$76="",$K$76=""),"",$G$76-$K$76) | J76: =IF(SUM($L$76:$L$78)=0,"",SUM($L$76:$L$78)) | K76: =IF($J$76="","",MAX($N$76:$N$78)) | L76: =IF(SUM(U76:AY76)=0,"",SUM(U76:AY76)) | M76: =IFERROR(INDEX(U$2:AY$2,MATCH(TRUE,INDEX(U76:AY76<>"",0),0)),"") | N76: =IFERROR(LOOKUP(2,1/(U76:AY76<>""),U$2:AY$2),"")
B77: =IF($B$76="","",$B$76) | C77: 마케팅2팀 | D77: =IF($D$76="","",$D$76) | E77: 이미지 | G77: =IF($G$76="","",$G$76) | L77: =IF(SUM(U77:AY77)=0,"",SUM(U77:AY77)) | M77: =IFERROR(INDEX(U$2:AY$2,MATCH(TRUE,INDEX(U77:AY77<>"",0),0)),"") | N77: =IFERROR(LOOKUP(2,1/(U77:AY77<>""),U$2:AY$2),"")
B78: =IF($B$76="","",$B$76) | C78: 마케팅2팀 | D78: =IF($D$76="","",$D$76) | E78: 영상 | G78: =IF($G$76="","",$G$76) | L78: =IF(SUM(U78:AY78)=0,"",SUM(U78:AY78)) | M78: =IFERROR(INDEX(U$2:AY$2,MATCH(TRUE,INDEX(U78:AY78<>"",0),0)),"") | N78: =IFERROR(LOOKUP(2,1/(U78:AY78<>""),U$2:AY$2),"")
A79: =IF($D$79="","",24) | C79: 마케팅2팀 | E79: 기획 | H79: =IF($I$79="","",IF($I$79<0,"🔴지연",IF($I$79<=1,"🟡임박","🟢여유"))) | I79: =IF(OR($G$79="",$K$79=""),"",$G$79-$K$79) | J79: =IF(SUM($L$79:$L$81)=0,"",SUM($L$79:$L$81)) | K79: =IF($J$79="","",MAX($N$79:$N$81)) | L79: =IF(SUM(U79:AY79)=0,"",SUM(U79:AY79)) | M79: =IFERROR(INDEX(U$2:AY$2,MATCH(TRUE,INDEX(U79:AY79<>"",0),0)),"") | N79: =IFERROR(LOOKUP(2,1/(U79:AY79<>""),U$2:AY$2),"")
B80: =IF($B$79="","",$B$79) | C80: 마케팅2팀 | D80: =IF($D$79="","",$D$79) | E80: 이미지 | G80: =IF($G$79="","",$G$79) | L80: =IF(SUM(U80:AY80)=0,"",SUM(U80:AY80)) | M80: =IFERROR(INDEX(U$2:AY$2,MATCH(TRUE,INDEX(U80:AY80<>"",0),0)),"") | N80: =IFERROR(LOOKUP(2,1/(U80:AY80<>""),U$2:AY$2),"")
B81: =IF($B$79="","",$B$79) | C81: 마케팅2팀 | D81: =IF($D$79="","",$D$79) | E81: 영상 | G81: =IF($G$79="","",$G$79) | L81: =IF(SUM(U81:AY81)=0,"",SUM(U81:AY81)) | M81: =IFERROR(INDEX(U$2:AY$2,MATCH(TRUE,INDEX(U81:AY81<>"",0),0)),"") | N81: =IFERROR(LOOKUP(2,1/(U81:AY81<>""),U$2:AY$2),"")
A82: =IF($D$82="","",25) | C82: 마케팅2팀 | E82: 기획 | H82: =IF($I$82="","",IF($I$82<0,"🔴지연",IF($I$82<=1,"🟡임박","🟢여유"))) | I82: =IF(OR($G$82="",$K$82=""),"",$G$82-$K$82) | J82: =IF(SUM($L$82:$L$84)=0,"",SUM($L$82:$L$84)) | K82: =IF($J$82="","",MAX($N$82:$N$84)) | L82: =IF(SUM(U82:AY82)=0,"",SUM(U82:AY82)) | M82: =IFERROR(INDEX(U$2:AY$2,MATCH(TRUE,INDEX(U82:AY82<>"",0),0)),"") | N82: =IFERROR(LOOKUP(2,1/(U82:AY82<>""),U$2:AY$2),"")
B83: =IF($B$82="","",$B$82) | C83: 마케팅2팀 | D83: =IF($D$82="","",$D$82) | E83: 이미지 | G83: =IF($G$82="","",$G$82) | L83: =IF(SUM(U83:AY83)=0,"",SUM(U83:AY83)) | M83: =IFERROR(INDEX(U$2:AY$2,MATCH(TRUE,INDEX(U83:AY83<>"",0),0)),"") | N83: =IFERROR(LOOKUP(2,1/(U83:AY83<>""),U$2:AY$2),"")
B84: =IF($B$82="","",$B$82) | C84: 마케팅2팀 | D84: =IF($D$82="","",$D$82) | E84: 영상 | G84: =IF($G$82="","",$G$82) | L84: =IF(SUM(U84:AY84)=0,"",SUM(U84:AY84)) | M84: =IFERROR(INDEX(U$2:AY$2,MATCH(TRUE,INDEX(U84:AY84<>"",0),0)),"") | N84: =IFERROR(LOOKUP(2,1/(U84:AY84<>""),U$2:AY$2),"")
A85: =IF($D$85="","",26) | C85: 마케팅2팀 | E85: 기획 | H85: =IF($I$85="","",IF($I$85<0,"🔴지연",IF($I$85<=1,"🟡임박","🟢여유"))) | I85: =IF(OR($G$85="",$K$85=""),"",$G$85-$K$85) | J85: =IF(SUM($L$85:$L$87)=0,"",SUM($L$85:$L$87)) | K85: =IF($J$85="","",MAX($N$85:$N$87)) | L85: =IF(SUM(U85:AY85)=0,"",SUM(U85:AY85)) | M85: =IFERROR(INDEX(U$2:AY$2,MATCH(TRUE,INDEX(U85:AY85<>"",0),0)),"") | N85: =IFERROR(LOOKUP(2,1/(U85:AY85<>""),U$2:AY$2),"")
B86: =IF($B$85="","",$B$85) | C86: 마케팅2팀 | D86: =IF($D$85="","",$D$85) | E86: 이미지 | G86: =IF($G$85="","",$G$85) | L86: =IF(SUM(U86:AY86)=0,"",SUM(U86:AY86)) | M86: =IFERROR(INDEX(U$2:AY$2,MATCH(TRUE,INDEX(U86:AY86<>"",0),0)),"") | N86: =IFERROR(LOOKUP(2,1/(U86:AY86<>""),U$2:AY$2),"")
B87: =IF($B$85="","",$B$85) | C87: 마케팅2팀 | D87: =IF($D$85="","",$D$85) | E87: 영상 | G87: =IF($G$85="","",$G$85) | L87: =IF(SUM(U87:AY87)=0,"",SUM(U87:AY87)) | M87: =IFERROR(INDEX(U$2:AY$2,MATCH(TRUE,INDEX(U87:AY87<>"",0),0)),"") | N87: =IFERROR(LOOKUP(2,1/(U87:AY87<>""),U$2:AY$2),"")
A88: =IF($D$88="","",27) | C88: 마케팅2팀 | E88: 기획 | H88: =IF($I$88="","",IF($I$88<0,"🔴지연",IF($I$88<=1,"🟡임박","🟢여유"))) | I88: =IF(OR($G$88="",$K$88=""),"",$G$88-$K$88) | J88: =IF(SUM($L$88:$L$90)=0,"",SUM($L$88:$L$90)) | K88: =IF($J$88="","",MAX($N$88:$N$90)) | L88: =IF(SUM(U88:AY88)=0,"",SUM(U88:AY88)) | M88: =IFERROR(INDEX(U$2:AY$2,MATCH(TRUE,INDEX(U88:AY88<>"",0),0)),"") | N88: =IFERROR(LOOKUP(2,1/(U88:AY88<>""),U$2:AY$2),"")
B89: =IF($B$88="","",$B$88) | C89: 마케팅2팀 | D89: =IF($D$88="","",$D$88) | E89: 이미지 | G89: =IF($G$88="","",$G$88) | L89: =IF(SUM(U89:AY89)=0,"",SUM(U89:AY89)) | M89: =IFERROR(INDEX(U$2:AY$2,MATCH(TRUE,INDEX(U89:AY89<>"",0),0)),"") | N89: =IFERROR(LOOKUP(2,1/(U89:AY89<>""),U$2:AY$2),"")
B90: =IF($B$88="","",$B$88) | C90: 마케팅2팀 | D90: =IF($D$88="","",$D$88) | E90: 영상 | G90: =IF($G$88="","",$G$88) | L90: =IF(SUM(U90:AY90)=0,"",SUM(U90:AY90)) | M90: =IFERROR(INDEX(U$2:AY$2,MATCH(TRUE,INDEX(U90:AY90<>"",0),0)),"") | N90: =IFERROR(LOOKUP(2,1/(U90:AY90<>""),U$2:AY$2),"")
A91: =IF($D$91="","",28) | C91: 마케팅2팀 | E91: 기획 | H91: =IF($I$91="","",IF($I$91<0,"🔴지연",IF($I$91<=1,"🟡임박","🟢여유"))) | I91: =IF(OR($G$91="",$K$91=""),"",$G$91-$K$91) | J91: =IF(SUM($L$91:$L$93)=0,"",SUM($L$91:$L$93)) | K91: =IF($J$91="","",MAX($N$91:$N$93)) | L91: =IF(SUM(U91:AY91)=0,"",SUM(U91:AY91)) | M91: =IFERROR(INDEX(U$2:AY$2,MATCH(TRUE,INDEX(U91:AY91<>"",0),0)),"") | N91: =IFERROR(LOOKUP(2,1/(U91:AY91<>""),U$2:AY$2),"")
B92: =IF($B$91="","",$B$91) | C92: 마케팅2팀 | D92: =IF($D$91="","",$D$91) | E92: 이미지 | G92: =IF($G$91="","",$G$91) | L92: =IF(SUM(U92:AY92)=0,"",SUM(U92:AY92)) | M92: =IFERROR(INDEX(U$2:AY$2,MATCH(TRUE,INDEX(U92:AY92<>"",0),0)),"") | N92: =IFERROR(LOOKUP(2,1/(U92:AY92<>""),U$2:AY$2),"")
B93: =IF($B$91="","",$B$91) | C93: 마케팅2팀 | D93: =IF($D$91="","",$D$91) | E93: 영상 | G93: =IF($G$91="","",$G$91) | L93: =IF(SUM(U93:AY93)=0,"",SUM(U93:AY93)) | M93: =IFERROR(INDEX(U$2:AY$2,MATCH(TRUE,INDEX(U93:AY93<>"",0),0)),"") | N93: =IFERROR(LOOKUP(2,1/(U93:AY93<>""),U$2:AY$2),"")
A94: =IF($D$94="","",29) | C94: 마케팅2팀 | E94: 기획 | H94: =IF($I$94="","",IF($I$94<0,"🔴지연",IF($I$94<=1,"🟡임박","🟢여유"))) | I94: =IF(OR($G$94="",$K$94=""),"",$G$94-$K$94) | J94: =IF(SUM($L$94:$L$96)=0,"",SUM($L$94:$L$96)) | K94: =IF($J$94="","",MAX($N$94:$N$96)) | L94: =IF(SUM(U94:AY94)=0,"",SUM(U94:AY94)) | M94: =IFERROR(INDEX(U$2:AY$2,MATCH(TRUE,INDEX(U94:AY94<>"",0),0)),"") | N94: =IFERROR(LOOKUP(2,1/(U94:AY94<>""),U$2:AY$2),"")
B95: =IF($B$94="","",$B$94) | C95: 마케팅2팀 | D95: =IF($D$94="","",$D$94) | E95: 이미지 | G95: =IF($G$94="","",$G$94) | L95: =IF(SUM(U95:AY95)=0,"",SUM(U95:AY95)) | M95: =IFERROR(INDEX(U$2:AY$2,MATCH(TRUE,INDEX(U95:AY95<>"",0),0)),"") | N95: =IFERROR(LOOKUP(2,1/(U95:AY95<>""),U$2:AY$2),"")
B96: =IF($B$94="","",$B$94) | C96: 마케팅2팀 | D96: =IF($D$94="","",$D$94) | E96: 영상 | G96: =IF($G$94="","",$G$94) | L96: =IF(SUM(U96:AY96)=0,"",SUM(U96:AY96)) | M96: =IFERROR(INDEX(U$2:AY$2,MATCH(TRUE,INDEX(U96:AY96<>"",0),0)),"") | N96: =IFERROR(LOOKUP(2,1/(U96:AY96<>""),U$2:AY$2),"")
A97: =IF($D$97="","",30) | C97: 마케팅2팀 | E97: 기획 | H97: =IF($I$97="","",IF($I$97<0,"🔴지연",IF($I$97<=1,"🟡임박","🟢여유"))) | I97: =IF(OR($G$97="",$K$97=""),"",$G$97-$K$97) | J97: =IF(SUM($L$97:$L$99)=0,"",SUM($L$97:$L$99)) | K97: =IF($J$97="","",MAX($N$97:$N$99)) | L97: =IF(SUM(U97:AY97)=0,"",SUM(U97:AY97)) | M97: =IFERROR(INDEX(U$2:AY$2,MATCH(TRUE,INDEX(U97:AY97<>"",0),0)),"") | N97: =IFERROR(LOOKUP(2,1/(U97:AY97<>""),U$2:AY$2),"")
B98: =IF($B$97="","",$B$97) | C98: 마케팅2팀 | D98: =IF($D$97="","",$D$97) | E98: 이미지 | G98: =IF($G$97="","",$G$97) | L98: =IF(SUM(U98:AY98)=0,"",SUM(U98:AY98)) | M98: =IFERROR(INDEX(U$2:AY$2,MATCH(TRUE,INDEX(U98:AY98<>"",0),0)),"") | N98: =IFERROR(LOOKUP(2,1/(U98:AY98<>""),U$2:AY$2),"")
B99: =IF($B$97="","",$B$97) | C99: 마케팅2팀 | D99: =IF($D$97="","",$D$97) | E99: 영상 | G99: =IF($G$97="","",$G$97) | L99: =IF(SUM(U99:AY99)=0,"",SUM(U99:AY99)) | M99: =IFERROR(INDEX(U$2:AY$2,MATCH(TRUE,INDEX(U99:AY99<>"",0),0)),"") | N99: =IFERROR(LOOKUP(2,1/(U99:AY99<>""),U$2:AY$2),"")
A100: =IF($D$100="","",31) | C100: 마케팅2팀 | E100: 기획 | H100: =IF($I$100="","",IF($I$100<0,"🔴지연",IF($I$100<=1,"🟡임박","🟢여유"))) | I100: =IF(OR($G$100="",$K$100=""),"",$G$100-$K$100) | J100: =IF(SUM($L$100:$L$102)=0,"",SUM($L$100:$L$102)) | K100: =IF($J$100="","",MAX($N$100:$N$102)) | L100: =IF(SUM(U100:AY100)=0,"",SUM(U100:AY100)) | M100: =IFERROR(INDEX(U$2:AY$2,MATCH(TRUE,INDEX(U100:AY100<>"",0),0)),"") | N100: =IFERROR(LOOKUP(2,1/(U100:AY100<>""),U$2:AY$2),"")
...

Sheet 3월
A1: 3월 소재 정보 (소재 1개 = 기획/이미지/영상 3줄) | G1: 고객사 전달일 기준 (자동) | L1: 직군별 집계 (자동) | O1: 수량 (소재당 1번) | R1: 관리 | U1: 3월 간트 - 날짜 칸에 실제 MD 직접 입력 | 상단 4줄 = 일자별 직군 TO 상태
A2: No | B2: 게임 타이틀 | C2: 고객팀 | D2: 소재명(업무명) | E2: 직군 | F2: 담당자 | G2: 고객사 전달일 | H2: 신호 | I2: 전달일 여유 | J2: 소재 총MD | K2: 소재 최종완료 | L2: 직군 MD | M2: 직군 시작일 | N2: 직군 완료일 | O2: 영상 수 | P2: 사이즈 베리 | Q2: 다국어 베리 | R2: 상태 | S2: 비고 | U2: =IF(MONTH(DATE('마스터'!$J$3,3,1)+0)=3,DATE('마스터'!$J$3,3,1)+0,"") | V2: =IF(MONTH(DATE('마스터'!$J$3,3,1)+1)=3,DATE('마스터'!$J$3,3,1)+1,"") | W2: =IF(MONTH(DATE('마스터'!$J$3,3,1)+2)=3,DATE('마스터'!$J$3,3,1)+2,"") | X2: =IF(MONTH(DATE('마스터'!$J$3,3,1)+3)=3,DATE('마스터'!$J$3,3,1)+3,"") | Y2: =IF(MONTH(DATE('마스터'!$J$3,3,1)+4)=3,DATE('마스터'!$J$3,3,1)+4,"") | Z2: =IF(MONTH(DATE('마스터'!$J$3,3,1)+5)=3,DATE('마스터'!$J$3,3,1)+5,"") | AA2: =IF(MONTH(DATE('마스터'!$J$3,3,1)+6)=3,DATE('마스터'!$J$3,3,1)+6,"") | AB2: =IF(MONTH(DATE('마스터'!$J$3,3,1)+7)=3,DATE('마스터'!$J$3,3,1)+7,"") | AC2: =IF(MONTH(DATE('마스터'!$J$3,3,1)+8)=3,DATE('마스터'!$J$3,3,1)+8,"") | AD2: =IF(MONTH(DATE('마스터'!$J$3,3,1)+9)=3,DATE('마스터'!$J$3,3,1)+9,"") | AE2: =IF(MONTH(DATE('마스터'!$J$3,3,1)+10)=3,DATE('마스터'!$J$3,3,1)+10,"") | AF2: =IF(MONTH(DATE('마스터'!$J$3,3,1)+11)=3,DATE('마스터'!$J$3,3,1)+11,"") | AG2: =IF(MONTH(DATE('마스터'!$J$3,3,1)+12)=3,DATE('마스터'!$J$3,3,1)+12,"") | AH2: =IF(MONTH(DATE('마스터'!$J$3,3,1)+13)=3,DATE('마스터'!$J$3,3,1)+13,"") | AI2: =IF(MONTH(DATE('마스터'!$J$3,3,1)+14)=3,DATE('마스터'!$J$3,3,1)+14,"") | AJ2: =IF(MONTH(DATE('마스터'!$J$3,3,1)+15)=3,DATE('마스터'!$J$3,3,1)+15,"") | AK2: =IF(MONTH(DATE('마스터'!$J$3,3,1)+16)=3,DATE('마스터'!$J$3,3,1)+16,"") | AL2: =IF(MONTH(DATE('마스터'!$J$3,3,1)+17)=3,DATE('마스터'!$J$3,3,1)+17,"") | AM2: =IF(MONTH(DATE('마스터'!$J$3,3,1)+18)=3,DATE('마스터'!$J$3,3,1)+18,"") | AN2: =IF(MONTH(DATE('마스터'!$J$3,3,1)+19)=3,DATE('마스터'!$J$3,3,1)+19,"") | AO2: =IF(MONTH(DATE('마스터'!$J$3,3,1)+20)=3,DATE('마스터'!$J$3,3,1)+20,"") | AP2: =IF(MONTH(DATE('마스터'!$J$3,3,1)+21)=3,DATE('마스터'!$J$3,3,1)+21,"") | AQ2: =IF(MONTH(DATE('마스터'!$J$3,3,1)+22)=3,DATE('마스터'!$J$3,3,1)+22,"") | AR2: =IF(MONTH(DATE('마스터'!$J$3,3,1)+23)=3,DATE('마스터'!$J$3,3,1)+23,"") | AS2: =IF(MONTH(DATE('마스터'!$J$3,3,1)+24)=3,DATE('마스터'!$J$3,3,1)+24,"") | AT2: =IF(MONTH(DATE('마스터'!$J$3,3,1)+25)=3,DATE('마스터'!$J$3,3,1)+25,"") | AU2: =IF(MONTH(DATE('마스터'!$J$3,3,1)+26)=3,DATE('마스터'!$J$3,3,1)+26,"") | AV2: =IF(MONTH(DATE('마스터'!$J$3,3,1)+27)=3,DATE('마스터'!$J$3,3,1)+27,"") | AW2: =IF(MONTH(DATE('마스터'!$J$3,3,1)+28)=3,DATE('마스터'!$J$3,3,1)+28,"") | AX2: =IF(MONTH(DATE('마스터'!$J$3,3,1)+29)=3,DATE('마스터'!$J$3,3,1)+29,"") | AY2: =IF(MONTH(DATE('마스터'!$J$3,3,1)+30)=3,DATE('마스터'!$J$3,3,1)+30,"")
A3: 전체 TO (일자별 부하) | G3: 정원 | H3: =SUM('마스터'!$J$8:$J$10) | U3: =SUM(U$9:U$312) | V3: =SUM(V$9:V$312) | W3: =SUM(W$9:W$312) | X3: =SUM(X$9:X$312) | Y3: =SUM(Y$9:Y$312) | Z3: =SUM(Z$9:Z$312) | AA3: =SUM(AA$9:AA$312) | AB3: =SUM(AB$9:AB$312) | ... AY3: =SUM(AY$9:AY$312)
A4: 영상 TO | G4: 정원 | H4: ='마스터'!$J$8 | U4: =SUMIF($E$9:$E$312,"영상",U$9:U$312) | V4: =SUMIF($E$9:$E$312,"영상",V$9:V$312) | W4: =SUMIF($E$9:$E$312,"영상",W$9:W$312) | X4: =SUMIF($E$9:$E$312,"영상",X$9:X$312) | Y4: =SUMIF($E$9:$E$312,"영상",Y$9:Y$312) | Z4: =SUMIF($E$9:$E$312,"영상",Z$9:Z$312) | AA4: =SUMIF($E$9:$E$312,"영상",AA$9:AA$312) | AB4: =SUMIF($E$9:$E$312,"영상",AB$9:AB$312) | ... AY4: =SUMIF($E$9:$E$312,"영상",AY$9:AY$312)
A5: 이미지 TO | G5: 정원 | H5: ='마스터'!$J$9 | U5: =SUMIF($E$9:$E$312,"이미지",U$9:U$312) | V5: =SUMIF($E$9:$E$312,"이미지",V$9:V$312) | W5: =SUMIF($E$9:$E$312,"이미지",W$9:W$312) | X5: =SUMIF($E$9:$E$312,"이미지",X$9:X$312) | Y5: =SUMIF($E$9:$E$312,"이미지",Y$9:Y$312) | Z5: =SUMIF($E$9:$E$312,"이미지",Z$9:Z$312) | AA5: =SUMIF($E$9:$E$312,"이미지",AA$9:AA$312) | AB5: =SUMIF($E$9:$E$312,"이미지",AB$9:AB$312) | ... AY5: =SUMIF($E$9:$E$312,"이미지",AY$9:AY$312)
A6: 기획 TO | G6: 정원 | H6: ='마스터'!$J$10 | U6: =SUMIF($E$9:$E$312,"기획",U$9:U$312) | V6: =SUMIF($E$9:$E$312,"기획",V$9:V$312) | W6: =SUMIF($E$9:$E$312,"기획",W$9:W$312) | X6: =SUMIF($E$9:$E$312,"기획",X$9:X$312) | Y6: =SUMIF($E$9:$E$312,"기획",Y$9:Y$312) | Z6: =SUMIF($E$9:$E$312,"기획",Z$9:Z$312) | AA6: =SUMIF($E$9:$E$312,"기획",AA$9:AA$312) | AB6: =SUMIF($E$9:$E$312,"기획",AB$9:AB$312) | ... AY6: =SUMIF($E$9:$E$312,"기획",AY$9:AY$312)
A7: ▼ 아래부터 입력. 노란칸=직접 입력 / 회색칸=자동(건드리지 마세요)
A8: 마케팅1팀 (9~68행 · 소재 20개)
A9: =IF($D$9="","",1) | C9: 마케팅1팀 | E9: 기획 | H9: =IF($I$9="","",IF($I$9<0,"🔴지연",IF($I$9<=1,"🟡임박","🟢여유"))) | I9: =IF(OR($G$9="",$K$9=""),"",$G$9-$K$9) | J9: =IF(SUM($L$9:$L$11)=0,"",SUM($L$9:$L$11)) | K9: =IF($J$9="","",MAX($N$9:$N$11)) | L9: =IF(SUM(U9:AY9)=0,"",SUM(U9:AY9)) | M9: =IFERROR(INDEX(U$2:AY$2,MATCH(TRUE,INDEX(U9:AY9<>"",0),0)),"") | N9: =IFERROR(LOOKUP(2,1/(U9:AY9<>""),U$2:AY$2),"")
B10: =IF($B$9="","",$B$9) | C10: 마케팅1팀 | D10: =IF($D$9="","",$D$9) | E10: 이미지 | G10: =IF($G$9="","",$G$9) | L10: =IF(SUM(U10:AY10)=0,"",SUM(U10:AY10)) | M10: =IFERROR(INDEX(U$2:AY$2,MATCH(TRUE,INDEX(U10:AY10<>"",0),0)),"") | N10: =IFERROR(LOOKUP(2,1/(U10:AY10<>""),U$2:AY$2),"")
B11: =IF($B$9="","",$B$9) | C11: 마케팅1팀 | D11: =IF($D$9="","",$D$9) | E11: 영상 | G11: =IF($G$9="","",$G$9) | L11: =IF(SUM(U11:AY11)=0,"",SUM(U11:AY11)) | M11: =IFERROR(INDEX(U$2:AY$2,MATCH(TRUE,INDEX(U11:AY11<>"",0),0)),"") | N11: =IFERROR(LOOKUP(2,1/(U11:AY11<>""),U$2:AY$2),"")
A12: =IF($D$12="","",2) | C12: 마케팅1팀 | E12: 기획 | H12: =IF($I$12="","",IF($I$12<0,"🔴지연",IF($I$12<=1,"🟡임박","🟢여유"))) | I12: =IF(OR($G$12="",$K$12=""),"",$G$12-$K$12) | J12: =IF(SUM($L$12:$L$14)=0,"",SUM($L$12:$L$14)) | K12: =IF($J$12="","",MAX($N$12:$N$14)) | L12: =IF(SUM(U12:AY12)=0,"",SUM(U12:AY12)) | M12: =IFERROR(INDEX(U$2:AY$2,MATCH(TRUE,INDEX(U12:AY12<>"",0),0)),"") | N12: =IFERROR(LOOKUP(2,1/(U12:AY12<>""),U$2:AY$2),"")
B13: =IF($B$12="","",$B$12) | C13: 마케팅1팀 | D13: =IF($D$12="","",$D$12) | E13: 이미지 | G13: =IF($G$12="","",$G$12) | L13: =IF(SUM(U13:AY13)=0,"",SUM(U13:AY13)) | M13: =IFERROR(INDEX(U$2:AY$2,MATCH(TRUE,INDEX(U13:AY13<>"",0),0)),"") | N13: =IFERROR(LOOKUP(2,1/(U13:AY13<>""),U$2:AY$2),"")
B14: =IF($B$12="","",$B$12) | C14: 마케팅1팀 | D14: =IF($D$12="","",$D$12) | E14: 영상 | G14: =IF($G$12="","",$G$12) | L14: =IF(SUM(U14:AY14)=0,"",SUM(U14:AY14)) | M14: =IFERROR(INDEX(U$2:AY$2,MATCH(TRUE,INDEX(U14:AY14<>"",0),0)),"") | N14: =IFERROR(LOOKUP(2,1/(U14:AY14<>""),U$2:AY$2),"")
A15: =IF($D$15="","",3) | C15: 마케팅1팀 | E15: 기획 | H15: =IF($I$15="","",IF($I$15<0,"🔴지연",IF($I$15<=1,"🟡임박","🟢여유"))) | I15: =IF(OR($G$15="",$K$15=""),"",$G$15-$K$15) | J15: =IF(SUM($L$15:$L$17)=0,"",SUM($L$15:$L$17)) | K15: =IF($J$15="","",MAX($N$15:$N$17)) | L15: =IF(SUM(U15:AY15)=0,"",SUM(U15:AY15)) | M15: =IFERROR(INDEX(U$2:AY$2,MATCH(TRUE,INDEX(U15:AY15<>"",0),0)),"") | N15: =IFERROR(LOOKUP(2,1/(U15:AY15<>""),U$2:AY$2),"")
B16: =IF($B$15="","",$B$15) | C16: 마케팅1팀 | D16: =IF($D$15="","",$D$15) | E16: 이미지 | G16: =IF($G$15="","",$G$15) | L16: =IF(SUM(U16:AY16)=0,"",SUM(U16:AY16)) | M16: =IFERROR(INDEX(U$2:AY$2,MATCH(TRUE,INDEX(U16:AY16<>"",0),0)),"") | N16: =IFERROR(LOOKUP(2,1/(U16:AY16<>""),U$2:AY$2),"")
B17: =IF($B$15="","",$B$15) | C17: 마케팅1팀 | D17: =IF($D$15="","",$D$15) | E17: 영상 | G17: =IF($G$15="","",$G$15) | L17: =IF(SUM(U17:AY17)=0,"",SUM(U17:AY17)) | M17: =IFERROR(INDEX(U$2:AY$2,MATCH(TRUE,INDEX(U17:AY17<>"",0),0)),"") | N17: =IFERROR(LOOKUP(2,1/(U17:AY17<>""),U$2:AY$2),"")
A18: =IF($D$18="","",4) | C18: 마케팅1팀 | E18: 기획 | H18: =IF($I$18="","",IF($I$18<0,"🔴지연",IF($I$18<=1,"🟡임박","🟢여유"))) | I18: =IF(OR($G$18="",$K$18=""),"",$G$18-$K$18) | J18: =IF(SUM($L$18:$L$20)=0,"",SUM($L$18:$L$20)) | K18: =IF($J$18="","",MAX($N$18:$N$20)) | L18: =IF(SUM(U18:AY18)=0,"",SUM(U18:AY18)) | M18: =IFERROR(INDEX(U$2:AY$2,MATCH(TRUE,INDEX(U18:AY18<>"",0),0)),"") | N18: =IFERROR(LOOKUP(2,1/(U18:AY18<>""),U$2:AY$2),"")
B19: =IF($B$18="","",$B$18) | C19: 마케팅1팀 | D19: =IF($D$18="","",$D$18) | E19: 이미지 | G19: =IF($G$18="","",$G$18) | L19: =IF(SUM(U19:AY19)=0,"",SUM(U19:AY19)) | M19: =IFERROR(INDEX(U$2:AY$2,MATCH(TRUE,INDEX(U19:AY19<>"",0),0)),"") | N19: =IFERROR(LOOKUP(2,1/(U19:AY19<>""),U$2:AY$2),"")
B20: =IF($B$18="","",$B$18) | C20: 마케팅1팀 | D20: =IF($D$18="","",$D$18) | E20: 영상 | G20: =IF($G$18="","",$G$18) | L20: =IF(SUM(U20:AY20)=0,"",SUM(U20:AY20)) | M20: =IFERROR(INDEX(U$2:AY$2,MATCH(TRUE,INDEX(U20:AY20<>"",0),0)),"") | N20: =IFERROR(LOOKUP(2,1/(U20:AY20<>""),U$2:AY$2),"")
A21: =IF($D$21="","",5) | C21: 마케팅1팀 | E21: 기획 | H21: =IF($I$21="","",IF($I$21<0,"🔴지연",IF($I$21<=1,"🟡임박","🟢여유"))) | I21: =IF(OR($G$21="",$K$21=""),"",$G$21-$K$21) | J21: =IF(SUM($L$21:$L$23)=0,"",SUM($L$21:$L$23)) | K21: =IF($J$21="","",MAX($N$21:$N$23)) | L21: =IF(SUM(U21:AY21)=0,"",SUM(U21:AY21)) | M21: =IFERROR(INDEX(U$2:AY$2,MATCH(TRUE,INDEX(U21:AY21<>"",0),0)),"") | N21: =IFERROR(LOOKUP(2,1/(U21:AY21<>""),U$2:AY$2),"")
B22: =IF($B$21="","",$B$21) | C22: 마케팅1팀 | D22: =IF($D$21="","",$D$21) | E22: 이미지 | G22: =IF($G$21="","",$G$21) | L22: =IF(SUM(U22:AY22)=0,"",SUM(U22:AY22)) | M22: =IFERROR(INDEX(U$2:AY$2,MATCH(TRUE,INDEX(U22:AY22<>"",0),0)),"") | N22: =IFERROR(LOOKUP(2,1/(U22:AY22<>""),U$2:AY$2),"")
B23: =IF($B$21="","",$B$21) | C23: 마케팅1팀 | D23: =IF($D$21="","",$D$21) | E23: 영상 | G23: =IF($G$21="","",$G$21) | L23: =IF(SUM(U23:AY23)=0,"",SUM(U23:AY23)) | M23: =IFERROR(INDEX(U$2:AY$2,MATCH(TRUE,INDEX(U23:AY23<>"",0),0)),"") | N23: =IFERROR(LOOKUP(2,1/(U23:AY23<>""),U$2:AY$2),"")
A24: =IF($D$24="","",6) | C24: 마케팅1팀 | E24: 기획 | H24: =IF($I$24="","",IF($I$24<0,"🔴지연",IF($I$24<=1,"🟡임박","🟢여유"))) | I24: =IF(OR($G$24="",$K$24=""),"",$G$24-$K$24) | J24: =IF(SUM($L$24:$L$26)=0,"",SUM($L$24:$L$26)) | K24: =IF($J$24="","",MAX($N$24:$N$26)) | L24: =IF(SUM(U24:AY24)=0,"",SUM(U24:AY24)) | M24: =IFERROR(INDEX(U$2:AY$2,MATCH(TRUE,INDEX(U24:AY24<>"",0),0)),"") | N24: =IFERROR(LOOKUP(2,1/(U24:AY24<>""),U$2:AY$2),"")
B25: =IF($B$24="","",$B$24) | C25: 마케팅1팀 | D25: =IF($D$24="","",$D$24) | E25: 이미지 | G25: =IF($G$24="","",$G$24) | L25: =IF(SUM(U25:AY25)=0,"",SUM(U25:AY25)) | M25: =IFERROR(INDEX(U$2:AY$2,MATCH(TRUE,INDEX(U25:AY25<>"",0),0)),"") | N25: =IFERROR(LOOKUP(2,1/(U25:AY25<>""),U$2:AY$2),"")
B26: =IF($B$24="","",$B$24) | C26: 마케팅1팀 | D26: =IF($D$24="","",$D$24) | E26: 영상 | G26: =IF($G$24="","",$G$24) | L26: =IF(SUM(U26:AY26)=0,"",SUM(U26:AY26)) | M26: =IFERROR(INDEX(U$2:AY$2,MATCH(TRUE,INDEX(U26:AY26<>"",0),0)),"") | N26: =IFERROR(LOOKUP(2,1/(U26:AY26<>""),U$2:AY$2),"")
A27: =IF($D$27="","",7) | C27: 마케팅1팀 | E27: 기획 | H27: =IF($I$27="","",IF($I$27<0,"🔴지연",IF($I$27<=1,"🟡임박","🟢여유"))) | I27: =IF(OR($G$27="",$K$27=""),"",$G$27-$K$27) | J27: =IF(SUM($L$27:$L$29)=0,"",SUM($L$27:$L$29)) | K27: =IF($J$27="","",MAX($N$27:$N$29)) | L27: =IF(SUM(U27:AY27)=0,"",SUM(U27:AY27)) | M27: =IFERROR(INDEX(U$2:AY$2,MATCH(TRUE,INDEX(U27:AY27<>"",0),0)),"") | N27: =IFERROR(LOOKUP(2,1/(U27:AY27<>""),U$2:AY$2),"")
B28: =IF($B$27="","",$B$27) | C28: 마케팅1팀 | D28: =IF($D$27="","",$D$27) | E28: 이미지 | G28: =IF($G$27="","",$G$27) | L28: =IF(SUM(U28:AY28)=0,"",SUM(U28:AY28)) | M28: =IFERROR(INDEX(U$2:AY$2,MATCH(TRUE,INDEX(U28:AY28<>"",0),0)),"") | N28: =IFERROR(LOOKUP(2,1/(U28:AY28<>""),U$2:AY$2),"")
B29: =IF($B$27="","",$B$27) | C29: 마케팅1팀 | D29: =IF($D$27="","",$D$27) | E29: 영상 | G29: =IF($G$27="","",$G$27) | L29: =IF(SUM(U29:AY29)=0,"",SUM(U29:AY29)) | M29: =IFERROR(INDEX(U$2:AY$2,MATCH(TRUE,INDEX(U29:AY29<>"",0),0)),"") | N29: =IFERROR(LOOKUP(2,1/(U29:AY29<>""),U$2:AY$2),"")
A30: =IF($D$30="","",8) | C30: 마케팅1팀 | E30: 기획 | H30: =IF($I$30="","",IF($I$30<0,"🔴지연",IF($I$30<=1,"🟡임박","🟢여유"))) | I30: =IF(OR($G$30="",$K$30=""),"",$G$30-$K$30) | J30: =IF(SUM($L$30:$L$32)=0,"",SUM($L$30:$L$32)) | K30: =IF($J$30="","",MAX($N$30:$N$32)) | L30: =IF(SUM(U30:AY30)=0,"",SUM(U30:AY30)) | M30: =IFERROR(INDEX(U$2:AY$2,MATCH(TRUE,INDEX(U30:AY30<>"",0),0)),"") | N30: =IFERROR(LOOKUP(2,1/(U30:AY30<>""),U$2:AY$2),"")
B31: =IF($B$30="","",$B$30) | C31: 마케팅1팀 | D31: =IF($D$30="","",$D$30) | E31: 이미지 | G31: =IF($G$30="","",$G$30) | L31: =IF(SUM(U31:AY31)=0,"",SUM(U31:AY31)) | M31: =IFERROR(INDEX(U$2:AY$2,MATCH(TRUE,INDEX(U31:AY31<>"",0),0)),"") | N31: =IFERROR(LOOKUP(2,1/(U31:AY31<>""),U$2:AY$2),"")
B32: =IF($B$30="","",$B$30) | C32: 마케팅1팀 | D32: =IF($D$30="","",$D$30) | E32: 영상 | G32: =IF($G$30="","",$G$30) | L32: =IF(SUM(U32:AY32)=0,"",SUM(U32:AY32)) | M32: =IFERROR(INDEX(U$2:AY$2,MATCH(TRUE,INDEX(U32:AY32<>"",0),0)),"") | N32: =IFERROR(LOOKUP(2,1/(U32:AY32<>""),U$2:AY$2),"")
A33: =IF($D$33="","",9) | C33: 마케팅1팀 | E33: 기획 | H33: =IF($I$33="","",IF($I$33<0,"🔴지연",IF($I$33<=1,"🟡임박","🟢여유"))) | I33: =IF(OR($G$33="",$K$33=""),"",$G$33-$K$33) | J33: =IF(SUM($L$33:$L$35)=0,"",SUM($L$33:$L$35)) | K33: =IF($J$33="","",MAX($N$33:$N$35)) | L33: =IF(SUM(U33:AY33)=0,"",SUM(U33:AY33)) | M33: =IFERROR(INDEX(U$2:AY$2,MATCH(TRUE,INDEX(U33:AY33<>"",0),0)),"") | N33: =IFERROR(LOOKUP(2,1/(U33:AY33<>""),U$2:AY$2),"")
B34: =IF($B$33="","",$B$33) | C34: 마케팅1팀 | D34: =IF($D$33="","",$D$33) | E34: 이미지 | G34: =IF($G$33="","",$G$33) | L34: =IF(SUM(U34:AY34)=0,"",SUM(U34:AY34)) | M34: =IFERROR(INDEX(U$2:AY$2,MATCH(TRUE,INDEX(U34:AY34<>"",0),0)),"") | N34: =IFERROR(LOOKUP(2,1/(U34:AY34<>""),U$2:AY$2),"")
B35: =IF($B$33="","",$B$33) | C35: 마케팅1팀 | D35: =IF($D$33="","",$D$33) | E35: 영상 | G35: =IF($G$33="","",$G$33) | L35: =IF(SUM(U35:AY35)=0,"",SUM(U35:AY35)) | M35: =IFERROR(INDEX(U$2:AY$2,MATCH(TRUE,INDEX(U35:AY35<>"",0),0)),"") | N35: =IFERROR(LOOKUP(2,1/(U35:AY35<>""),U$2:AY$2),"")
A36: =IF($D$36="","",10) | C36: 마케팅1팀 | E36: 기획 | H36: =IF($I$36="","",IF($I$36<0,"🔴지연",IF($I$36<=1,"🟡임박","🟢여유"))) | I36: =IF(OR($G$36="",$K$36=""),"",$G$36-$K$36) | J36: =IF(SUM($L$36:$L$38)=0,"",SUM($L$36:$L$38)) | K36: =IF($J$36="","",MAX($N$36:$N$38)) | L36: =IF(SUM(U36:AY36)=0,"",SUM(U36:AY36)) | M36: =IFERROR(INDEX(U$2:AY$2,MATCH(TRUE,INDEX(U36:AY36<>"",0),0)),"") | N36: =IFERROR(LOOKUP(2,1/(U36:AY36<>""),U$2:AY$2),"")
B37: =IF($B$36="","",$B$36) | C37: 마케팅1팀 | D37: =IF($D$36="","",$D$36) | E37: 이미지 | G37: =IF($G$36="","",$G$36) | L37: =IF(SUM(U37:AY37)=0,"",SUM(U37:AY37)) | M37: =IFERROR(INDEX(U$2:AY$2,MATCH(TRUE,INDEX(U37:AY37<>"",0),0)),"") | N37: =IFERROR(LOOKUP(2,1/(U37:AY37<>""),U$2:AY$2),"")
B38: =IF($B$36="","",$B$36) | C38: 마케팅1팀 | D38: =IF($D$36="","",$D$36) | E38: 영상 | G38: =IF($G$36="","",$G$36) | L38: =IF(SUM(U38:AY38)=0,"",SUM(U38:AY38)) | M38: =IFERROR(INDEX(U$2:AY$2,MATCH(TRUE,INDEX(U38:AY38<>"",0),0)),"") | N38: =IFERROR(LOOKUP(2,1/(U38:AY38<>""),U$2:AY$2),"")
A39: =IF($D$39="","",11) | C39: 마케팅1팀 | E39: 기획 | H39: =IF($I$39="","",IF($I$39<0,"🔴지연",IF($I$39<=1,"🟡임박","🟢여유"))) | I39: =IF(OR($G$39="",$K$39=""),"",$G$39-$K$39) | J39: =IF(SUM($L$39:$L$41)=0,"",SUM($L$39:$L$41)) | K39: =IF($J$39="","",MAX($N$39:$N$41)) | L39: =IF(SUM(U39:AY39)=0,"",SUM(U39:AY39)) | M39: =IFERROR(INDEX(U$2:AY$2,MATCH(TRUE,INDEX(U39:AY39<>"",0),0)),"") | N39: =IFERROR(LOOKUP(2,1/(U39:AY39<>""),U$2:AY$2),"")
B40: =IF($B$39="","",$B$39) | C40: 마케팅1팀 | D40: =IF($D$39="","",$D$39) | E40: 이미지 | G40: =IF($G$39="","",$G$39) | L40: =IF(SUM(U40:AY40)=0,"",SUM(U40:AY40)) | M40: =IFERROR(INDEX(U$2:AY$2,MATCH(TRUE,INDEX(U40:AY40<>"",0),0)),"") | N40: =IFERROR(LOOKUP(2,1/(U40:AY40<>""),U$2:AY$2),"")
B41: =IF($B$39="","",$B$39) | C41: 마케팅1팀 | D41: =IF($D$39="","",$D$39) | E41: 영상 | G41: =IF($G$39="","",$G$39) | L41: =IF(SUM(U41:AY41)=0,"",SUM(U41:AY41)) | M41: =IFERROR(INDEX(U$2:AY$2,MATCH(TRUE,INDEX(U41:AY41<>"",0),0)),"") | N41: =IFERROR(LOOKUP(2,1/(U41:AY41<>""),U$2:AY$2),"")
A42: =IF($D$42="","",12) | C42: 마케팅1팀 | E42: 기획 | H42: =IF($I$42="","",IF($I$42<0,"🔴지연",IF($I$42<=1,"🟡임박","🟢여유"))) | I42: =IF(OR($G$42="",$K$42=""),"",$G$42-$K$42) | J42: =IF(SUM($L$42:$L$44)=0,"",SUM($L$42:$L$44)) | K42: =IF($J$42="","",MAX($N$42:$N$44)) | L42: =IF(SUM(U42:AY42)=0,"",SUM(U42:AY42)) | M42: =IFERROR(INDEX(U$2:AY$2,MATCH(TRUE,INDEX(U42:AY42<>"",0),0)),"") | N42: =IFERROR(LOOKUP(2,1/(U42:AY42<>""),U$2:AY$2),"")
B43: =IF($B$42="","",$B$42) | C43: 마케팅1팀 | D43: =IF($D$42="","",$D$42) | E43: 이미지 | G43: =IF($G$42="","",$G$42) | L43: =IF(SUM(U43:AY43)=0,"",SUM(U43:AY43)) | M43: =IFERROR(INDEX(U$2:AY$2,MATCH(TRUE,INDEX(U43:AY43<>"",0),0)),"") | N43: =IFERROR(LOOKUP(2,1/(U43:AY43<>""),U$2:AY$2),"")
B44: =IF($B$42="","",$B$42) | C44: 마케팅1팀 | D44: =IF($D$42="","",$D$42) | E44: 영상 | G44: =IF($G$42="","",$G$42) | L44: =IF(SUM(U44:AY44)=0,"",SUM(U44:AY44)) | M44: =IFERROR(INDEX(U$2:AY$2,MATCH(TRUE,INDEX(U44:AY44<>"",0),0)),"") | N44: =IFERROR(LOOKUP(2,1/(U44:AY44<>""),U$2:AY$2),"")
A45: =IF($D$45="","",13) | C45: 마케팅1팀 | E45: 기획 | H45: =IF($I$45="","",IF($I$45<0,"🔴지연",IF($I$45<=1,"🟡임박","🟢여유"))) | I45: =IF(OR($G$45="",$K$45=""),"",$G$45-$K$45) | J45: =IF(SUM($L$45:$L$47)=0,"",SUM($L$45:$L$47)) | K45: =IF($J$45="","",MAX($N$45:$N$47)) | L45: =IF(SUM(U45:AY45)=0,"",SUM(U45:AY45)) | M45: =IFERROR(INDEX(U$2:AY$2,MATCH(TRUE,INDEX(U45:AY45<>"",0),0)),"") | N45: =IFERROR(LOOKUP(2,1/(U45:AY45<>""),U$2:AY$2),"")
B46: =IF($B$45="","",$B$45) | C46: 마케팅1팀 | D46: =IF($D$45="","",$D$45) | E46: 이미지 | G46: =IF($G$45="","",$G$45) | L46: =IF(SUM(U46:AY46)=0,"",SUM(U46:AY46)) | M46: =IFERROR(INDEX(U$2:AY$2,MATCH(TRUE,INDEX(U46:AY46<>"",0),0)),"") | N46: =IFERROR(LOOKUP(2,1/(U46:AY46<>""),U$2:AY$2),"")
B47: =IF($B$45="","",$B$45) | C47: 마케팅1팀 | D47: =IF($D$45="","",$D$45) | E47: 영상 | G47: =IF($G$45="","",$G$45) | L47: =IF(SUM(U47:AY47)=0,"",SUM(U47:AY47)) | M47: =IFERROR(INDEX(U$2:AY$2,MATCH(TRUE,INDEX(U47:AY47<>"",0),0)),"") | N47: =IFERROR(LOOKUP(2,1/(U47:AY47<>""),U$2:AY$2),"")
A48: =IF($D$48="","",14) | C48: 마케팅1팀 | E48: 기획 | H48: =IF($I$48="","",IF($I$48<0,"🔴지연",IF($I$48<=1,"🟡임박","🟢여유"))) | I48: =IF(OR($G$48="",$K$48=""),"",$G$48-$K$48) | J48: =IF(SUM($L$48:$L$50)=0,"",SUM($L$48:$L$50)) | K48: =IF($J$48="","",MAX($N$48:$N$50)) | L48: =IF(SUM(U48:AY48)=0,"",SUM(U48:AY48)) | M48: =IFERROR(INDEX(U$2:AY$2,MATCH(TRUE,INDEX(U48:AY48<>"",0),0)),"") | N48: =IFERROR(LOOKUP(2,1/(U48:AY48<>""),U$2:AY$2),"")
B49: =IF($B$48="","",$B$48) | C49: 마케팅1팀 | D49: =IF($D$48="","",$D$48) | E49: 이미지 | G49: =IF($G$48="","",$G$48) | L49: =IF(SUM(U49:AY49)=0,"",SUM(U49:AY49)) | M49: =IFERROR(INDEX(U$2:AY$2,MATCH(TRUE,INDEX(U49:AY49<>"",0),0)),"") | N49: =IFERROR(LOOKUP(2,1/(U49:AY49<>""),U$2:AY$2),"")
B50: =IF($B$48="","",$B$48) | C50: 마케팅1팀 | D50: =IF($D$48="","",$D$48) | E50: 영상 | G50: =IF($G$48="","",$G$48) | L50: =IF(SUM(U50:AY50)=0,"",SUM(U50:AY50)) | M50: =IFERROR(INDEX(U$2:AY$2,MATCH(TRUE,INDEX(U50:AY50<>"",0),0)),"") | N50: =IFERROR(LOOKUP(2,1/(U50:AY50<>""),U$2:AY$2),"")
A51: =IF($D$51="","",15) | C51: 마케팅1팀 | E51: 기획 | H51: =IF($I$51="","",IF($I$51<0,"🔴지연",IF($I$51<=1,"🟡임박","🟢여유"))) | I51: =IF(OR($G$51="",$K$51=""),"",$G$51-$K$51) | J51: =IF(SUM($L$51:$L$53)=0,"",SUM($L$51:$L$53)) | K51: =IF($J$51="","",MAX($N$51:$N$53)) | L51: =IF(SUM(U51:AY51)=0,"",SUM(U51:AY51)) | M51: =IFERROR(INDEX(U$2:AY$2,MATCH(TRUE,INDEX(U51:AY51<>"",0),0)),"") | N51: =IFERROR(LOOKUP(2,1/(U51:AY51<>""),U$2:AY$2),"")
B52: =IF($B$51="","",$B$51) | C52: 마케팅1팀 | D52: =IF($D$51="","",$D$51) | E52: 이미지 | G52: =IF($G$51="","",$G$51) | L52: =IF(SUM(U52:AY52)=0,"",SUM(U52:AY52)) | M52: =IFERROR(INDEX(U$2:AY$2,MATCH(TRUE,INDEX(U52:AY52<>"",0),0)),"") | N52: =IFERROR(LOOKUP(2,1/(U52:AY52<>""),U$2:AY$2),"")
B53: =IF($B$51="","",$B$51) | C53: 마케팅1팀 | D53: =IF($D$51="","",$D$51) | E53: 영상 | G53: =IF($G$51="","",$G$51) | L53: =IF(SUM(U53:AY53)=0,"",SUM(U53:AY53)) | M53: =IFERROR(INDEX(U$2:AY$2,MATCH(TRUE,INDEX(U53:AY53<>"",0),0)),"") | N53: =IFERROR(LOOKUP(2,1/(U53:AY53<>""),U$2:AY$2),"")
A54: =IF($D$54="","",16) | C54: 마케팅1팀 | E54: 기획 | H54: =IF($I$54="","",IF($I$54<0,"🔴지연",IF($I$54<=1,"🟡임박","🟢여유"))) | I54: =IF(OR($G$54="",$K$54=""),"",$G$54-$K$54) | J54: =IF(SUM($L$54:$L$56)=0,"",SUM($L$54:$L$56)) | K54: =IF($J$54="","",MAX($N$54:$N$56)) | L54: =IF(SUM(U54:AY54)=0,"",SUM(U54:AY54)) | M54: =IFERROR(INDEX(U$2:AY$2,MATCH(TRUE,INDEX(U54:AY54<>"",0),0)),"") | N54: =IFERROR(LOOKUP(2,1/(U54:AY54<>""),U$2:AY$2),"")
B55: =IF($B$54="","",$B$54) | C55: 마케팅1팀 | D55: =IF($D$54="","",$D$54) | E55: 이미지 | G55: =IF($G$54="","",$G$54) | L55: =IF(SUM(U55:AY55)=0,"",SUM(U55:AY55)) | M55: =IFERROR(INDEX(U$2:AY$2,MATCH(TRUE,INDEX(U55:AY55<>"",0),0)),"") | N55: =IFERROR(LOOKUP(2,1/(U55:AY55<>""),U$2:AY$2),"")
B56: =IF($B$54="","",$B$54) | C56: 마케팅1팀 | D56: =IF($D$54="","",$D$54) | E56: 영상 | G56: =IF($G$54="","",$G$54) | L56: =IF(SUM(U56:AY56)=0,"",SUM(U56:AY56)) | M56: =IFERROR(INDEX(U$2:AY$2,MATCH(TRUE,INDEX(U56:AY56<>"",0),0)),"") | N56: =IFERROR(LOOKUP(2,1/(U56:AY56<>""),U$2:AY$2),"")
A57: =IF($D$57="","",17) | C57: 마케팅1팀 | E57: 기획 | H57: =IF($I$57="","",IF($I$57<0,"🔴지연",IF($I$57<=1,"🟡임박","🟢여유"))) | I57: =IF(OR($G$57="",$K$57=""),"",$G$57-$K$57) | J57: =IF(SUM($L$57:$L$59)=0,"",SUM($L$57:$L$59)) | K57: =IF($J$57="","",MAX($N$57:$N$59)) | L57: =IF(SUM(U57:AY57)=0,"",SUM(U57:AY57)) | M57: =IFERROR(INDEX(U$2:AY$2,MATCH(TRUE,INDEX(U57:AY57<>"",0),0)),"") | N57: =IFERROR(LOOKUP(2,1/(U57:AY57<>""),U$2:AY$2),"")
B58: =IF($B$57="","",$B$57) | C58: 마케팅1팀 | D58: =IF($D$57="","",$D$57) | E58: 이미지 | G58: =IF($G$57="","",$G$57) | L58: =IF(SUM(U58:AY58)=0,"",SUM(U58:AY58)) | M58: =IFERROR(INDEX(U$2:AY$2,MATCH(TRUE,INDEX(U58:AY58<>"",0),0)),"") | N58: =IFERROR(LOOKUP(2,1/(U58:AY58<>""),U$2:AY$2),"")
B59: =IF($B$57="","",$B$57) | C59: 마케팅1팀 | D59: =IF($D$57="","",$D$57) | E59: 영상 | G59: =IF($G$57="","",$G$57) | L59: =IF(SUM(U59:AY59)=0,"",SUM(U59:AY59)) | M59: =IFERROR(INDEX(U$2:AY$2,MATCH(TRUE,INDEX(U59:AY59<>"",0),0)),"") | N59: =IFERROR(LOOKUP(2,1/(U59:AY59<>""),U$2:AY$2),"")
A60: =IF($D$60="","",18) | C60: 마케팅1팀 | E60: 기획 | H60: =IF($I$60="","",IF($I$60<0,"🔴지연",IF($I$60<=1,"🟡임박","🟢여유"))) | I60: =IF(OR($G$60="",$K$60=""),"",$G$60-$K$60) | J60: =IF(SUM($L$60:$L$62)=0,"",SUM($L$60:$L$62)) | K60: =IF($J$60="","",MAX($N$60:$N$62)) | L60: =IF(SUM(U60:AY60)=0,"",SUM(U60:AY60)) | M60: =IFERROR(INDEX(U$2:AY$2,MATCH(TRUE,INDEX(U60:AY60<>"",0),0)),"") | N60: =IFERROR(LOOKUP(2,1/(U60:AY60<>""),U$2:AY$2),"")
B61: =IF($B$60="","",$B$60) | C61: 마케팅1팀 | D61: =IF($D$60="","",$D$60) | E61: 이미지 | G61: =IF($G$60="","",$G$60) | L61: =IF(SUM(U61:AY61)=0,"",SUM(U61:AY61)) | M61: =IFERROR(INDEX(U$2:AY$2,MATCH(TRUE,INDEX(U61:AY61<>"",0),0)),"") | N61: =IFERROR(LOOKUP(2,1/(U61:AY61<>""),U$2:AY$2),"")
B62: =IF($B$60="","",$B$60) | C62: 마케팅1팀 | D62: =IF($D$60="","",$D$60) | E62: 영상 | G62: =IF($G$60="","",$G$60) | L62: =IF(SUM(U62:AY62)=0,"",SUM(U62:AY62)) | M62: =IFERROR(INDEX(U$2:AY$2,MATCH(TRUE,INDEX(U62:AY62<>"",0),0)),"") | N62: =IFERROR(LOOKUP(2,1/(U62:AY62<>""),U$2:AY$2),"")
A63: =IF($D$63="","",19) | C63: 마케팅1팀 | E63: 기획 | H63: =IF($I$63="","",IF($I$63<0,"🔴지연",IF($I$63<=1,"🟡임박","🟢여유"))) | I63: =IF(OR($G$63="",$K$63=""),"",$G$63-$K$63) | J63: =IF(SUM($L$63:$L$65)=0,"",SUM($L$63:$L$65)) | K63: =IF($J$63="","",MAX($N$63:$N$65)) | L63: =IF(SUM(U63:AY63)=0,"",SUM(U63:AY63)) | M63: =IFERROR(INDEX(U$2:AY$2,MATCH(TRUE,INDEX(U63:AY63<>"",0),0)),"") | N63: =IFERROR(LOOKUP(2,1/(U63:AY63<>""),U$2:AY$2),"")
B64: =IF($B$63="","",$B$63) | C64: 마케팅1팀 | D64: =IF($D$63="","",$D$63) | E64: 이미지 | G64: =IF($G$63="","",$G$63) | L64: =IF(SUM(U64:AY64)=0,"",SUM(U64:AY64)) | M64: =IFERROR(INDEX(U$2:AY$2,MATCH(TRUE,INDEX(U64:AY64<>"",0),0)),"") | N64: =IFERROR(LOOKUP(2,1/(U64:AY64<>""),U$2:AY$2),"")
B65: =IF($B$63="","",$B$63) | C65: 마케팅1팀 | D65: =IF($D$63="","",$D$63) | E65: 영상 | G65: =IF($G$63="","",$G$63) | L65: =IF(SUM(U65:AY65)=0,"",SUM(U65:AY65)) | M65: =IFERROR(INDEX(U$2:AY$2,MATCH(TRUE,INDEX(U65:AY65<>"",0),0)),"") | N65: =IFERROR(LOOKUP(2,1/(U65:AY65<>""),U$2:AY$2),"")
A66: =IF($D$66="","",20) | C66: 마케팅1팀 | E66: 기획 | H66: =IF($I$66="","",IF($I$66<0,"🔴지연",IF($I$66<=1,"🟡임박","🟢여유"))) | I66: =IF(OR($G$66="",$K$66=""),"",$G$66-$K$66) | J66: =IF(SUM($L$66:$L$68)=0,"",SUM($L$66:$L$68)) | K66: =IF($J$66="","",MAX($N$66:$N$68)) | L66: =IF(SUM(U66:AY66)=0,"",SUM(U66:AY66)) | M66: =IFERROR(INDEX(U$2:AY$2,MATCH(TRUE,INDEX(U66:AY66<>"",0),0)),"") | N66: =IFERROR(LOOKUP(2,1/(U66:AY66<>""),U$2:AY$2),"")
B67: =IF($B$66="","",$B$66) | C67: 마케팅1팀 | D67: =IF($D$66="","",$D$66) | E67: 이미지 | G67: =IF($G$66="","",$G$66) | L67: =IF(SUM(U67:AY67)=0,"",SUM(U67:AY67)) | M67: =IFERROR(INDEX(U$2:AY$2,MATCH(TRUE,INDEX(U67:AY67<>"",0),0)),"") | N67: =IFERROR(LOOKUP(2,1/(U67:AY67<>""),U$2:AY$2),"")
B68: =IF($B$66="","",$B$66) | C68: 마케팅1팀 | D68: =IF($D$66="","",$D$66) | E68: 영상 | G68: =IF($G$66="","",$G$66) | L68: =IF(SUM(U68:AY68)=0,"",SUM(U68:AY68)) | M68: =IFERROR(INDEX(U$2:AY$2,MATCH(TRUE,INDEX(U68:AY68<>"",0),0)),"") | N68: =IFERROR(LOOKUP(2,1/(U68:AY68<>""),U$2:AY$2),"")
A69: 마케팅2팀 (70~129행 · 소재 20개)
A70: =IF($D$70="","",21) | C70: 마케팅2팀 | E70: 기획 | H70: =IF($I$70="","",IF($I$70<0,"🔴지연",IF($I$70<=1,"🟡임박","🟢여유"))) | I70: =IF(OR($G$70="",$K$70=""),"",$G$70-$K$70) | J70: =IF(SUM($L$70:$L$72)=0,"",SUM($L$70:$L$72)) | K70: =IF($J$70="","",MAX($N$70:$N$72)) | L70: =IF(SUM(U70:AY70)=0,"",SUM(U70:AY70)) | M70: =IFERROR(INDEX(U$2:AY$2,MATCH(TRUE,INDEX(U70:AY70<>"",0),0)),"") | N70: =IFERROR(LOOKUP(2,1/(U70:AY70<>""),U$2:AY$2),"")
B71: =IF($B$70="","",$B$70) | C71: 마케팅2팀 | D71: =IF($D$70="","",$D$70) | E71: 이미지 | G71: =IF($G$70="","",$G$70) | L71: =IF(SUM(U71:AY71)=0,"",SUM(U71:AY71)) | M71: =IFERROR(INDEX(U$2:AY$2,MATCH(TRUE,INDEX(U71:AY71<>"",0),0)),"") | N71: =IFERROR(LOOKUP(2,1/(U71:AY71<>""),U$2:AY$2),"")
B72: =IF($B$70="","",$B$70) | C72: 마케팅2팀 | D72: =IF($D$70="","",$D$70) | E72: 영상 | G72: =IF($G$70="","",$G$70) | L72: =IF(SUM(U72:AY72)=0,"",SUM(U72:AY72)) | M72: =IFERROR(INDEX(U$2:AY$2,MATCH(TRUE,INDEX(U72:AY72<>"",0),0)),"") | N72: =IFERROR(LOOKUP(2,1/(U72:AY72<>""),U$2:AY$2),"")
A73: =IF($D$73="","",22) | C73: 마케팅2팀 | E73: 기획 | H73: =IF($I$73="","",IF($I$73<0,"🔴지연",IF($I$73<=1,"🟡임박","🟢여유"))) | I73: =IF(OR($G$73="",$K$73=""),"",$G$73-$K$73) | J73: =IF(SUM($L$73:$L$75)=0,"",SUM($L$73:$L$75)) | K73: =IF($J$73="","",MAX($N$73:$N$75)) | L73: =IF(SUM(U73:AY73)=0,"",SUM(U73:AY73)) | M73: =IFERROR(INDEX(U$2:AY$2,MATCH(TRUE,INDEX(U73:AY73<>"",0),0)),"") | N73: =IFERROR(LOOKUP(2,1/(U73:AY73<>""),U$2:AY$2),"")
B74: =IF($B$73="","",$B$73) | C74: 마케팅2팀 | D74: =IF($D$73="","",$D$73) | E74: 이미지 | G74: =IF($G$73="","",$G$73) | L74: =IF(SUM(U74:AY74)=0,"",SUM(U74:AY74)) | M74: =IFERROR(INDEX(U$2:AY$2,MATCH(TRUE,INDEX(U74:AY74<>"",0),0)),"") | N74: =IFERROR(LOOKUP(2,1/(U74:AY74<>""),U$2:AY$2),"")
B75: =IF($B$73="","",$B$73) | C75: 마케팅2팀 | D75: =IF($D$73="","",$D$73) | E75: 영상 | G75: =IF($G$73="","",$G$73) | L75: =IF(SUM(U75:AY75)=0,"",SUM(U75:AY75)) | M75: =IFERROR(INDEX(U$2:AY$2,MATCH(TRUE,INDEX(U75:AY75<>"",0),0)),"") | N75: =IFERROR(LOOKUP(2,1/(U75:AY75<>""),U$2:AY$2),"")
A76: =IF($D$76="","",23) | C76: 마케팅2팀 | E76: 기획 | H76: =IF($I$76="","",IF($I$76<0,"🔴지연",IF($I$76<=1,"🟡임박","🟢여유"))) | I76: =IF(OR($G$76="",$K$76=""),"",$G$76-$K$76) | J76: =IF(SUM($L$76:$L$78)=0,"",SUM($L$76:$L$78)) | K76: =IF($J$76="","",MAX($N$76:$N$78)) | L76: =IF(SUM(U76:AY76)=0,"",SUM(U76:AY76)) | M76: =IFERROR(INDEX(U$2:AY$2,MATCH(TRUE,INDEX(U76:AY76<>"",0),0)),"") | N76: =IFERROR(LOOKUP(2,1/(U76:AY76<>""),U$2:AY$2),"")
B77: =IF($B$76="","",$B$76) | C77: 마케팅2팀 | D77: =IF($D$76="","",$D$76) | E77: 이미지 | G77: =IF($G$76="","",$G$76) | L77: =IF(SUM(U77:AY77)=0,"",SUM(U77:AY77)) | M77: =IFERROR(INDEX(U$2:AY$2,MATCH(TRUE,INDEX(U77:AY77<>"",0),0)),"") | N77: =IFERROR(LOOKUP(2,1/(U77:AY77<>""),U$2:AY$2),"")
B78: =IF($B$76="","",$B$76) | C78: 마케팅2팀 | D78: =IF($D$76="","",$D$76) | E78: 영상 | G78: =IF($G$76="","",$G$76) | L78: =IF(SUM(U78:AY78)=0,"",SUM(U78:AY78)) | M78: =IFERROR(INDEX(U$2:AY$2,MATCH(TRUE,INDEX(U78:AY78<>"",0),0)),"") | N78: =IFERROR(LOOKUP(2,1/(U78:AY78<>""),U$2:AY$2),"")
A79: =IF($D$79="","",24) | C79: 마케팅2팀 | E79: 기획 | H79: =IF($I$79="","",IF($I$79<0,"🔴지연",IF($I$79<=1,"🟡임박","🟢여유"))) | I79: =IF(OR($G$79="",$K$79=""),"",$G$79-$K$79) | J79: =IF(SUM($L$79:$L$81)=0,"",SUM($L$79:$L$81)) | K79: =IF($J$79="","",MAX($N$79:$N$81)) | L79: =IF(SUM(U79:AY79)=0,"",SUM(U79:AY79)) | M79: =IFERROR(INDEX(U$2:AY$2,MATCH(TRUE,INDEX(U79:AY79<>"",0),0)),"") | N79: =IFERROR(LOOKUP(2,1/(U79:AY79<>""),U$2:AY$2),"")
B80: =IF($B$79="","",$B$79) | C80: 마케팅2팀 | D80: =IF($D$79="","",$D$79) | E80: 이미지 | G80: =IF($G$79="","",$G$79) | L80: =IF(SUM(U80:AY80)=0,"",SUM(U80:AY80)) | M80: =IFERROR(INDEX(U$2:AY$2,MATCH(TRUE,INDEX(U80:AY80<>"",0),0)),"") | N80: =IFERROR(LOOKUP(2,1/(U80:AY80<>""),U$2:AY$2),"")
B81: =IF($B$79="","",$B$79) | C81: 마케팅2팀 | D81: =IF($D$79="","",$D$79) | E81: 영상 | G81: =IF($G$79="","",$G$79) | L81: =IF(SUM(U81:AY81)=0,"",SUM(U81:AY81)) | M81: =IFERROR(INDEX(U$2:AY$2,MATCH(TRUE,INDEX(U81:AY81<>"",0),0)),"") | N81: =IFERROR(LOOKUP(2,1/(U81:AY81<>""),U$2:AY$2),"")
A82: =IF($D$82="","",25) | C82: 마케팅2팀 | E82: 기획 | H82: =IF($I$82="","",IF($I$82<0,"🔴지연",IF($I$82<=1,"🟡임박","🟢여유"))) | I82: =IF(OR($G$82="",$K$82=""),"",$G$82-$K$82) | J82: =IF(SUM($L$82:$L$84)=0,"",SUM($L$82:$L$84)) | K82: =IF($J$82="","",MAX($N$82:$N$84)) | L82: =IF(SUM(U82:AY82)=0,"",SUM(U82:AY82)) | M82: =IFERROR(INDEX(U$2:AY$2,MATCH(TRUE,INDEX(U82:AY82<>"",0),0)),"") | N82: =IFERROR(LOOKUP(2,1/(U82:AY82<>""),U$2:AY$2),"")
B83: =IF($B$82="","",$B$82) | C83: 마케팅2팀 | D83: =IF($D$82="","",$D$82) | E83: 이미지 | G83: =IF($G$82="","",$G$82) | L83: =IF(SUM(U83:AY83)=0,"",SUM(U83:AY83)) | M83: =IFERROR(INDEX(U$2:AY$2,MATCH(TRUE,INDEX(U83:AY83<>"",0),0)),"") | N83: =IFERROR(LOOKUP(2,1/(U83:AY83<>""),U$2:AY$2),"")
B84: =IF($B$82="","",$B$82) | C84: 마케팅2팀 | D84: =IF($D$82="","",$D$82) | E84: 영상 | G84: =IF($G$82="","",$G$82) | L84: =IF(SUM(U84:AY84)=0,"",SUM(U84:AY84)) | M84: =IFERROR(INDEX(U$2:AY$2,MATCH(TRUE,INDEX(U84:AY84<>"",0),0)),"") | N84: =IFERROR(LOOKUP(2,1/(U84:AY84<>""),U$2:AY$2),"")
A85: =IF($D$85="","",26) | C85: 마케팅2팀 | E85: 기획 | H85: =IF($I$85="","",IF($I$85<0,"🔴지연",IF($I$85<=1,"🟡임박","🟢여유"))) | I85: =IF(OR($G$85="",$K$85=""),"",$G$85-$K$85) | J85: =IF(SUM($L$85:$L$87)=0,"",SUM($L$85:$L$87)) | K85: =IF($J$85="","",MAX($N$85:$N$87)) | L85: =IF(SUM(U85:AY85)=0,"",SUM(U85:AY85)) | M85: =IFERROR(INDEX(U$2:AY$2,MATCH(TRUE,INDEX(U85:AY85<>"",0),0)),"") | N85: =IFERROR(LOOKUP(2,1/(U85:AY85<>""),U$2:AY$2),"")
B86: =IF($B$85="","",$B$85) | C86: 마케팅2팀 | D86: =IF($D$85="","",$D$85) | E86: 이미지 | G86: =IF($G$85="","",$G$85) | L86: =IF(SUM(U86:AY86)=0,"",SUM(U86:AY86)) | M86: =IFERROR(INDEX(U$2:AY$2,MATCH(TRUE,INDEX(U86:AY86<>"",0),0)),"") | N86: =IFERROR(LOOKUP(2,1/(U86:AY86<>""),U$2:AY$2),"")
B87: =IF($B$85="","",$B$85) | C87: 마케팅2팀 | D87: =IF($D$85="","",$D$85) | E87: 영상 | G87: =IF($G$85="","",$G$85) | L87: =IF(SUM(U87:AY87)=0,"",SUM(U87:AY87)) | M87: =IFERROR(INDEX(U$2:AY$2,MATCH(TRUE,INDEX(U87:AY87<>"",0),0)),"") | N87: =IFERROR(LOOKUP(2,1/(U87:AY87<>""),U$2:AY$2),"")
A88: =IF($D$88="","",27) | C88: 마케팅2팀 | E88: 기획 | H88: =IF($I$88="","",IF($I$88<0,"🔴지연",IF($I$88<=1,"🟡임박","🟢여유"))) | I88: =IF(OR($G$88="",$K$88=""),"",$G$88-$K$88) | J88: =IF(SUM($L$88:$L$90)=0,"",SUM($L$88:$L$90)) | K88: =IF($J$88="","",MAX($N$88:$N$90)) | L88: =IF(SUM(U88:AY88)=0,"",SUM(U88:AY88)) | M88: =IFERROR(INDEX(U$2:AY$2,MATCH(TRUE,INDEX(U88:AY88<>"",0),0)),"") | N88: =IFERROR(LOOKUP(2,1/(U88:AY88<>""),U$2:AY$2),"")
B89: =IF($B$88="","",$B$88) | C89: 마케팅2팀 | D89: =IF($D$88="","",$D$88) | E89: 이미지 | G89: =IF($G$88="","",$G$88) | L89: =IF(SUM(U89:AY89)=0,"",SUM(U89:AY89)) | M89: =IFERROR(INDEX(U$2:AY$2,MATCH(TRUE,INDEX(U89:AY89<>"",0),0)),"") | N89: =IFERROR(LOOKUP(2,1/(U89:AY89<>""),U$2:AY$2),"")
B90: =IF($B$88="","",$B$88) | C90: 마케팅2팀 | D90: =IF($D$88="","",$D$88) | E90: 영상 | G90: =IF($G$88="","",$G$88) | L90: =IF(SUM(U90:AY90)=0,"",SUM(U90:AY90)) | M90: =IFERROR(INDEX(U$2:AY$2,MATCH(TRUE,INDEX(U90:AY90<>"",0),0)),"") | N90: =IFERROR(LOOKUP(2,1/(U90:AY90<>""),U$2:AY$2),"")
A91: =IF($D$91="","",28) | C91: 마케팅2팀 | E91: 기획 | H91: =IF($I$91="","",IF($I$91<0,"🔴지연",IF($I$91<=1,"🟡임박","🟢여유"))) | I91: =IF(OR($G$91="",$K$91=""),"",$G$91-$K$91) | J91: =IF(SUM($L$91:$L$93)=0,"",SUM($L$91:$L$93)) | K91: =IF($J$91="","",MAX($N$91:$N$93)) | L91: =IF(SUM(U91:AY91)=0,"",SUM(U91:AY91)) | M91: =IFERROR(INDEX(U$2:AY$2,MATCH(TRUE,INDEX(U91:AY91<>"",0),0)),"") | N91: =IFERROR(LOOKUP(2,1/(U91:AY91<>""),U$2:AY$2),"")
B92: =IF($B$91="","",$B$91) | C92: 마케팅2팀 | D92: =IF($D$91="","",$D$91) | E92: 이미지 | G92: =IF($G$91="","",$G$91) | L92: =IF(SUM(U92:AY92)=0,"",SUM(U92:AY92)) | M92: =IFERROR(INDEX(U$2:AY$2,MATCH(TRUE,INDEX(U92:AY92<>"",0),0)),"") | N92: =IFERROR(LOOKUP(2,1/(U92:AY92<>""),U$2:AY$2),"")
B93: =IF($B$91="","",$B$91) | C93: 마케팅2팀 | D93: =IF($D$91="","",$D$91) | E93: 영상 | G93: =IF($G$91="","",$G$91) | L93: =IF(SUM(U93:AY93)=0,"",SUM(U93:AY93)) | M93: =IFERROR(INDEX(U$2:AY$2,MATCH(TRUE,INDEX(U93:AY93<>"",0),0)),"") | N93: =IFERROR(LOOKUP(2,1/(U93:AY93<>""),U$2:AY$2),"")
A94: =IF($D$94="","",29) | C94: 마케팅2팀 | E94: 기획 | H94: =IF($I$94="","",IF($I$94<0,"🔴지연",IF($I$94<=1,"🟡임박","🟢여유"))) | I94: =IF(OR($G$94="",$K$94=""),"",$G$94-$K$94) | J94: =IF(SUM($L$94:$L$96)=0,"",SUM($L$94:$L$96)) | K94: =IF($J$94="","",MAX($N$94:$N$96)) | L94: =IF(SUM(U94:AY94)=0,"",SUM(U94:AY94)) | M94: =IFERROR(INDEX(U$2:AY$2,MATCH(TRUE,INDEX(U94:AY94<>"",0),0)),"") | N94: =IFERROR(LOOKUP(2,1/(U94:AY94<>""),U$2:AY$2),"")
B95: =IF($B$94="","",$B$94) | C95: 마케팅2팀 | D95: =IF($D$94="","",$D$94) | E95: 이미지 | G95: =IF($G$94="","",$G$94) | L95: =IF(SUM(U95:AY95)=0,"",SUM(U95:AY95)) | M95: =IFERROR(INDEX(U$2:AY$2,MATCH(TRUE,INDEX(U95:AY95<>"",0),0)),"") | N95: =IFERROR(LOOKUP(2,1/(U95:AY95<>""),U$2:AY$2),"")
B96: =IF($B$94="","",$B$94) | C96: 마케팅2팀 | D96: =IF($D$94="","",$D$94) | E96: 영상 | G96: =IF($G$94="","",$G$94) | L96: =IF(SUM(U96:AY96)=0,"",SUM(U96:AY96)) | M96: =IFERROR(INDEX(U$2:AY$2,MATCH(TRUE,INDEX(U96:AY96<>"",0),0)),"") | N96: =IFERROR(LOOKUP(2,1/(U96:AY96<>""),U$2:AY$2),"")
A97: =IF($D$97="","",30) | C97: 마케팅2팀 | E97: 기획 | H97: =IF($I$97="","",IF($I$97<0,"🔴지연",IF($I$97<=1,"🟡임박","🟢여유"))) | I97: =IF(OR($G$97="",$K$97=""),"",$G$97-$K$97) | J97: =IF(SUM($L$97:$L$99)=0,"",SUM($L$97:$L$99)) | K97: =IF($J$97="","",MAX($N$97:$N$99)) | L97: =IF(SUM(U97:AY97)=0,"",SUM(U97:AY97)) | M97: =IFERROR(INDEX(U$2:AY$2,MATCH(TRUE,INDEX(U97:AY97<>"",0),0)),"") | N97: =IFERROR(LOOKUP(2,1/(U97:AY97<>""),U$2:AY$2),"")
B98: =IF($B$97="","",$B$97) | C98: 마케팅2팀 | D98: =IF($D$97="","",$D$97) | E98: 이미지 | G98: =IF($G$97="","",$G$97) | L98: =IF(SUM(U98:AY98)=0,"",SUM(U98:AY98)) | M98: =IFERROR(INDEX(U$2:AY$2,MATCH(TRUE,INDEX(U98:AY98<>"",0),0)),"") | N98: =IFERROR(LOOKUP(2,1/(U98:AY98<>""),U$2:AY$2),"")
B99: =IF($B$97="","",$B$97) | C99: 마케팅2팀 | D99: =IF($D$97="","",$D$97) | E99: 영상 | G99: =IF($G$97="","",$G$97) | L99: =IF(SUM(U99:AY99)=0,"",SUM(U99:AY99)) | M99: =IFERROR(INDEX(U$2:AY$2,MATCH(TRUE,INDEX(U99:AY99<>"",0),0)),"") | N99: =IFERROR(LOOKUP(2,1/(U99:AY99<>""),U$2:AY$2),"")
A100: =IF($D$100="","",31) | C100: 마케팅2팀 | E100: 기획 | H100: =IF($I$100="","",IF($I$100<0,"🔴지연",IF($I$100<=1,"🟡임박","🟢여유"))) | I100: =IF(OR($G$100="",$K$100=""),"",$G$100-$K$100) | J100: =IF(SUM($L$100:$L$102)=0,"",SUM($L$100:$L$102)) | K100: =IF($J$100="","",MAX($N$100:$N$102)) | L100: =IF(SUM(U100:AY100)=0,"",SUM(U100:AY100)) | M100: =IFERROR(INDEX(U$2:AY$2,MATCH(TRUE,INDEX(U100:AY100<>"",0),0)),"") | N100: =IFERROR(LOOKUP(2,1/(U100:AY100<>""),U$2:AY$2),"")
...

Sheet 4월
A1: 4월 소재 정보 (소재 1개 = 기획/이미지/영상 3줄) | G1: 고객사 전달일 기준 (자동) | L1: 직군별 집계 (자동) | O1: 수량 (소재당 1번) | R1: 관리 | U1: 4월 간트 - 날짜 칸에 실제 MD 직접 입력 | 상단 4줄 = 일자별 직군 TO 상태
A2: No | B2: 게임 타이틀 | C2: 고객팀 | D2: 소재명(업무명) | E2: 직군 | F2: 담당자 | G2: 고객사 전달일 | H2: 신호 | I2: 전달일 여유 | J2: 소재 총MD | K2: 소재 최종완료 | L2: 직군 MD | M2: 직군 시작일 | N2: 직군 완료일 | O2: 영상 수 | P2: 사이즈 베리 | Q2: 다국어 베리 | R2: 상태 | S2: 비고 | U2: =IF(MONTH(DATE('마스터'!$J$3,4,1)+0)=4,DATE('마스터'!$J$3,4,1)+0,"") | V2: =IF(MONTH(DATE('마스터'!$J$3,4,1)+1)=4,DATE('마스터'!$J$3,4,1)+1,"") | W2: =IF(MONTH(DATE('마스터'!$J$3,4,1)+2)=4,DATE('마스터'!$J$3,4,1)+2,"") | X2: =IF(MONTH(DATE('마스터'!$J$3,4,1)+3)=4,DATE('마스터'!$J$3,4,1)+3,"") | Y2: =IF(MONTH(DATE('마스터'!$J$3,4,1)+4)=4,DATE('마스터'!$J$3,4,1)+4,"") | Z2: =IF(MONTH(DATE('마스터'!$J$3,4,1)+5)=4,DATE('마스터'!$J$3,4,1)+5,"") | AA2: =IF(MONTH(DATE('마스터'!$J$3,4,1)+6)=4,DATE('마스터'!$J$3,4,1)+6,"") | AB2: =IF(MONTH(DATE('마스터'!$J$3,4,1)+7)=4,DATE('마스터'!$J$3,4,1)+7,"") | AC2: =IF(MONTH(DATE('마스터'!$J$3,4,1)+8)=4,DATE('마스터'!$J$3,4,1)+8,"") | AD2: =IF(MONTH(DATE('마스터'!$J$3,4,1)+9)=4,DATE('마스터'!$J$3,4,1)+9,"") | AE2: =IF(MONTH(DATE('마스터'!$J$3,4,1)+10)=4,DATE('마스터'!$J$3,4,1)+10,"") | AF2: =IF(MONTH(DATE('마스터'!$J$3,4,1)+11)=4,DATE('마스터'!$J$3,4,1)+11,"") | AG2: =IF(MONTH(DATE('마스터'!$J$3,4,1)+12)=4,DATE('마스터'!$J$3,4,1)+12,"") | AH2: =IF(MONTH(DATE('마스터'!$J$3,4,1)+13)=4,DATE('마스터'!$J$3,4,1)+13,"") | AI2: =IF(MONTH(DATE('마스터'!$J$3,4,1)+14)=4,DATE('마스터'!$J$3,4,1)+14,"") | AJ2: =IF(MONTH(DATE('마스터'!$J$3,4,1)+15)=4,DATE('마스터'!$J$3,4,1)+15,"") | AK2: =IF(MONTH(DATE('마스터'!$J$3,4,1)+16)=4,DATE('마스터'!$J$3,4,1)+16,"") | AL2: =IF(MONTH(DATE('마스터'!$J$3,4,1)+17)=4,DATE('마스터'!$J$3,4,1)+17,"") | AM2: =IF(MONTH(DATE('마스터'!$J$3,4,1)+18)=4,DATE('마스터'!$J$3,4,1)+18,"") | AN2: =IF(MONTH(DATE('마스터'!$J$3,4,1)+19)=4,DATE('마스터'!$J$3,4,1)+19,"") | AO2: =IF(MONTH(DATE('마스터'!$J$3,4,1)+20)=4,DATE('마스터'!$J$3,4,1)+20,"") | AP2: =IF(MONTH(DATE('마스터'!$J$3,4,1)+21)=4,DATE('마스터'!$J$3,4,1)+21,"") | AQ2: =IF(MONTH(DATE('마스터'!$J$3,4,1)+22)=4,DATE('마스터'!$J$3,4,1)+22,"") | AR2: =IF(MONTH(DATE('마스터'!$J$3,4,1)+23)=4,DATE('마스터'!$J$3,4,1)+23,"") | AS2: =IF(MONTH(DATE('마스터'!$J$3,4,1)+24)=4,DATE('마스터'!$J$3,4,1)+24,"") | AT2: =IF(MONTH(DATE('마스터'!$J$3,4,1)+25)=4,DATE('마스터'!$J$3,4,1)+25,"") | AU2: =IF(MONTH(DATE('마스터'!$J$3,4,1)+26)=4,DATE('마스터'!$J$3,4,1)+26,"") | AV2: =IF(MONTH(DATE('마스터'!$J$3,4,1)+27)=4,DATE('마스터'!$J$3,4,1)+27,"") | AW2: =IF(MONTH(DATE('마스터'!$J$3,4,1)+28)=4,DATE('마스터'!$J$3,4,1)+28,"") | AX2: =IF(MONTH(DATE('마스터'!$J$3,4,1)+29)=4,DATE('마스터'!$J$3,4,1)+29,"") | AY2: =IF(MONTH(DATE('마스터'!$J$3,4,1)+30)=4,DATE('마스터'!$J$3,4,1)+30,"")
A3: 전체 TO (일자별 부하) | G3: 정원 | H3: =SUM('마스터'!$J$8:$J$10) | U3: =SUM(U$9:U$312) | V3: =SUM(V$9:V$312) | W3: =SUM(W$9:W$312) | X3: =SUM(X$9:X$312) | Y3: =SUM(Y$9:Y$312) | Z3: =SUM(Z$9:Z$312) | AA3: =SUM(AA$9:AA$312) | AB3: =SUM(AB$9:AB$312) | ... AY3: =SUM(AY$9:AY$312)
A4: 영상 TO | G4: 정원 | H4: ='마스터'!$J$8 | U4: =SUMIF($E$9:$E$312,"영상",U$9:U$312) | V4: =SUMIF($E$9:$E$312,"영상",V$9:V$312) | W4: =SUMIF($E$9:$E$312,"영상",W$9:W$312) | X4: =SUMIF($E$9:$E$312,"영상",X$9:X$312) | Y4: =SUMIF($E$9:$E$312,"영상",Y$9:Y$312) | Z4: =SUMIF($E$9:$E$312,"영상",Z$9:Z$312) | AA4: =SUMIF($E$9:$E$312,"영상",AA$9:AA$312) | AB4: =SUMIF($E$9:$E$312,"영상",AB$9:AB$312) | ... AY4: =SUMIF($E$9:$E$312,"영상",AY$9:AY$312)
A5: 이미지 TO | G5: 정원 | H5: ='마스터'!$J$9 | U5: =SUMIF($E$9:$E$312,"이미지",U$9:U$312) | V5: =SUMIF($E$9:$E$312,"이미지",V$9:V$312) | W5: =SUMIF($E$9:$E$312,"이미지",W$9:W$312) | X5: =SUMIF($E$9:$E$312,"이미지",X$9:X$312) | Y5: =SUMIF($E$9:$E$312,"이미지",Y$9:Y$312) | Z5: =SUMIF($E$9:$E$312,"이미지",Z$9:Z$312) | AA5: =SUMIF($E$9:$E$312,"이미지",AA$9:AA$312) | AB5: =SUMIF($E$9:$E$312,"이미지",AB$9:AB$312) | ... AY5: =SUMIF($E$9:$E$312,"이미지",AY$9:AY$312)
A6: 기획 TO | G6: 정원 | H6: ='마스터'!$J$10 | U6: =SUMIF($E$9:$E$312,"기획",U$9:U$312) | V6: =SUMIF($E$9:$E$312,"기획",V$9:V$312) | W6: =SUMIF($E$9:$E$312,"기획",W$9:W$312) | X6: =SUMIF($E$9:$E$312,"기획",X$9:X$312) | Y6: =SUMIF($E$9:$E$312,"기획",Y$9:Y$312) | Z6: =SUMIF($E$9:$E$312,"기획",Z$9:Z$312) | AA6: =SUMIF($E$9:$E$312,"기획",AA$9:AA$312) | AB6: =SUMIF($E$9:$E$312,"기획",AB$9:AB$312) | ... AY6: =SUMIF($E$9:$E$312,"기획",AY$9:AY$312)
A7: ▼ 아래부터 입력. 노란칸=직접 입력 / 회색칸=자동(건드리지 마세요)
A8: 마케팅1팀 (9~68행 · 소재 20개)
A9: =IF($D$9="","",1) | C9: 마케팅1팀 | E9: 기획 | H9: =IF($I$9="","",IF($I$9<0,"🔴지연",IF($I$9<=1,"🟡임박","🟢여유"))) | I9: =IF(OR($G$9="",$K$9=""),"",$G$9-$K$9) | J9: =IF(SUM($L$9:$L$11)=0,"",SUM($L$9:$L$11)) | K9: =IF($J$9="","",MAX($N$9:$N$11)) | L9: =IF(SUM(U9:AY9)=0,"",SUM(U9:AY9)) | M9: =IFERROR(INDEX(U$2:AY$2,MATCH(TRUE,INDEX(U9:AY9<>"",0),0)),"") | N9: =IFERROR(LOOKUP(2,1/(U9:AY9<>""),U$2:AY$2),"")
B10: =IF($B$9="","",$B$9) | C10: 마케팅1팀 | D10: =IF($D$9="","",$D$9) | E10: 이미지 | G10: =IF($G$9="","",$G$9) | L10: =IF(SUM(U10:AY10)=0,"",SUM(U10:AY10)) | M10: =IFERROR(INDEX(U$2:AY$2,MATCH(TRUE,INDEX(U10:AY10<>"",0),0)),"") | N10: =IFERROR(LOOKUP(2,1/(U10:AY10<>""),U$2:AY$2),"")
B11: =IF($B$9="","",$B$9) | C11: 마케팅1팀 | D11: =IF($D$9="","",$D$9) | E11: 영상 | G11: =IF($G$9="","",$G$9) | L11: =IF(SUM(U11:AY11)=0,"",SUM(U11:AY11)) | M11: =IFERROR(INDEX(U$2:AY$2,MATCH(TRUE,INDEX(U11:AY11<>"",0),0)),"") | N11: =IFERROR(LOOKUP(2,1/(U11:AY11<>""),U$2:AY$2),"")
A12: =IF($D$12="","",2) | C12: 마케팅1팀 | E12: 기획 | H12: =IF($I$12="","",IF($I$12<0,"🔴지연",IF($I$12<=1,"🟡임박","🟢여유"))) | I12: =IF(OR($G$12="",$K$12=""),"",$G$12-$K$12) | J12: =IF(SUM($L$12:$L$14)=0,"",SUM($L$12:$L$14)) | K12: =IF($J$12="","",MAX($N$12:$N$14)) | L12: =IF(SUM(U12:AY12)=0,"",SUM(U12:AY12)) | M12: =IFERROR(INDEX(U$2:AY$2,MATCH(TRUE,INDEX(U12:AY12<>"",0),0)),"") | N12: =IFERROR(LOOKUP(2,1/(U12:AY12<>""),U$2:AY$2),"")
B13: =IF($B$12="","",$B$12) | C13: 마케팅1팀 | D13: =IF($D$12="","",$D$12) | E13: 이미지 | G13: =IF($G$12="","",$G$12) | L13: =IF(SUM(U13:AY13)=0,"",SUM(U13:AY13)) | M13: =IFERROR(INDEX(U$2:AY$2,MATCH(TRUE,INDEX(U13:AY13<>"",0),0)),"") | N13: =IFERROR(LOOKUP(2,1/(U13:AY13<>""),U$2:AY$2),"")
B14: =IF($B$12="","",$B$12) | C14: 마케팅1팀 | D14: =IF($D$12="","",$D$12) | E14: 영상 | G14: =IF($G$12="","",$G$12) | L14: =IF(SUM(U14:AY14)=0,"",SUM(U14:AY14)) | M14: =IFERROR(INDEX(U$2:AY$2,MATCH(TRUE,INDEX(U14:AY14<>"",0),0)),"") | N14: =IFERROR(LOOKUP(2,1/(U14:AY14<>""),U$2:AY$2),"")
A15: =IF($D$15="","",3) | C15: 마케팅1팀 | E15: 기획 | H15: =IF($I$15="","",IF($I$15<0,"🔴지연",IF($I$15<=1,"🟡임박","🟢여유"))) | I15: =IF(OR($G$15="",$K$15=""),"",$G$15-$K$15) | J15: =IF(SUM($L$15:$L$17)=0,"",SUM($L$15:$L$17)) | K15: =IF($J$15="","",MAX($N$15:$N$17)) | L15: =IF(SUM(U15:AY15)=0,"",SUM(U15:AY15)) | M15: =IFERROR(INDEX(U$2:AY$2,MATCH(TRUE,INDEX(U15:AY15<>"",0),0)),"") | N15: =IFERROR(LOOKUP(2,1/(U15:AY15<>""),U$2:AY$2),"")
B16: =IF($B$15="","",$B$15) | C16: 마케팅1팀 | D16: =IF($D$15="","",$D$15) | E16: 이미지 | G16: =IF($G$15="","",$G$15) | L16: =IF(SUM(U16:AY16)=0,"",SUM(U16:AY16)) | M16: =IFERROR(INDEX(U$2:AY$2,MATCH(TRUE,INDEX(U16:AY16<>"",0),0)),"") | N16: =IFERROR(LOOKUP(2,1/(U16:AY16<>""),U$2:AY$2),"")
B17: =IF($B$15="","",$B$15) | C17: 마케팅1팀 | D17: =IF($D$15="","",$D$15) | E17: 영상 | G17: =IF($G$15="","",$G$15) | L17: =IF(SUM(U17:AY17)=0,"",SUM(U17:AY17)) | M17: =IFERROR(INDEX(U$2:AY$2,MATCH(TRUE,INDEX(U17:AY17<>"",0),0)),"") | N17: =IFERROR(LOOKUP(2,1/(U17:AY17<>""),U$2:AY$2),"")
A18: =IF($D$18="","",4) | C18: 마케팅1팀 | E18: 기획 | H18: =IF($I$18="","",IF($I$18<0,"🔴지연",IF($I$18<=1,"🟡임박","🟢여유"))) | I18: =IF(OR($G$18="",$K$18=""),"",$G$18-$K$18) | J18: =IF(SUM($L$18:$L$20)=0,"",SUM($L$18:$L$20)) | K18: =IF($J$18="","",MAX($N$18:$N$20)) | L18: =IF(SUM(U18:AY18)=0,"",SUM(U18:AY18)) | M18: =IFERROR(INDEX(U$2:AY$2,MATCH(TRUE,INDEX(U18:AY18<>"",0),0)),"") | N18: =IFERROR(LOOKUP(2,1/(U18:AY18<>""),U$2:AY$2),"")
B19: =IF($B$18="","",$B$18) | C19: 마케팅1팀 | D19: =IF($D$18="","",$D$18) | E19: 이미지 | G19: =IF($G$18="","",$G$18) | L19: =IF(SUM(U19:AY19)=0,"",SUM(U19:AY19)) | M19: =IFERROR(INDEX(U$2:AY$2,MATCH(TRUE,INDEX(U19:AY19<>"",0),0)),"") | N19: =IFERROR(LOOKUP(2,1/(U19:AY19<>""),U$2:AY$2),"")
B20: =IF($B$18="","",$B$18) | C20: 마케팅1팀 | D20: =IF($D$18="","",$D$18) | E20: 영상 | G20: =IF($G$18="","",$G$18) | L20: =IF(SUM(U20:AY20)=0,"",SUM(U20:AY20)) | M20: =IFERROR(INDEX(U$2:AY$2,MATCH(TRUE,INDEX(U20:AY20<>"",0),0)),"") | N20: =IFERROR(LOOKUP(2,1/(U20:AY20<>""),U$2:AY$2),"")
A21: =IF($D$21="","",5) | C21: 마케팅1팀 | E21: 기획 | H21: =IF($I$21="","",IF($I$21<0,"🔴지연",IF($I$21<=1,"🟡임박","🟢여유"))) | I21: =IF(OR($G$21="",$K$21=""),"",$G$21-$K$21) | J21: =IF(SUM($L$21:$L$23)=0,"",SUM($L$21:$L$23)) | K21: =IF($J$21="","",MAX($N$21:$N$23)) | L21: =IF(SUM(U21:AY21)=0,"",SUM(U21:AY21)) | M21: =IFERROR(INDEX(U$2:AY$2,MATCH(TRUE,INDEX(U21:AY21<>"",0),0)),"") | N21: =IFERROR(LOOKUP(2,1/(U21:AY21<>""),U$2:AY$2),"")
B22: =IF($B$21="","",$B$21) | C22: 마케팅1팀 | D22: =IF($D$21="","",$D$21) | E22: 이미지 | G22: =IF($G$21="","",$G$21) | L22: =IF(SUM(U22:AY22)=0,"",SUM(U22:AY22)) | M22: =IFERROR(INDEX(U$2:AY$2,MATCH(TRUE,INDEX(U22:AY22<>"",0),0)),"") | N22: =IFERROR(LOOKUP(2,1/(U22:AY22<>""),U$2:AY$2),"")
B23: =IF($B$21="","",$B$21) | C23: 마케팅1팀 | D23: =IF($D$21="","",$D$21) | E23: 영상 | G23: =IF($G$21="","",$G$21) | L23: =IF(SUM(U23:AY23)=0,"",SUM(U23:AY23)) | M23: =IFERROR(INDEX(U$2:AY$2,MATCH(TRUE,INDEX(U23:AY23<>"",0),0)),"") | N23: =IFERROR(LOOKUP(2,1/(U23:AY23<>""),U$2:AY$2),"")
A24: =IF($D$24="","",6) | C24: 마케팅1팀 | E24: 기획 | H24: =IF($I$24="","",IF($I$24<0,"🔴지연",IF($I$24<=1,"🟡임박","🟢여유"))) | I24: =IF(OR($G$24="",$K$24=""),"",$G$24-$K$24) | J24: =IF(SUM($L$24:$L$26)=0,"",SUM($L$24:$L$26)) | K24: =IF($J$24="","",MAX($N$24:$N$26)) | L24: =IF(SUM(U24:AY24)=0,"",SUM(U24:AY24)) | M24: =IFERROR(INDEX(U$2:AY$2,MATCH(TRUE,INDEX(U24:AY24<>"",0),0)),"") | N24: =IFERROR(LOOKUP(2,1/(U24:AY24<>""),U$2:AY$2),"")
B25: =IF($B$24="","",$B$24) | C25: 마케팅1팀 | D25: =IF($D$24="","",$D$24) | E25: 이미지 | G25: =IF($G$24="","",$G$24) | L25: =IF(SUM(U25:AY25)=0,"",SUM(U25:AY25)) | M25: =IFERROR(INDEX(U$2:AY$2,MATCH(TRUE,INDEX(U25:AY25<>"",0),0)),"") | N25: =IFERROR(LOOKUP(2,1/(U25:AY25<>""),U$2:AY$2),"")
B26: =IF($B$24="","",$B$24) | C26: 마케팅1팀 | D26: =IF($D$24="","",$D$24) | E26: 영상 | G26: =IF($G$24="","",$G$24) | L26: =IF(SUM(U26:AY26)=0,"",SUM(U26:AY26)) | M26: =IFERROR(INDEX(U$2:AY$2,MATCH(TRUE,INDEX(U26:AY26<>"",0),0)),"") | N26: =IFERROR(LOOKUP(2,1/(U26:AY26<>""),U$2:AY$2),"")
A27: =IF($D$27="","",7) | C27: 마케팅1팀 | E27: 기획 | H27: =IF($I$27="","",IF($I$27<0,"🔴지연",IF($I$27<=1,"🟡임박","🟢여유"))) | I27: =IF(OR($G$27="",$K$27=""),"",$G$27-$K$27) | J27: =IF(SUM($L$27:$L$29)=0,"",SUM($L$27:$L$29)) | K27: =IF($J$27="","",MAX($N$27:$N$29)) | L27: =IF(SUM(U27:AY27)=0,"",SUM(U27:AY27)) | M27: =IFERROR(INDEX(U$2:AY$2,MATCH(TRUE,INDEX(U27:AY27<>"",0),0)),"") | N27: =IFERROR(LOOKUP(2,1/(U27:AY27<>""),U$2:AY$2),"")
B28: =IF($B$27="","",$B$27) | C28: 마케팅1팀 | D28: =IF($D$27="","",$D$27) | E28: 이미지 | G28: =IF($G$27="","",$G$27) | L28: =IF(SUM(U28:AY28)=0,"",SUM(U28:AY28)) | M28: =IFERROR(INDEX(U$2:AY$2,MATCH(TRUE,INDEX(U28:AY28<>"",0),0)),"") | N28: =IFERROR(LOOKUP(2,1/(U28:AY28<>""),U$2:AY$2),"")
B29: =IF($B$27="","",$B$27) | C29: 마케팅1팀 | D29: =IF($D$27="","",$D$27) | E29: 영상 | G29: =IF($G$27="","",$G$27) | L29: =IF(SUM(U29:AY29)=0,"",SUM(U29:AY29)) | M29: =IFERROR(INDEX(U$2:AY$2,MATCH(TRUE,INDEX(U29:AY29<>"",0),0)),"") | N29: =IFERROR(LOOKUP(2,1/(U29:AY29<>""),U$2:AY$2),"")
A30: =IF($D$30="","",8) | C30: 마케팅1팀 | E30: 기획 | H30: =IF($I$30="","",IF($I$30<0,"🔴지연",IF($I$30<=1,"🟡임박","🟢여유"))) | I30: =IF(OR($G$30="",$K$30=""),"",$G$30-$K$30) | J30: =IF(SUM($L$30:$L$32)=0,"",SUM($L$30:$L$32)) | K30: =IF($J$30="","",MAX($N$30:$N$32)) | L30: =IF(SUM(U30:AY30)=0,"",SUM(U30:AY30)) | M30: =IFERROR(INDEX(U$2:AY$2,MATCH(TRUE,INDEX(U30:AY30<>"",0),0)),"") | N30: =IFERROR(LOOKUP(2,1/(U30:AY30<>""),U$2:AY$2),"")
B31: =IF($B$30="","",$B$30) | C31: 마케팅1팀 | D31: =IF($D$30="","",$D$30) | E31: 이미지 | G31: =IF($G$30="","",$G$30) | L31: =IF(SUM(U31:AY31)=0,"",SUM(U31:AY31)) | M31: =IFERROR(INDEX(U$2:AY$2,MATCH(TRUE,INDEX(U31:AY31<>"",0),0)),"") | N31: =IFERROR(LOOKUP(2,1/(U31:AY31<>""),U$2:AY$2),"")
B32: =IF($B$30="","",$B$30) | C32: 마케팅1팀 | D32: =IF($D$30="","",$D$30) | E32: 영상 | G32: =IF($G$30="","",$G$30) | L32: =IF(SUM(U32:AY32)=0,"",SUM(U32:AY32)) | M32: =IFERROR(INDEX(U$2:AY$2,MATCH(TRUE,INDEX(U32:AY32<>"",0),0)),"") | N32: =IFERROR(LOOKUP(2,1/(U32:AY32<>""),U$2:AY$2),"")
A33: =IF($D$33="","",9) | C33: 마케팅1팀 | E33: 기획 | H33: =IF($I$33="","",IF($I$33<0,"🔴지연",IF($I$33<=1,"🟡임박","🟢여유"))) | I33: =IF(OR($G$33="",$K$33=""),"",$G$33-$K$33) | J33: =IF(SUM($L$33:$L$35)=0,"",SUM($L$33:$L$35)) | K33: =IF($J$33="","",MAX($N$33:$N$35)) | L33: =IF(SUM(U33:AY33)=0,"",SUM(U33:AY33)) | M33: =IFERROR(INDEX(U$2:AY$2,MATCH(TRUE,INDEX(U33:AY33<>"",0),0)),"") | N33: =IFERROR(LOOKUP(2,1/(U33:AY33<>""),U$2:AY$2),"")
B34: =IF($B$33="","",$B$33) | C34: 마케팅1팀 | D34: =IF($D$33="","",$D$33) | E34: 이미지 | G34: =IF($G$33="","",$G$33) | L34: =IF(SUM(U34:AY34)=0,"",SUM(U34:AY34)) | M34: =IFERROR(INDEX(U$2:AY$2,MATCH(TRUE,INDEX(U34:AY34<>"",0),0)),"") | N34: =IFERROR(LOOKUP(2,1/(U34:AY34<>""),U$2:AY$2),"")
B35: =IF($B$33="","",$B$33) | C35: 마케팅1팀 | D35: =IF($D$33="","",$D$33) | E35: 영상 | G35: =IF($G$33="","",$G$33) | L35: =IF(SUM(U35:AY35)=0,"",SUM(U35:AY35)) | M35: =IFERROR(INDEX(U$2:AY$2,MATCH(TRUE,INDEX(U35:AY35<>"",0),0)),"") | N35: =IFERROR(LOOKUP(2,1/(U35:AY35<>""),U$2:AY$2),"")
A36: =IF($D$36="","",10) | C36: 마케팅1팀 | E36: 기획 | H36: =IF($I$36="","",IF($I$36<0,"🔴지연",IF($I$36<=1,"🟡임박","🟢여유"))) | I36: =IF(OR($G$36="",$K$36=""),"",$G$36-$K$36) | J36: =IF(SUM($L$36:$L$38)=0,"",SUM($L$36:$L$38)) | K36: =IF($J$36="","",MAX($N$36:$N$38)) | L36: =IF(SUM(U36:AY36)=0,"",SUM(U36:AY36)) | M36: =IFERROR(INDEX(U$2:AY$2,MATCH(TRUE,INDEX(U36:AY36<>"",0),0)),"") | N36: =IFERROR(LOOKUP(2,1/(U36:AY36<>""),U$2:AY$2),"")
B37: =IF($B$36="","",$B$36) | C37: 마케팅1팀 | D37: =IF($D$36="","",$D$36) | E37: 이미지 | G37: =IF($G$36="","",$G$36) | L37: =IF(SUM(U37:AY37)=0,"",SUM(U37:AY37)) | M37: =IFERROR(INDEX(U$2:AY$2,MATCH(TRUE,INDEX(U37:AY37<>"",0),0)),"") | N37: =IFERROR(LOOKUP(2,1/(U37:AY37<>""),U$2:AY$2),"")
B38: =IF($B$36="","",$B$36) | C38: 마케팅1팀 | D38: =IF($D$36="","",$D$36) | E38: 영상 | G38: =IF($G$36="","",$G$36) | L38: =IF(SUM(U38:AY38)=0,"",SUM(U38:AY38)) | M38: =IFERROR(INDEX(U$2:AY$2,MATCH(TRUE,INDEX(U38:AY38<>"",0),0)),"") | N38: =IFERROR(LOOKUP(2,1/(U38:AY38<>""),U$2:AY$2),"")
A39: =IF($D$39="","",11) | C39: 마케팅1팀 | E39: 기획 | H39: =IF($I$39="","",IF($I$39<0,"🔴지연",IF($I$39<=1,"🟡임박","🟢여유"))) | I39: =IF(OR($G$39="",$K$39=""),"",$G$39-$K$39) | J39: =IF(SUM($L$39:$L$41)=0,"",SUM($L$39:$L$41)) | K39: =IF($J$39="","",MAX($N$39:$N$41)) | L39: =IF(SUM(U39:AY39)=0,"",SUM(U39:AY39)) | M39: =IFERROR(INDEX(U$2:AY$2,MATCH(TRUE,INDEX(U39:AY39<>"",0),0)),"") | N39: =IFERROR(LOOKUP(2,1/(U39:AY39<>""),U$2:AY$2),"")
B40: =IF($B$39="","",$B$39) | C40: 마케팅1팀 | D40: =IF($D$39="","",$D$39) | E40: 이미지 | G40: =IF($G$39="","",$G$39) | L40: =IF(SUM(U40:AY40)=0,"",SUM(U40:AY40)) | M40: =IFERROR(INDEX(U$2:AY$2,MATCH(TRUE,INDEX(U40:AY40<>"",0),0)),"") | N40: =IFERROR(LOOKUP(2,1/(U40:AY40<>""),U$2:AY$2),"")
B41: =IF($B$39="","",$B$39) | C41: 마케팅1팀 | D41: =IF($D$39="","",$D$39) | E41: 영상 | G41: =IF($G$39="","",$G$39) | L41: =IF(SUM(U41:AY41)=0,"",SUM(U41:AY41)) | M41: =IFERROR(INDEX(U$2:AY$2,MATCH(TRUE,INDEX(U41:AY41<>"",0),0)),"") | N41: =IFERROR(LOOKUP(2,1/(U41:AY41<>""),U$2:AY$2),"")
A42: =IF($D$42="","",12) | C42: 마케팅1팀 | E42: 기획 | H42: =IF($I$42="","",IF($I$42<0,"🔴지연",IF($I$42<=1,"🟡임박","🟢여유"))) | I42: =IF(OR($G$42="",$K$42=""),"",$G$42-$K$42) | J42: =IF(SUM($L$42:$L$44)=0,"",SUM($L$42:$L$44)) | K42: =IF($J$42="","",MAX($N$42:$N$44)) | L42: =IF(SUM(U42:AY42)=0,"",SUM(U42:AY42)) | M42: =IFERROR(INDEX(U$2:AY$2,MATCH(TRUE,INDEX(U42:AY42<>"",0),0)),"") | N42: =IFERROR(LOOKUP(2,1/(U42:AY42<>""),U$2:AY$2),"")
B43: =IF($B$42="","",$B$42) | C43: 마케팅1팀 | D43: =IF($D$42="","",$D$42) | E43: 이미지 | G43: =IF($G$42="","",$G$42) | L43: =IF(SUM(U43:AY43)=0,"",SUM(U43:AY43)) | M43: =IFERROR(INDEX(U$2:AY$2,MATCH(TRUE,INDEX(U43:AY43<>"",0),0)),"") | N43: =IFERROR(LOOKUP(2,1/(U43:AY43<>""),U$2:AY$2),"")
B44: =IF($B$42="","",$B$42) | C44: 마케팅1팀 | D44: =IF($D$42="","",$D$42) | E44: 영상 | G44: =IF($G$42="","",$G$42) | L44: =IF(SUM(U44:AY44)=0,"",SUM(U44:AY44)) | M44: =IFERROR(INDEX(U$2:AY$2,MATCH(TRUE,INDEX(U44:AY44<>"",0),0)),"") | N44: =IFERROR(LOOKUP(2,1/(U44:AY44<>""),U$2:AY$2),"")
A45: =IF($D$45="","",13) | C45: 마케팅1팀 | E45: 기획 | H45: =IF($I$45="","",IF($I$45<0,"🔴지연",IF($I$45<=1,"🟡임박","🟢여유"))) | I45: =IF(OR($G$45="",$K$45=""),"",$G$45-$K$45) | J45: =IF(SUM($L$45:$L$47)=0,"",SUM($L$45:$L$47)) | K45: =IF($J$45="","",MAX($N$45:$N$47)) | L45: =IF(SUM(U45:AY45)=0,"",SUM(U45:AY45)) | M45: =IFERROR(INDEX(U$2:AY$2,MATCH(TRUE,INDEX(U45:AY45<>"",0),0)),"") | N45: =IFERROR(LOOKUP(2,1/(U45:AY45<>""),U$2:AY$2),"")
B46: =IF($B$45="","",$B$45) | C46: 마케팅1팀 | D46: =IF($D$45="","",$D$45) | E46: 이미지 | G46: =IF($G$45="","",$G$45) | L46: =IF(SUM(U46:AY46)=0,"",SUM(U46:AY46)) | M46: =IFERROR(INDEX(U$2:AY$2,MATCH(TRUE,INDEX(U46:AY46<>"",0),0)),"") | N46: =IFERROR(LOOKUP(2,1/(U46:AY46<>""),U$2:AY$2),"")
B47: =IF($B$45="","",$B$45) | C47: 마케팅1팀 | D47: =IF($D$45="","",$D$45) | E47: 영상 | G47: =IF($G$45="","",$G$45) | L47: =IF(SUM(U47:AY47)=0,"",SUM(U47:AY47)) | M47: =IFERROR(INDEX(U$2:AY$2,MATCH(TRUE,INDEX(U47:AY47<>"",0),0)),"") | N47: =IFERROR(LOOKUP(2,1/(U47:AY47<>""),U$2:AY$2),"")
A48: =IF($D$48="","",14) | C48: 마케팅1팀 | E48: 기획 | H48: =IF($I$48="","",IF($I$48<0,"🔴지연",IF($I$48<=1,"🟡임박","🟢여유"))) | I48: =IF(OR($G$48="",$K$48=""),"",$G$48-$K$48) | J48: =IF(SUM($L$48:$L$50)=0,"",SUM($L$48:$L$50)) | K48: =IF($J$48="","",MAX($N$48:$N$50)) | L48: =IF(SUM(U48:AY48)=0,"",SUM(U48:AY48)) | M48: =IFERROR(INDEX(U$2:AY$2,MATCH(TRUE,INDEX(U48:AY48<>"",0),0)),"") | N48: =IFERROR(LOOKUP(2,1/(U48:AY48<>""),U$2:AY$2),"")
B49: =IF($B$48="","",$B$48) | C49: 마케팅1팀 | D49: =IF($D$48="","",$D$48) | E49: 이미지 | G49: =IF($G$48="","",$G$48) | L49: =IF(SUM(U49:AY49)=0,"",SUM(U49:AY49)) | M49: =IFERROR(INDEX(U$2:AY$2,MATCH(TRUE,INDEX(U49:AY49<>"",0),0)),"") | N49: =IFERROR(LOOKUP(2,1/(U49:AY49<>""),U$2:AY$2),"")
B50: =IF($B$48="","",$B$48) | C50: 마케팅1팀 | D50: =IF($D$48="","",$D$48) | E50: 영상 | G50: =IF($G$48="","",$G$48) | L50: =IF(SUM(U50:AY50)=0,"",SUM(U50:AY50)) | M50: =IFERROR(INDEX(U$2:AY$2,MATCH(TRUE,INDEX(U50:AY50<>"",0),0)),"") | N50: =IFERROR(LOOKUP(2,1/(U50:AY50<>""),U$2:AY$2),"")
A51: =IF($D$51="","",15) | C51: 마케팅1팀 | E51: 기획 | H51: =IF($I$51="","",IF($I$51<0,"🔴지연",IF($I$51<=1,"🟡임박","🟢여유"))) | I51: =IF(OR($G$51="",$K$51=""),"",$G$51-$K$51) | J51: =IF(SUM($L$51:$L$53)=0,"",SUM($L$51:$L$53)) | K51: =IF($J$51="","",MAX($N$51:$N$53)) | L51: =IF(SUM(U51:AY51)=0,"",SUM(U51:AY51)) | M51: =IFERROR(INDEX(U$2:AY$2,MATCH(TRUE,INDEX(U51:AY51<>"",0),0)),"") | N51: =IFERROR(LOOKUP(2,1/(U51:AY51<>""),U$2:AY$2),"")
B52: =IF($B$51="","",$B$51) | C52: 마케팅1팀 | D52: =IF($D$51="","",$D$51) | E52: 이미지 | G52: =IF($G$51="","",$G$51) | L52: =IF(SUM(U52:AY52)=0,"",SUM(U52:AY52)) | M52: =IFERROR(INDEX(U$2:AY$2,MATCH(TRUE,INDEX(U52:AY52<>"",0),0)),"") | N52: =IFERROR(LOOKUP(2,1/(U52:AY52<>""),U$2:AY$2),"")
B53: =IF($B$51="","",$B$51) | C53: 마케팅1팀 | D53: =IF($D$51="","",$D$51) | E53: 영상 | G53: =IF($G$51="","",$G$51) | L53: =IF(SUM(U53:AY53)=0,"",SUM(U53:AY53)) | M53: =IFERROR(INDEX(U$2:AY$2,MATCH(TRUE,INDEX(U53:AY53<>"",0),0)),"") | N53: =IFERROR(LOOKUP(2,1/(U53:AY53<>""),U$2:AY$2),"")
A54: =IF($D$54="","",16) | C54: 마케팅1팀 | E54: 기획 | H54: =IF($I$54="","",IF($I$54<0,"🔴지연",IF($I$54<=1,"🟡임박","🟢여유"))) | I54: =IF(OR($G$54="",$K$54=""),"",$G$54-$K$54) | J54: =IF(SUM($L$54:$L$56)=0,"",SUM($L$54:$L$56)) | K54: =IF($J$54="","",MAX($N$54:$N$56)) | L54: =IF(SUM(U54:AY54)=0,"",SUM(U54:AY54)) | M54: =IFERROR(INDEX(U$2:AY$2,MATCH(TRUE,INDEX(U54:AY54<>"",0),0)),"") | N54: =IFERROR(LOOKUP(2,1/(U54:AY54<>""),U$2:AY$2),"")
B55: =IF($B$54="","",$B$54) | C55: 마케팅1팀 | D55: =IF($D$54="","",$D$54) | E55: 이미지 | G55: =IF($G$54="","",$G$54) | L55: =IF(SUM(U55:AY55)=0,"",SUM(U55:AY55)) | M55: =IFERROR(INDEX(U$2:AY$2,MATCH(TRUE,INDEX(U55:AY55<>"",0),0)),"") | N55: =IFERROR(LOOKUP(2,1/(U55:AY55<>""),U$2:AY$2),"")
B56: =IF($B$54="","",$B$54) | C56: 마케팅1팀 | D56: =IF($D$54="","",$D$54) | E56: 영상 | G56: =IF($G$54="","",$G$54) | L56: =IF(SUM(U56:AY56)=0,"",SUM(U56:AY56)) | M56: =IFERROR(INDEX(U$2:AY$2,MATCH(TRUE,INDEX(U56:AY56<>"",0),0)),"") | N56: =IFERROR(LOOKUP(2,1/(U56:AY56<>""),U$2:AY$2),"")
A57: =IF($D$57="","",17) | C57: 마케팅1팀 | E57: 기획 | H57: =IF($I$57="","",IF($I$57<0,"🔴지연",IF($I$57<=1,"🟡임박","🟢여유"))) | I57: =IF(OR($G$57="",$K$57=""),"",$G$57-$K$57) | J57: =IF(SUM($L$57:$L$59)=0,"",SUM($L$57:$L$59)) | K57: =IF($J$57="","",MAX($N$57:$N$59)) | L57: =IF(SUM(U57:AY57)=0,"",SUM(U57:AY57)) | M57: =IFERROR(INDEX(U$2:AY$2,MATCH(TRUE,INDEX(U57:AY57<>"",0),0)),"") | N57: =IFERROR(LOOKUP(2,1/(U57:AY57<>""),U$2:AY$2),"")
B58: =IF($B$57="","",$B$57) | C58: 마케팅1팀 | D58: =IF($D$57="","",$D$57) | E58: 이미지 | G58: =IF($G$57="","",$G$57) | L58: =IF(SUM(U58:AY58)=0,"",SUM(U58:AY58)) | M58: =IFERROR(INDEX(U$2:AY$2,MATCH(TRUE,INDEX(U58:AY58<>"",0),0)),"") | N58: =IFERROR(LOOKUP(2,1/(U58:AY58<>""),U$2:AY$2),"")
B59: =IF($B$57="","",$B$57) | C59: 마케팅1팀 | D59: =IF($D$57="","",$D$57) | E59: 영상 | G59: =IF($G$57="","",$G$57) | L59: =IF(SUM(U59:AY59)=0,"",SUM(U59:AY59)) | M59: =IFERROR(INDEX(U$2:AY$2,MATCH(TRUE,INDEX(U59:AY59<>"",0),0)),"") | N59: =IFERROR(LOOKUP(2,1/(U59:AY59<>""),U$2:AY$2),"")
A60: =IF($D$60="","",18) | C60: 마케팅1팀 | E60: 기획 | H60: =IF($I$60="","",IF($I$60<0,"🔴지연",IF($I$60<=1,"🟡임박","🟢여유"))) | I60: =IF(OR($G$60="",$K$60=""),"",$G$60-$K$60) | J60: =IF(SUM($L$60:$L$62)=0,"",SUM($L$60:$L$62)) | K60: =IF($J$60="","",MAX($N$60:$N$62)) | L60: =IF(SUM(U60:AY60)=0,"",SUM(U60:AY60)) | M60: =IFERROR(INDEX(U$2:AY$2,MATCH(TRUE,INDEX(U60:AY60<>"",0),0)),"") | N60: =IFERROR(LOOKUP(2,1/(U60:AY60<>""),U$2:AY$2),"")
B61: =IF($B$60="","",$B$60) | C61: 마케팅1팀 | D61: =IF($D$60="","",$D$60) | E61: 이미지 | G61: =IF($G$60="","",$G$60) | L61: =IF(SUM(U61:AY61)=0,"",SUM(U61:AY61)) | M61: =IFERROR(INDEX(U$2:AY$2,MATCH(TRUE,INDEX(U61:AY61<>"",0),0)),"") | N61: =IFERROR(LOOKUP(2,1/(U61:AY61<>""),U$2:AY$2),"")
B62: =IF($B$60="","",$B$60) | C62: 마케팅1팀 | D62: =IF($D$60="","",$D$60) | E62: 영상 | G62: =IF($G$60="","",$G$60) | L62: =IF(SUM(U62:AY62)=0,"",SUM(U62:AY62)) | M62: =IFERROR(INDEX(U$2:AY$2,MATCH(TRUE,INDEX(U62:AY62<>"",0),0)),"") | N62: =IFERROR(LOOKUP(2,1/(U62:AY62<>""),U$2:AY$2),"")
A63: =IF($D$63="","",19) | C63: 마케팅1팀 | E63: 기획 | H63: =IF($I$63="","",IF($I$63<0,"🔴지연",IF($I$63<=1,"🟡임박","🟢여유"))) | I63: =IF(OR($G$63="",$K$63=""),"",$G$63-$K$63) | J63: =IF(SUM($L$63:$L$65)=0,"",SUM($L$63:$L$65)) | K63: =IF($J$63="","",MAX($N$63:$N$65)) | L63: =IF(SUM(U63:AY63)=0,"",SUM(U63:AY63)) | M63: =IFERROR(INDEX(U$2:AY$2,MATCH(TRUE,INDEX(U63:AY63<>"",0),0)),"") | N63: =IFERROR(LOOKUP(2,1/(U63:AY63<>""),U$2:AY$2),"")
B64: =IF($B$63="","",$B$63) | C64: 마케팅1팀 | D64: =IF($D$63="","",$D$63) | E64: 이미지 | G64: =IF($G$63="","",$G$63) | L64: =IF(SUM(U64:AY64)=0,"",SUM(U64:AY64)) | M64: =IFERROR(INDEX(U$2:AY$2,MATCH(TRUE,INDEX(U64:AY64<>"",0),0)),"") | N64: =IFERROR(LOOKUP(2,1/(U64:AY64<>""),U$2:AY$2),"")
B65: =IF($B$63="","",$B$63) | C65: 마케팅1팀 | D65: =IF($D$63="","",$D$63) | E65: 영상 | G65: =IF($G$63="","",$G$63) | L65: =IF(SUM(U65:AY65)=0,"",SUM(U65:AY65)) | M65: =IFERROR(INDEX(U$2:AY$2,MATCH(TRUE,INDEX(U65:AY65<>"",0),0)),"") | N65: =IFERROR(LOOKUP(2,1/(U65:AY65<>""),U$2:AY$2),"")
A66: =IF($D$66="","",20) | C66: 마케팅1팀 | E66: 기획 | H66: =IF($I$66="","",IF($I$66<0,"🔴지연",IF($I$66<=1,"🟡임박","🟢여유"))) | I66: =IF(OR($G$66="",$K$66=""),"",$G$66-$K$66) | J66: =IF(SUM($L$66:$L$68)=0,"",SUM($L$66:$L$68)) | K66: =IF($J$66="","",MAX($N$66:$N$68)) | L66: =IF(SUM(U66:AY66)=0,"",SUM(U66:AY66)) | M66: =IFERROR(INDEX(U$2:AY$2,MATCH(TRUE,INDEX(U66:AY66<>"",0),0)),"") | N66: =IFERROR(LOOKUP(2,1/(U66:AY66<>""),U$2:AY$2),"")
B67: =IF($B$66="","",$B$66) | C67: 마케팅1팀 | D67: =IF($D$66="","",$D$66) | E67: 이미지 | G67: =IF($G$66="","",$G$66) | L67: =IF(SUM(U67:AY67)=0,"",SUM(U67:AY67)) | M67: =IFERROR(INDEX(U$2:AY$2,MATCH(TRUE,INDEX(U67:AY67<>"",0),0)),"") | N67: =IFERROR(LOOKUP(2,1/(U67:AY67<>""),U$2:AY$2),"")
B68: =IF($B$66="","",$B$66) | C68: 마케팅1팀 | D68: =IF($D$66="","",$D$66) | E68: 영상 | G68: =IF($G$66="","",$G$66) | L68: =IF(SUM(U68:AY68)=0,"",SUM(U68:AY68)) | M68: =IFERROR(INDEX(U$2:AY$2,MATCH(TRUE,INDEX(U68:AY68<>"",0),0)),"") | N68: =IFERROR(LOOKUP(2,1/(U68:AY68<>""),U$2:AY$2),"")
A69: 마케팅2팀 (70~129행 · 소재 20개)
A70: =IF($D$70="","",21) | C70: 마케팅2팀 | E70: 기획 | H70: =IF($I$70="","",IF($I$70<0,"🔴지연",IF($I$70<=1,"🟡임박","🟢여유"))) | I70: =IF(OR($G$70="",$K$70=""),"",$G$70-$K$70) | J70: =IF(SUM($L$70:$L$72)=0,"",SUM($L$70:$L$72)) | K70: =IF($J$70="","",MAX($N$70:$N$72)) | L70: =IF(SUM(U70:AY70)=0,"",SUM(U70:AY70)) | M70: =IFERROR(INDEX(U$2:AY$2,MATCH(TRUE,INDEX(U70:AY70<>"",0),0)),"") | N70: =IFERROR(LOOKUP(2,1/(U70:AY70<>""),U$2:AY$2),"")
B71: =IF($B$70="","",$B$70) | C71: 마케팅2팀 | D71: =IF($D$70="","",$D$70) | E71: 이미지 | G71: =IF($G$70="","",$G$70) | L71: =IF(SUM(U71:AY71)=0,"",SUM(U71:AY71)) | M71: =IFERROR(INDEX(U$2:AY$2,MATCH(TRUE,INDEX(U71:AY71<>"",0),0)),"") | N71: =IFERROR(LOOKUP(2,1/(U71:AY71<>""),U$2:AY$2),"")
B72: =IF($B$70="","",$B$70) | C72: 마케팅2팀 | D72: =IF($D$70="","",$D$70) | E72: 영상 | G72: =IF($G$70="","",$G$70) | L72: =IF(SUM(U72:AY72)=0,"",SUM(U72:AY72)) | M72: =IFERROR(INDEX(U$2:AY$2,MATCH(TRUE,INDEX(U72:AY72<>"",0),0)),"") | N72: =IFERROR(LOOKUP(2,1/(U72:AY72<>""),U$2:AY$2),"")
A73: =IF($D$73="","",22) | C73: 마케팅2팀 | E73: 기획 | H73: =IF($I$73="","",IF($I$73<0,"🔴지연",IF($I$73<=1,"🟡임박","🟢여유"))) | I73: =IF(OR($G$73="",$K$73=""),"",$G$73-$K$73) | J73: =IF(SUM($L$73:$L$75)=0,"",SUM($L$73:$L$75)) | K73: =IF($J$73="","",MAX($N$73:$N$75)) | L73: =IF(SUM(U73:AY73)=0,"",SUM(U73:AY73)) | M73: =IFERROR(INDEX(U$2:AY$2,MATCH(TRUE,INDEX(U73:AY73<>"",0),0)),"") | N73: =IFERROR(LOOKUP(2,1/(U73:AY73<>""),U$2:AY$2),"")
B74: =IF($B$73="","",$B$73) | C74: 마케팅2팀 | D74: =IF($D$73="","",$D$73) | E74: 이미지 | G74: =IF($G$73="","",$G$73) | L74: =IF(SUM(U74:AY74)=0,"",SUM(U74:AY74)) | M74: =IFERROR(INDEX(U$2:AY$2,MATCH(TRUE,INDEX(U74:AY74<>"",0),0)),"") | N74: =IFERROR(LOOKUP(2,1/(U74:AY74<>""),U$2:AY$2),"")
B75: =IF($B$73="","",$B$73) | C75: 마케팅2팀 | D75: =IF($D$73="","",$D$73) | E75: 영상 | G75: =IF($G$73="","",$G$73) | L75: =IF(SUM(U75:AY75)=0,"",SUM(U75:AY75)) | M75: =IFERROR(INDEX(U$2:AY$2,MATCH(TRUE,INDEX(U75:AY75<>"",0),0)),"") | N75: =IFERROR(LOOKUP(2,1/(U75:AY75<>""),U$2:AY$2),"")
A76: =IF($D$76="","",23) | C76: 마케팅2팀 | E76: 기획 | H76: =IF($I$76="","",IF($I$76<0,"🔴지연",IF($I$76<=1,"🟡임박","🟢여유"))) | I76: =IF(OR($G$76="",$K$76=""),"",$G$76-$K$76) | J76: =IF(SUM($L$76:$L$78)=0,"",SUM($L$76:$L$78)) | K76: =IF($J$76="","",MAX($N$76:$N$78)) | L76: =IF(SUM(U76:AY76)=0,"",SUM(U76:AY76)) | M76: =IFERROR(INDEX(U$2:AY$2,MATCH(TRUE,INDEX(U76:AY76<>"",0),0)),"") | N76: =IFERROR(LOOKUP(2,1/(U76:AY76<>""),U$2:AY$2),"")
B77: =IF($B$76="","",$B$76) | C77: 마케팅2팀 | D77: =IF($D$76="","",$D$76) | E77: 이미지 | G77: =IF($G$76="","",$G$76) | L77: =IF(SUM(U77:AY77)=0,"",SUM(U77:AY77)) | M77: =IFERROR(INDEX(U$2:AY$2,MATCH(TRUE,INDEX(U77:AY77<>"",0),0)),"") | N77: =IFERROR(LOOKUP(2,1/(U77:AY77<>""),U$2:AY$2),"")
B78: =IF($B$76="","",$B$76) | C78: 마케팅2팀 | D78: =IF($D$76="","",$D$76) | E78: 영상 | G78: =IF($G$76="","",$G$76) | L78: =IF(SUM(U78:AY78)=0,"",SUM(U78:AY78)) | M78: =IFERROR(INDEX(U$2:AY$2,MATCH(TRUE,INDEX(U78:AY78<>"",0),0)),"") | N78: =IFERROR(LOOKUP(2,1/(U78:AY78<>""),U$2:AY$2),"")
A79: =IF($D$79="","",24) | C79: 마케팅2팀 | E79: 기획 | H79: =IF($I$79="","",IF($I$79<0,"🔴지연",IF($I$79<=1,"🟡임박","🟢여유"))) | I79: =IF(OR($G$79="",$K$79=""),"",$G$79-$K$79) | J79: =IF(SUM($L$79:$L$81)=0,"",SUM($L$79:$L$81)) | K79: =IF($J$79="","",MAX($N$79:$N$81)) | L79: =IF(SUM(U79:AY79)=0,"",SUM(U79:AY79)) | M79: =IFERROR(INDEX(U$2:AY$2,MATCH(TRUE,INDEX(U79:AY79<>"",0),0)),"") | N79: =IFERROR(LOOKUP(2,1/(U79:AY79<>""),U$2:AY$2),"")
B80: =IF($B$79="","",$B$79) | C80: 마케팅2팀 | D80: =IF($D$79="","",$D$79) | E80: 이미지 | G80: =IF($G$79="","",$G$79) | L80: =IF(SUM(U80:AY80)=0,"",SUM(U80:AY80)) | M80: =IFERROR(INDEX(U$2:AY$2,MATCH(TRUE,INDEX(U80:AY80<>"",0),0)),"") | N80: =IFERROR(LOOKUP(2,1/(U80:AY80<>""),U$2:AY$2),"")
B81: =IF($B$79="","",$B$79) | C81: 마케팅2팀 | D81: =IF($D$79="","",$D$79) | E81: 영상 | G81: =IF($G$79="","",$G$79) | L81: =IF(SUM(U81:AY81)=0,"",SUM(U81:AY81)) | M81: =IFERROR(INDEX(U$2:AY$2,MATCH(TRUE,INDEX(U81:AY81<>"",0),0)),"") | N81: =IFERROR(LOOKUP(2,1/(U81:AY81<>""),U$2:AY$2),"")
A82: =IF($D$82="","",25) | C82: 마케팅2팀 | E82: 기획 | H82: =IF($I$82="","",IF($I$82<0,"🔴지연",IF($I$82<=1,"🟡임박","🟢여유"))) | I82: =IF(OR($G$82="",$K$82=""),"",$G$82-$K$82) | J82: =IF(SUM($L$82:$L$84)=0,"",SUM($L$82:$L$84)) | K82: =IF($J$82="","",MAX($N$82:$N$84)) | L82: =IF(SUM(U82:AY82)=0,"",SUM(U82:AY82)) | M82: =IFERROR(INDEX(U$2:AY$2,MATCH(TRUE,INDEX(U82:AY82<>"",0),0)),"") | N82: =IFERROR(LOOKUP(2,1/(U82:AY82<>""),U$2:AY$2),"")
B83: =IF($B$82="","",$B$82) | C83: 마케팅2팀 | D83: =IF($D$82="","",$D$82) | E83: 이미지 | G83: =IF($G$82="","",$G$82) | L83: =IF(SUM(U83:AY83)=0,"",SUM(U83:AY83)) | M83: =IFERROR(INDEX(U$2:AY$2,MATCH(TRUE,INDEX(U83:AY83<>"",0),0)),"") | N83: =IFERROR(LOOKUP(2,1/(U83:AY83<>""),U$2:AY$2),"")
B84: =IF($B$82="","",$B$82) | C84: 마케팅2팀 | D84: =IF($D$82="","",$D$82) | E84: 영상 | G84: =IF($G$82="","",$G$82) | L84: =IF(SUM(U84:AY84)=0,"",SUM(U84:AY84)) | M84: =IFERROR(INDEX(U$2:AY$2,MATCH(TRUE,INDEX(U84:AY84<>"",0),0)),"") | N84: =IFERROR(LOOKUP(2,1/(U84:AY84<>""),U$2:AY$2),"")
A85: =IF($D$85="","",26) | C85: 마케팅2팀 | E85: 기획 | H85: =IF($I$85="","",IF($I$85<0,"🔴지연",IF($I$85<=1,"🟡임박","🟢여유"))) | I85: =IF(OR($G$85="",$K$85=""),"",$G$85-$K$85) | J85: =IF(SUM($L$85:$L$87)=0,"",SUM($L$85:$L$87)) | K85: =IF($J$85="","",MAX($N$85:$N$87)) | L85: =IF(SUM(U85:AY85)=0,"",SUM(U85:AY85)) | M85: =IFERROR(INDEX(U$2:AY$2,MATCH(TRUE,INDEX(U85:AY85<>"",0),0)),"") | N85: =IFERROR(LOOKUP(2,1/(U85:AY85<>""),U$2:AY$2),"")
B86: =IF($B$85="","",$B$85) | C86: 마케팅2팀 | D86: =IF($D$85="","",$D$85) | E86: 이미지 | G86: =IF($G$85="","",$G$85) | L86: =IF(SUM(U86:AY86)=0,"",SUM(U86:AY86)) | M86: =IFERROR(INDEX(U$2:AY$2,MATCH(TRUE,INDEX(U86:AY86<>"",0),0)),"") | N86: =IFERROR(LOOKUP(2,1/(U86:AY86<>""),U$2:AY$2),"")
B87: =IF($B$85="","",$B$85) | C87: 마케팅2팀 | D87: =IF($D$85="","",$D$85) | E87: 영상 | G87: =IF($G$85="","",$G$85) | L87: =IF(SUM(U87:AY87)=0,"",SUM(U87:AY87)) | M87: =IFERROR(INDEX(U$2:AY$2,MATCH(TRUE,INDEX(U87:AY87<>"",0),0)),"") | N87: =IFERROR(LOOKUP(2,1/(U87:AY87<>""),U$2:AY$2),"")
A88: =IF($D$88="","",27) | C88: 마케팅2팀 | E88: 기획 | H88: =IF($I$88="","",IF($I$88<0,"🔴지연",IF($I$88<=1,"🟡임박","🟢여유"))) | I88: =IF(OR($G$88="",$K$88=""),"",$G$88-$K$88) | J88: =IF(SUM($L$88:$L$90)=0,"",SUM($L$88:$L$90)) | K88: =IF($J$88="","",MAX($N$88:$N$90)) | L88: =IF(SUM(U88:AY88)=0,"",SUM(U88:AY88)) | M88: =IFERROR(INDEX(U$2:AY$2,MATCH(TRUE,INDEX(U88:AY88<>"",0),0)),"") | N88: =IFERROR(LOOKUP(2,1/(U88:AY88<>""),U$2:AY$2),"")
B89: =IF($B$88="","",$B$88) | C89: 마케팅2팀 | D89: =IF($D$88="","",$D$88) | E89: 이미지 | G89: =IF($G$88="","",$G$88) | L89: =IF(SUM(U89:AY89)=0,"",SUM(U89:AY89)) | M89: =IFERROR(INDEX(U$2:AY$2,MATCH(TRUE,INDEX(U89:AY89<>"",0),0)),"") | N89: =IFERROR(LOOKUP(2,1/(U89:AY89<>""),U$2:AY$2),"")
B90: =IF($B$88="","",$B$88) | C90: 마케팅2팀 | D90: =IF($D$88="","",$D$88) | E90: 영상 | G90: =IF($G$88="","",$G$88) | L90: =IF(SUM(U90:AY90)=0,"",SUM(U90:AY90)) | M90: =IFERROR(INDEX(U$2:AY$2,MATCH(TRUE,INDEX(U90:AY90<>"",0),0)),"") | N90: =IFERROR(LOOKUP(2,1/(U90:AY90<>""),U$2:AY$2),"")
A91: =IF($D$91="","",28) | C91: 마케팅2팀 | E91: 기획 | H91: =IF($I$91="","",IF($I$91<0,"🔴지연",IF($I$91<=1,"🟡임박","🟢여유"))) | I91: =IF(OR($G$91="",$K$91=""),"",$G$91-$K$91) | J91: =IF(SUM($L$91:$L$93)=0,"",SUM($L$91:$L$93)) | K91: =IF($J$91="","",MAX($N$91:$N$93)) | L91: =IF(SUM(U91:AY91)=0,"",SUM(U91:AY91)) | M91: =IFERROR(INDEX(U$2:AY$2,MATCH(TRUE,INDEX(U91:AY91<>"",0),0)),"") | N91: =IFERROR(LOOKUP(2,1/(U91:AY91<>""),U$2:AY$2),"")
B92: =IF($B$91="","",$B$91) | C92: 마케팅2팀 | D92: =IF($D$91="","",$D$91) | E92: 이미지 | G92: =IF($G$91="","",$G$91) | L92: =IF(SUM(U92:AY92)=0,"",SUM(U92:AY92)) | M92: =IFERROR(INDEX(U$2:AY$2,MATCH(TRUE,INDEX(U92:AY92<>"",0),0)),"") | N92: =IFERROR(LOOKUP(2,1/(U92:AY92<>""),U$2:AY$2),"")
B93: =IF($B$91="","",$B$91) | C93: 마케팅2팀 | D93: =IF($D$91="","",$D$91) | E93: 영상 | G93: =IF($G$91="","",$G$91) | L93: =IF(SUM(U93:AY93)=0,"",SUM(U93:AY93)) | M93: =IFERROR(INDEX(U$2:AY$2,MATCH(TRUE,INDEX(U93:AY93<>"",0),0)),"") | N93: =IFERROR(LOOKUP(2,1/(U93:AY93<>""),U$2:AY$2),"")
A94: =IF($D$94="","",29) | C94: 마케팅2팀 | E94: 기획 | H94: =IF($I$94="","",IF($I$94<0,"🔴지연",IF($I$94<=1,"🟡임박","🟢여유"))) | I94: =IF(OR($G$94="",$K$94=""),"",$G$94-$K$94) | J94: =IF(SUM($L$94:$L$96)=0,"",SUM($L$94:$L$96)) | K94: =IF($J$94="","",MAX($N$94:$N$96)) | L94: =IF(SUM(U94:AY94)=0,"",SUM(U94:AY94)) | M94: =IFERROR(INDEX(U$2:AY$2,MATCH(TRUE,INDEX(U94:AY94<>"",0),0)),"") | N94: =IFERROR(LOOKUP(2,1/(U94:AY94<>""),U$2:AY$2),"")
B95: =IF($B$94="","",$B$94) | C95: 마케팅2팀 | D95: =IF($D$94="","",$D$94) | E95: 이미지 | G95: =IF($G$94="","",$G$94) | L95: =IF(SUM(U95:AY95)=0,"",SUM(U95:AY95)) | M95: =IFERROR(INDEX(U$2:AY$2,MATCH(TRUE,INDEX(U95:AY95<>"",0),0)),"") | N95: =IFERROR(LOOKUP(2,1/(U95:AY95<>""),U$2:AY$2),"")
B96: =IF($B$94="","",$B$94) | C96: 마케팅2팀 | D96: =IF($D$94="","",$D$94) | E96: 영상 | G96: =IF($G$94="","",$G$94) | L96: =IF(SUM(U96:AY96)=0,"",SUM(U96:AY96)) | M96: =IFERROR(INDEX(U$2:AY$2,MATCH(TRUE,INDEX(U96:AY96<>"",0),0)),"") | N96: =IFERROR(LOOKUP(2,1/(U96:AY96<>""),U$2:AY$2),"")
A97: =IF($D$97="","",30) | C97: 마케팅2팀 | E97: 기획 | H97: =IF($I$97="","",IF($I$97<0,"🔴지연",IF($I$97<=1,"🟡임박","🟢여유"))) | I97: =IF(OR($G$97="",$K$97=""),"",$G$97-$K$97) | J97: =IF(SUM($L$97:$L$99)=0,"",SUM($L$97:$L$99)) | K97: =IF($J$97="","",MAX($N$97:$N$99)) | L97: =IF(SUM(U97:AY97)=0,"",SUM(U97:AY97)) | M97: =IFERROR(INDEX(U$2:AY$2,MATCH(TRUE,INDEX(U97:AY97<>"",0),0)),"") | N97: =IFERROR(LOOKUP(2,1/(U97:AY97<>""),U$2:AY$2),"")
B98: =IF($B$97="","",$B$97) | C98: 마케팅2팀 | D98: =IF($D$97="","",$D$97) | E98: 이미지 | G98: =IF($G$97="","",$G$97) | L98: =IF(SUM(U98:AY98)=0,"",SUM(U98:AY98)) | M98: =IFERROR(INDEX(U$2:AY$2,MATCH(TRUE,INDEX(U98:AY98<>"",0),0)),"") | N98: =IFERROR(LOOKUP(2,1/(U98:AY98<>""),U$2:AY$2),"")
B99: =IF($B$97="","",$B$97) | C99: 마케팅2팀 | D99: =IF($D$97="","",$D$97) | E99: 영상 | G99: =IF($G$97="","",$G$97) | L99: =IF(SUM(U99:AY99)=0,"",SUM(U99:AY99)) | M99: =IFERROR(INDEX(U$2:AY$2,MATCH(TRUE,INDEX(U99:AY99<>"",0),0)),"") | N99: =IFERROR(LOOKUP(2,1/(U99:AY99<>""),U$2:AY$2),"")
A100: =IF($D$100="","",31) | C100: 마케팅2팀 | E100: 기획 | H100: =IF($I$100="","",IF($I$100<0,"🔴지연",IF($I$100<=1,"🟡임박","🟢여유"))) | I100: =IF(OR($G$100="",$K$100=""),"",$G$100-$K$100) | J100: =IF(SUM($L$100:$L$102)=0,"",SUM($L$100:$L$102)) | K100: =IF($J$100="","",MAX($N$100:$N$102)) | L100: =IF(SUM(U100:AY100)=0,"",SUM(U100:AY100)) | M100: =IFERROR(INDEX(U$2:AY$2,MATCH(TRUE,INDEX(U100:AY100<>"",0),0)),"") | N100: =IFERROR(LOOKUP(2,1/(U100:AY100<>""),U$2:AY$2),"")
...

Sheet 5월
A1: 5월 소재 정보 (소재 1개 = 기획/이미지/영상 3줄) | G1: 고객사 전달일 기준 (자동) | L1: 직군별 집계 (자동) | O1: 수량 (소재당 1번) | R1: 관리 | U1: 5월 간트 - 날짜 칸에 실제 MD 직접 입력 | 상단 4줄 = 일자별 직군 TO 상태
A2: No | B2: 게임 타이틀 | C2: 고객팀 | D2: 소재명(업무명) | E2: 직군 | F2: 담당자 | G2: 고객사 전달일 | H2: 신호 | I2: 전달일 여유 | J2: 소재 총MD | K2: 소재 최종완료 | L2: 직군 MD | M2: 직군 시작일 | N2: 직군 완료일 | O2: 영상 수 | P2: 사이즈 베리 | Q2: 다국어 베리 | R2: 상태 | S2: 비고 | U2: =IF(MONTH(DATE('마스터'!$J$3,5,1)+0)=5,DATE('마스터'!$J$3,5,1)+0,"") | V2: =IF(MONTH(DATE('마스터'!$J$3,5,1)+1)=5,DATE('마스터'!$J$3,5,1)+1,"") | W2: =IF(MONTH(DATE('마스터'!$J$3,5,1)+2)=5,DATE('마스터'!$J$3,5,1)+2,"") | X2: =IF(MONTH(DATE('마스터'!$J$3,5,1)+3)=5,DATE('마스터'!$J$3,5,1)+3,"") | Y2: =IF(MONTH(DATE('마스터'!$J$3,5,1)+4)=5,DATE('마스터'!$J$3,5,1)+4,"") | Z2: =IF(MONTH(DATE('마스터'!$J$3,5,1)+5)=5,DATE('마스터'!$J$3,5,1)+5,"") | AA2: =IF(MONTH(DATE('마스터'!$J$3,5,1)+6)=5,DATE('마스터'!$J$3,5,1)+6,"") | AB2: =IF(MONTH(DATE('마스터'!$J$3,5,1)+7)=5,DATE('마스터'!$J$3,5,1)+7,"") | AC2: =IF(MONTH(DATE('마스터'!$J$3,5,1)+8)=5,DATE('마스터'!$J$3,5,1)+8,"") | AD2: =IF(MONTH(DATE('마스터'!$J$3,5,1)+9)=5,DATE('마스터'!$J$3,5,1)+9,"") | AE2: =IF(MONTH(DATE('마스터'!$J$3,5,1)+10)=5,DATE('마스터'!$J$3,5,1)+10,"") | AF2: =IF(MONTH(DATE('마스터'!$J$3,5,1)+11)=5,DATE('마스터'!$J$3,5,1)+11,"") | AG2: =IF(MONTH(DATE('마스터'!$J$3,5,1)+12)=5,DATE('마스터'!$J$3,5,1)+12,"") | AH2: =IF(MONTH(DATE('마스터'!$J$3,5,1)+13)=5,DATE('마스터'!$J$3,5,1)+13,"") | AI2: =IF(MONTH(DATE('마스터'!$J$3,5,1)+14)=5,DATE('마스터'!$J$3,5,1)+14,"") | AJ2: =IF(MONTH(DATE('마스터'!$J$3,5,1)+15)=5,DATE('마스터'!$J$3,5,1)+15,"") | AK2: =IF(MONTH(DATE('마스터'!$J$3,5,1)+16)=5,DATE('마스터'!$J$3,5,1)+16,"") | AL2: =IF(MONTH(DATE('마스터'!$J$3,5,1)+17)=5,DATE('마스터'!$J$3,5,1)+17,"") | AM2: =IF(MONTH(DATE('마스터'!$J$3,5,1)+18)=5,DATE('마스터'!$J$3,5,1)+18,"") | AN2: =IF(MONTH(DATE('마스터'!$J$3,5,1)+19)=5,DATE('마스터'!$J$3,5,1)+19,"") | AO2: =IF(MONTH(DATE('마스터'!$J$3,5,1)+20)=5,DATE('마스터'!$J$3,5,1)+20,"") | AP2: =IF(MONTH(DATE('마스터'!$J$3,5,1)+21)=5,DATE('마스터'!$J$3,5,1)+21,"") | AQ2: =IF(MONTH(DATE('마스터'!$J$3,5,1)+22)=5,DATE('마스터'!$J$3,5,1)+22,"") | AR2: =IF(MONTH(DATE('마스터'!$J$3,5,1)+23)=5,DATE('마스터'!$J$3,5,1)+23,"") | AS2: =IF(MONTH(DATE('마스터'!$J$3,5,1)+24)=5,DATE('마스터'!$J$3,5,1)+24,"") | AT2: =IF(MONTH(DATE('마스터'!$J$3,5,1)+25)=5,DATE('마스터'!$J$3,5,1)+25,"") | AU2: =IF(MONTH(DATE('마스터'!$J$3,5,1)+26)=5,DATE('마스터'!$J$3,5,1)+26,"") | AV2: =IF(MONTH(DATE('마스터'!$J$3,5,1)+27)=5,DATE('마스터'!$J$3,5,1)+27,"") | AW2: =IF(MONTH(DATE('마스터'!$J$3,5,1)+28)=5,DATE('마스터'!$J$3,5,1)+28,"") | AX2: =IF(MONTH(DATE('마스터'!$J$3,5,1)+29)=5,DATE('마스터'!$J$3,5,1)+29,"") | AY2: =IF(MONTH(DATE('마스터'!$J$3,5,1)+30)=5,DATE('마스터'!$J$3,5,1)+30,"")
A3: 전체 TO (일자별 부하) | G3: 정원 | H3: =SUM('마스터'!$J$8:$J$10) | U3: =SUM(U$9:U$312) | V3: =SUM(V$9:V$312) | W3: =SUM(W$9:W$312) | X3: =SUM(X$9:X$312) | Y3: =SUM(Y$9:Y$312) | Z3: =SUM(Z$9:Z$312) | AA3: =SUM(AA$9:AA$312) | AB3: =SUM(AB$9:AB$312) | ... AY3: =SUM(AY$9:AY$312)
A4: 영상 TO | G4: 정원 | H4: ='마스터'!$J$8 | U4: =SUMIF($E$9:$E$312,"영상",U$9:U$312) | V4: =SUMIF($E$9:$E$312,"영상",V$9:V$312) | W4: =SUMIF($E$9:$E$312,"영상",W$9:W$312) | X4: =SUMIF($E$9:$E$312,"영상",X$9:X$312) | Y4: =SUMIF($E$9:$E$312,"영상",Y$9:Y$312) | Z4: =SUMIF($E$9:$E$312,"영상",Z$9:Z$312) | AA4: =SUMIF($E$9:$E$312,"영상",AA$9:AA$312) | AB4: =SUMIF($E$9:$E$312,"영상",AB$9:AB$312) | ... AY4: =SUMIF($E$9:$E$312,"영상",AY$9:AY$312)
A5: 이미지 TO | G5: 정원 | H5: ='마스터'!$J$9 | U5: =SUMIF($E$9:$E$312,"이미지",U$9:U$312) | V5: =SUMIF($E$9:$E$312,"이미지",V$9:V$312) | W5: =SUMIF($E$9:$E$312,"이미지",W$9:W$312) | X5: =SUMIF($E$9:$E$312,"이미지",X$9:X$312) | Y5: =SUMIF($E$9:$E$312,"이미지",Y$9:Y$312) | Z5: =SUMIF($E$9:$E$312,"이미지",Z$9:Z$312) | AA5: =SUMIF($E$9:$E$312,"이미지",AA$9:AA$312) | AB5: =SUMIF($E$9:$E$312,"이미지",AB$9:AB$312) | ... AY5: =SUMIF($E$9:$E$312,"이미지",AY$9:AY$312)
A6: 기획 TO | G6: 정원 | H6: ='마스터'!$J$10 | U6: =SUMIF($E$9:$E$312,"기획",U$9:U$312) | V6: =SUMIF($E$9:$E$312,"기획",V$9:V$312) | W6: =SUMIF($E$9:$E$312,"기획",W$9:W$312) | X6: =SUMIF($E$9:$E$312,"기획",X$9:X$312) | Y6: =SUMIF($E$9:$E$312,"기획",Y$9:Y$312) | Z6: =SUMIF($E$9:$E$312,"기획",Z$9:Z$312) | AA6: =SUMIF($E$9:$E$312,"기획",AA$9:AA$312) | AB6: =SUMIF($E$9:$E$312,"기획",AB$9:AB$312) | ... AY6: =SUMIF($E$9:$E$312,"기획",AY$9:AY$312)
A7: ▼ 아래부터 입력. 노란칸=직접 입력 / 회색칸=자동(건드리지 마세요)
A8: 마케팅1팀 (9~68행 · 소재 20개)
A9: =IF($D$9="","",1) | C9: 마케팅1팀 | E9: 기획 | H9: =IF($I$9="","",IF($I$9<0,"🔴지연",IF($I$9<=1,"🟡임박","🟢여유"))) | I9: =IF(OR($G$9="",$K$9=""),"",$G$9-$K$9) | J9: =IF(SUM($L$9:$L$11)=0,"",SUM($L$9:$L$11)) | K9: =IF($J$9="","",MAX($N$9:$N$11)) | L9: =IF(SUM(U9:AY9)=0,"",SUM(U9:AY9)) | M9: =IFERROR(INDEX(U$2:AY$2,MATCH(TRUE,INDEX(U9:AY9<>"",0),0)),"") | N9: =IFERROR(LOOKUP(2,1/(U9:AY9<>""),U$2:AY$2),"")
B10: =IF($B$9="","",$B$9) | C10: 마케팅1팀 | D10: =IF($D$9="","",$D$9) | E10: 이미지 | G10: =IF($G$9="","",$G$9) | L10: =IF(SUM(U10:AY10)=0,"",SUM(U10:AY10)) | M10: =IFERROR(INDEX(U$2:AY$2,MATCH(TRUE,INDEX(U10:AY10<>"",0),0)),"") | N10: =IFERROR(LOOKUP(2,1/(U10:AY10<>""),U$2:AY$2),"")
B11: =IF($B$9="","",$B$9) | C11: 마케팅1팀 | D11: =IF($D$9="","",$D$9) | E11: 영상 | G11: =IF($G$9="","",$G$9) | L11: =IF(SUM(U11:AY11)=0,"",SUM(U11:AY11)) | M11: =IFERROR(INDEX(U$2:AY$2,MATCH(TRUE,INDEX(U11:AY11<>"",0),0)),"") | N11: =IFERROR(LOOKUP(2,1/(U11:AY11<>""),U$2:AY$2),"")
A12: =IF($D$12="","",2) | C12: 마케팅1팀 | E12: 기획 | H12: =IF($I$12="","",IF($I$12<0,"🔴지연",IF($I$12<=1,"🟡임박","🟢여유"))) | I12: =IF(OR($G$12="",$K$12=""),"",$G$12-$K$12) | J12: =IF(SUM($L$12:$L$14)=0,"",SUM($L$12:$L$14)) | K12: =IF($J$12="","",MAX($N$12:$N$14)) | L12: =IF(SUM(U12:AY12)=0,"",SUM(U12:AY12)) | M12: =IFERROR(INDEX(U$2:AY$2,MATCH(TRUE,INDEX(U12:AY12<>"",0),0)),"") | N12: =IFERROR(LOOKUP(2,1/(U12:AY12<>""),U$2:AY$2),"")
B13: =IF($B$12="","",$B$12) | C13: 마케팅1팀 | D13: =IF($D$12="","",$D$12) | E13: 이미지 | G13: =IF($G$12="","",$G$12) | L13: =IF(SUM(U13:AY13)=0,"",SUM(U13:AY13)) | M13: =IFERROR(INDEX(U$2:AY$2,MATCH(TRUE,INDEX(U13:AY13<>"",0),0)),"") | N13: =IFERROR(LOOKUP(2,1/(U13:AY13<>""),U$2:AY$2),"")
B14: =IF($B$12="","",$B$12) | C14: 마케팅1팀 | D14: =IF($D$12="","",$D$12) | E14: 영상 | G14: =IF($G$12="","",$G$12) | L14: =IF(SUM(U14:AY14)=0,"",SUM(U14:AY14)) | M14: =IFERROR(INDEX(U$2:AY$2,MATCH(TRUE,INDEX(U14:AY14<>"",0),0)),"") | N14: =IFERROR(LOOKUP(2,1/(U14:AY14<>""),U$2:AY$2),"")
A15: =IF($D$15="","",3) | C15: 마케팅1팀 | E15: 기획 | H15: =IF($I$15="","",IF($I$15<0,"🔴지연",IF($I$15<=1,"🟡임박","🟢여유"))) | I15: =IF(OR($G$15="",$K$15=""),"",$G$15-$K$15) | J15: =IF(SUM($L$15:$L$17)=0,"",SUM($L$15:$L$17)) | K15: =IF($J$15="","",MAX($N$15:$N$17)) | L15: =IF(SUM(U15:AY15)=0,"",SUM(U15:AY15)) | M15: =IFERROR(INDEX(U$2:AY$2,MATCH(TRUE,INDEX(U15:AY15<>"",0),0)),"") | N15: =IFERROR(LOOKUP(2,1/(U15:AY15<>""),U$2:AY$2),"")
B16: =IF($B$15="","",$B$15) | C16: 마케팅1팀 | D16: =IF($D$15="","",$D$15) | E16: 이미지 | G16: =IF($G$15="","",$G$15) | L16: =IF(SUM(U16:AY16)=0,"",SUM(U16:AY16)) | M16: =IFERROR(INDEX(U$2:AY$2,MATCH(TRUE,INDEX(U16:AY16<>"",0),0)),"") | N16: =IFERROR(LOOKUP(2,1/(U16:AY16<>""),U$2:AY$2),"")
B17: =IF($B$15="","",$B$15) | C17: 마케팅1팀 | D17: =IF($D$15="","",$D$15) | E17: 영상 | G17: =IF($G$15="","",$G$15) | L17: =IF(SUM(U17:AY17)=0,"",SUM(U17:AY17)) | M17: =IFERROR(INDEX(U$2:AY$2,MATCH(TRUE,INDEX(U17:AY17<>"",0),0)),"") | N17: =IFERROR(LOOKUP(2,1/(U17:AY17<>""),U$2:AY$2),"")
A18: =IF($D$18="","",4) | C18: 마케팅1팀 | E18: 기획 | H18: =IF($I$18="","",IF($I$18<0,"🔴지연",IF($I$18<=1,"🟡임박","🟢여유"))) | I18: =IF(OR($G$18="",$K$18=""),"",$G$18-$K$18) | J18: =IF(SUM($L$18:$L$20)=0,"",SUM($L$18:$L$20)) | K18: =IF($J$18="","",MAX($N$18:$N$20)) | L18: =IF(SUM(U18:AY18)=0,"",SUM(U18:AY18)) | M18: =IFERROR(INDEX(U$2:AY$2,MATCH(TRUE,INDEX(U18:AY18<>"",0),0)),"") | N18: =IFERROR(LOOKUP(2,1/(U18:AY18<>""),U$2:AY$2),"")
B19: =IF($B$18="","",$B$18) | C19: 마케팅1팀 | D19: =IF($D$18="","",$D$18) | E19: 이미지 | G19: =IF($G$18="","",$G$18) | L19: =IF(SUM(U19:AY19)=0,"",SUM(U19:AY19)) | M19: =IFERROR(INDEX(U$2:AY$2,MATCH(TRUE,INDEX(U19:AY19<>"",0),0)),"") | N19: =IFERROR(LOOKUP(2,1/(U19:AY19<>""),U$2:AY$2),"")
B20: =IF($B$18="","",$B$18) | C20: 마케팅1팀 | D20: =IF($D$18="","",$D$18) | E20: 영상 | G20: =IF($G$18="","",$G$18) | L20: =IF(SUM(U20:AY20)=0,"",SUM(U20:AY20)) | M20: =IFERROR(INDEX(U$2:AY$2,MATCH(TRUE,INDEX(U20:AY20<>"",0),0)),"") | N20: =IFERROR(LOOKUP(2,1/(U20:AY20<>""),U$2:AY$2),"")
A21: =IF($D$21="","",5) | C21: 마케팅1팀 | E21: 기획 | H21: =IF($I$21="","",IF($I$21<0,"🔴지연",IF($I$21<=1,"🟡임박","🟢여유"))) | I21: =IF(OR($G$21="",$K$21=""),"",$G$21-$K$21) | J21: =IF(SUM($L$21:$L$23)=0,"",SUM($L$21:$L$23)) | K21: =IF($J$21="","",MAX($N$21:$N$23)) | L21: =IF(SUM(U21:AY21)=0,"",SUM(U21:AY21)) | M21: =IFERROR(INDEX(U$2:AY$2,MATCH(TRUE,INDEX(U21:AY21<>"",0),0)),"") | N21: =IFERROR(LOOKUP(2,1/(U21:AY21<>""),U$2:AY$2),"")
B22: =IF($B$21="","",$B$21) | C22: 마케팅1팀 | D22: =IF($D$21="","",$D$21) | E22: 이미지 | G22: =IF($G$21="","",$G$21) | L22: =IF(SUM(U22:AY22)=0,"",SUM(U22:AY22)) | M22: =IFERROR(INDEX(U$2:AY$2,MATCH(TRUE,INDEX(U22:AY22<>"",0),0)),"") | N22: =IFERROR(LOOKUP(2,1/(U22:AY22<>""),U$2:AY$2),"")
B23: =IF($B$21="","",$B$21) | C23: 마케팅1팀 | D23: =IF($D$21="","",$D$21) | E23: 영상 | G23: =IF($G$21="","",$G$21) | L23: =IF(SUM(U23:AY23)=0,"",SUM(U23:AY23)) | M23: =IFERROR(INDEX(U$2:AY$2,MATCH(TRUE,INDEX(U23:AY23<>"",0),0)),"") | N23: =IFERROR(LOOKUP(2,1/(U23:AY23<>""),U$2:AY$2),"")
A24: =IF($D$24="","",6) | C24: 마케팅1팀 | E24: 기획 | H24: =IF($I$24="","",IF($I$24<0,"🔴지연",IF($I$24<=1,"🟡임박","🟢여유"))) | I24: =IF(OR($G$24="",$K$24=""),"",$G$24-$K$24) | J24: =IF(SUM($L$24:$L$26)=0,"",SUM($L$24:$L$26)) | K24: =IF($J$24="","",MAX($N$24:$N$26)) | L24: =IF(SUM(U24:AY24)=0,"",SUM(U24:AY24)) | M24: =IFERROR(INDEX(U$2:AY$2,MATCH(TRUE,INDEX(U24:AY24<>"",0),0)),"") | N24: =IFERROR(LOOKUP(2,1/(U24:AY24<>""),U$2:AY$2),"")
B25: =IF($B$24="","",$B$24) | C25: 마케팅1팀 | D25: =IF($D$24="","",$D$24) | E25: 이미지 | G25: =IF($G$24="","",$G$24) | L25: =IF(SUM(U25:AY25)=0,"",SUM(U25:AY25)) | M25: =IFERROR(INDEX(U$2:AY$2,MATCH(TRUE,INDEX(U25:AY25<>"",0),0)),"") | N25: =IFERROR(LOOKUP(2,1/(U25:AY25<>""),U$2:AY$2),"")
B26: =IF($B$24="","",$B$24) | C26: 마케팅1팀 | D26: =IF($D$24="","",$D$24) | E26: 영상 | G26: =IF($G$24="","",$G$24) | L26: =IF(SUM(U26:AY26)=0,"",SUM(U26:AY26)) | M26: =IFERROR(INDEX(U$2:AY$2,MATCH(TRUE,INDEX(U26:AY26<>"",0),0)),"") | N26: =IFERROR(LOOKUP(2,1/(U26:AY26<>""),U$2:AY$2),"")
A27: =IF($D$27="","",7) | C27: 마케팅1팀 | E27: 기획 | H27: =IF($I$27="","",IF($I$27<0,"🔴지연",IF($I$27<=1,"🟡임박","🟢여유"))) | I27: =IF(OR($G$27="",$K$27=""),"",$G$27-$K$27) | J27: =IF(SUM($L$27:$L$29)=0,"",SUM($L$27:$L$29)) | K27: =IF($J$27="","",MAX($N$27:$N$29)) | L27: =IF(SUM(U27:AY27)=0,"",SUM(U27:AY27)) | M27: =IFERROR(INDEX(U$2:AY$2,MATCH(TRUE,INDEX(U27:AY27<>"",0),0)),"") | N27: =IFERROR(LOOKUP(2,1/(U27:AY27<>""),U$2:AY$2),"")
B28: =IF($B$27="","",$B$27) | C28: 마케팅1팀 | D28: =IF($D$27="","",$D$27) | E28: 이미지 | G28: =IF($G$27="","",$G$27) | L28: =IF(SUM(U28:AY28)=0,"",SUM(U28:AY28)) | M28: =IFERROR(INDEX(U$2:AY$2,MATCH(TRUE,INDEX(U28:AY28<>"",0),0)),"") | N28: =IFERROR(LOOKUP(2,1/(U28:AY28<>""),U$2:AY$2),"")
B29: =IF($B$27="","",$B$27) | C29: 마케팅1팀 | D29: =IF($D$27="","",$D$27) | E29: 영상 | G29: =IF($G$27="","",$G$27) | L29: =IF(SUM(U29:AY29)=0,"",SUM(U29:AY29)) | M29: =IFERROR(INDEX(U$2:AY$2,MATCH(TRUE,INDEX(U29:AY29<>"",0),0)),"") | N29: =IFERROR(LOOKUP(2,1/(U29:AY29<>""),U$2:AY$2),"")
A30: =IF($D$30="","",8) | C30: 마케팅1팀 | E30: 기획 | H30: =IF($I$30="","",IF($I$30<0,"🔴지연",IF($I$30<=1,"🟡임박","🟢여유"))) | I30: =IF(OR($G$30="",$K$30=""),"",$G$30-$K$30) | J30: =IF(SUM($L$30:$L$32)=0,"",SUM($L$30:$L$32)) | K30: =IF($J$30="","",MAX($N$30:$N$32)) | L30: =IF(SUM(U30:AY30)=0,"",SUM(U30:AY30)) | M30: =IFERROR(INDEX(U$2:AY$2,MATCH(TRUE,INDEX(U30:AY30<>"",0),0)),"") | N30: =IFERROR(LOOKUP(2,1/(U30:AY30<>""),U$2:AY$2),"")
B31: =IF($B$30="","",$B$30) | C31: 마케팅1팀 | D31: =IF($D$30="","",$D$30) | E31: 이미지 | G31: =IF($G$30="","",$G$30) | L31: =IF(SUM(U31:AY31)=0,"",SUM(U31:AY31)) | M31: =IFERROR(INDEX(U$2:AY$2,MATCH(TRUE,INDEX(U31:AY31<>"",0),0)),"") | N31: =IFERROR(LOOKUP(2,1/(U31:AY31<>""),U$2:AY$2),"")
B32: =IF($B$30="","",$B$30) | C32: 마케팅1팀 | D32: =IF($D$30="","",$D$30) | E32: 영상 | G32: =IF($G$30="","",$G$30) | L32: =IF(SUM(U32:AY32)=0,"",SUM(U32:AY32)) | M32: =IFERROR(INDEX(U$2:AY$2,MATCH(TRUE,INDEX(U32:AY32<>"",0),0)),"") | N32: =IFERROR(LOOKUP(2,1/(U32:AY32<>""),U$2:AY$2),"")
A33: =IF($D$33="","",9) | C33: 마케팅1팀 | E33: 기획 | H33: =IF($I$33="","",IF($I$33<0,"🔴지연",IF($I$33<=1,"🟡임박","🟢여유"))) | I33: =IF(OR($G$33="",$K$33=""),"",$G$33-$K$33) | J33: =IF(SUM($L$33:$L$35)=0,"",SUM($L$33:$L$35)) | K33: =IF($J$33="","",MAX($N$33:$N$35)) | L33: =IF(SUM(U33:AY33)=0,"",SUM(U33:AY33)) | M33: =IFERROR(INDEX(U$2:AY$2,MATCH(TRUE,INDEX(U33:AY33<>"",0),0)),"") | N33: =IFERROR(LOOKUP(2,1/(U33:AY33<>""),U$2:AY$2),"")
B34: =IF($B$33="","",$B$33) | C34: 마케팅1팀 | D34: =IF($D$33="","",$D$33) | E34: 이미지 | G34: =IF($G$33="","",$G$33) | L34: =IF(SUM(U34:AY34)=0,"",SUM(U34:AY34)) | M34: =IFERROR(INDEX(U$2:AY$2,MATCH(TRUE,INDEX(U34:AY34<>"",0),0)),"") | N34: =IFERROR(LOOKUP(2,1/(U34:AY34<>""),U$2:AY$2),"")
B35: =IF($B$33="","",$B$33) | C35: 마케팅1팀 | D35: =IF($D$33="","",$D$33) | E35: 영상 | G35: =IF($G$33="","",$G$33) | L35: =IF(SUM(U35:AY35)=0,"",SUM(U35:AY35)) | M35: =IFERROR(INDEX(U$2:AY$2,MATCH(TRUE,INDEX(U35:AY35<>"",0),0)),"") | N35: =IFERROR(LOOKUP(2,1/(U35:AY35<>""),U$2:AY$2),"")
A36: =IF($D$36="","",10) | C36: 마케팅1팀 | E36: 기획 | H36: =IF($I$36="","",IF($I$36<0,"🔴지연",IF($I$36<=1,"🟡임박","🟢여유"))) | I36: =IF(OR($G$36="",$K$36=""),"",$G$36-$K$36) | J36: =IF(SUM($L$36:$L$38)=0,"",SUM($L$36:$L$38)) | K36: =IF($J$36="","",MAX($N$36:$N$38)) | L36: =IF(SUM(U36:AY36)=0,"",SUM(U36:AY36)) | M36: =IFERROR(INDEX(U$2:AY$2,MATCH(TRUE,INDEX(U36:AY36<>"",0),0)),"") | N36: =IFERROR(LOOKUP(2,1/(U36:AY36<>""),U$2:AY$2),"")
B37: =IF($B$36="","",$B$36) | C37: 마케팅1팀 | D37: =IF($D$36="","",$D$36) | E37: 이미지 | G37: =IF($G$36="","",$G$36) | L37: =IF(SUM(U37:AY37)=0,"",SUM(U37:AY37)) | M37: =IFERROR(INDEX(U$2:AY$2,MATCH(TRUE,INDEX(U37:AY37<>"",0),0)),"") | N37: =IFERROR(LOOKUP(2,1/(U37:AY37<>""),U$2:AY$2),"")
B38: =IF($B$36="","",$B$36) | C38: 마케팅1팀 | D38: =IF($D$36="","",$D$36) | E38: 영상 | G38: =IF($G$36="","",$G$36) | L38: =IF(SUM(U38:AY38)=0,"",SUM(U38:AY38)) | M38: =IFERROR(INDEX(U$2:AY$2,MATCH(TRUE,INDEX(U38:AY38<>"",0),0)),"") | N38: =IFERROR(LOOKUP(2,1/(U38:AY38<>""),U$2:AY$2),"")
A39: =IF($D$39="","",11) | C39: 마케팅1팀 | E39: 기획 | H39: =IF($I$39="","",IF($I$39<0,"🔴지연",IF($I$39<=1,"🟡임박","🟢여유"))) | I39: =IF(OR($G$39="",$K$39=""),"",$G$39-$K$39) | J39: =IF(SUM($L$39:$L$41)=0,"",SUM($L$39:$L$41)) | K39: =IF($J$39="","",MAX($N$39:$N$41)) | L39: =IF(SUM(U39:AY39)=0,"",SUM(U39:AY39)) | M39: =IFERROR(INDEX(U$2:AY$2,MATCH(TRUE,INDEX(U39:AY39<>"",0),0)),"") | N39: =IFERROR(LOOKUP(2,1/(U39:AY39<>""),U$2:AY$2),"")
B40: =IF($B$39="","",$B$39) | C40: 마케팅1팀 | D40: =IF($D$39="","",$D$39) | E40: 이미지 | G40: =IF($G$39="","",$G$39) | L40: =IF(SUM(U40:AY40)=0,"",SUM(U40:AY40)) | M40: =IFERROR(INDEX(U$2:AY$2,MATCH(TRUE,INDEX(U40:AY40<>"",0),0)),"") | N40: =IFERROR(LOOKUP(2,1/(U40:AY40<>""),U$2:AY$2),"")
B41: =IF($B$39="","",$B$39) | C41: 마케팅1팀 | D41: =IF($D$39="","",$D$39) | E41: 영상 | G41: =IF($G$39="","",$G$39) | L41: =IF(SUM(U41:AY41)=0,"",SUM(U41:AY41)) | M41: =IFERROR(INDEX(U$2:AY$2,MATCH(TRUE,INDEX(U41:AY41<>"",0),0)),"") | N41: =IFERROR(LOOKUP(2,1/(U41:AY41<>""),U$2:AY$2),"")
A42: =IF($D$42="","",12) | C42: 마케팅1팀 | E42: 기획 | H42: =IF($I$42="","",IF($I$42<0,"🔴지연",IF($I$42<=1,"🟡임박","🟢여유"))) | I42: =IF(OR($G$42="",$K$42=""),"",$G$42-$K$42) | J42: =IF(SUM($L$42:$L$44)=0,"",SUM($L$42:$L$44)) | K42: =IF($J$42="","",MAX($N$42:$N$44)) | L42: =IF(SUM(U42:AY42)=0,"",SUM(U42:AY42)) | M42: =IFERROR(INDEX(U$2:AY$2,MATCH(TRUE,INDEX(U42:AY42<>"",0),0)),"") | N42: =IFERROR(LOOKUP(2,1/(U42:AY42<>""),U$2:AY$2),"")
B43: =IF($B$42="","",$B$42) | C43: 마케팅1팀 | D43: =IF($D$42="","",$D$42) | E43: 이미지 | G43: =IF($G$42="","",$G$42) | L43: =IF(SUM(U43:AY43)=0,"",SUM(U43:AY43)) | M43: =IFERROR(INDEX(U$2:AY$2,MATCH(TRUE,INDEX(U43:AY43<>"",0),0)),"") | N43: =IFERROR(LOOKUP(2,1/(U43:AY43<>""),U$2:AY$2),"")
B44: =IF($B$42="","",$B$42) | C44: 마케팅1팀 | D44: =IF($D$42="","",$D$42) | E44: 영상 | G44: =IF($G$42="","",$G$42) | L44: =IF(SUM(U44:AY44)=0,"",SUM(U44:AY44)) | M44: =IFERROR(INDEX(U$2:AY$2,MATCH(TRUE,INDEX(U44:AY44<>"",0),0)),"") | N44: =IFERROR(LOOKUP(2,1/(U44:AY44<>""),U$2:AY$2),"")
A45: =IF($D$45="","",13) | C45: 마케팅1팀 | E45: 기획 | H45: =IF($I$45="","",IF($I$45<0,"🔴지연",IF($I$45<=1,"🟡임박","🟢여유"))) | I45: =IF(OR($G$45="",$K$45=""),"",$G$45-$K$45) | J45: =IF(SUM($L$45:$L$47)=0,"",SUM($L$45:$L$47)) | K45: =IF($J$45="","",MAX($N$45:$N$47)) | L45: =IF(SUM(U45:AY45)=0,"",SUM(U45:AY45)) | M45: =IFERROR(INDEX(U$2:AY$2,MATCH(TRUE,INDEX(U45:AY45<>"",0),0)),"") | N45: =IFERROR(LOOKUP(2,1/(U45:AY45<>""),U$2:AY$2),"")
B46: =IF($B$45="","",$B$45) | C46: 마케팅1팀 | D46: =IF($D$45="","",$D$45) | E46: 이미지 | G46: =IF($G$45="","",$G$45) | L46: =IF(SUM(U46:AY46)=0,"",SUM(U46:AY46)) | M46: =IFERROR(INDEX(U$2:AY$2,MATCH(TRUE,INDEX(U46:AY46<>"",0),0)),"") | N46: =IFERROR(LOOKUP(2,1/(U46:AY46<>""),U$2:AY$2),"")
B47: =IF($B$45="","",$B$45) | C47: 마케팅1팀 | D47: =IF($D$45="","",$D$45) | E47: 영상 | G47: =IF($G$45="","",$G$45) | L47: =IF(SUM(U47:AY47)=0,"",SUM(U47:AY47)) | M47: =IFERROR(INDEX(U$2:AY$2,MATCH(TRUE,INDEX(U47:AY47<>"",0),0)),"") | N47: =IFERROR(LOOKUP(2,1/(U47:AY47<>""),U$2:AY$2),"")
A48: =IF($D$48="","",14) | C48: 마케팅1팀 | E48: 기획 | H48: =IF($I$48="","",IF($I$48<0,"🔴지연",IF($I$48<=1,"🟡임박","🟢여유"))) | I48: =IF(OR($G$48="",$K$48=""),"",$G$48-$K$48) | J48: =IF(SUM($L$48:$L$50)=0,"",SUM($L$48:$L$50)) | K48: =IF($J$48="","",MAX($N$48:$N$50)) | L48: =IF(SUM(U48:AY48)=0,"",SUM(U48:AY48)) | M48: =IFERROR(INDEX(U$2:AY$2,MATCH(TRUE,INDEX(U48:AY48<>"",0),0)),"") | N48: =IFERROR(LOOKUP(2,1/(U48:AY48<>""),U$2:AY$2),"")
B49: =IF($B$48="","",$B$48) | C49: 마케팅1팀 | D49: =IF($D$48="","",$D$48) | E49: 이미지 | G49: =IF($G$48="","",$G$48) | L49: =IF(SUM(U49:AY49)=0,"",SUM(U49:AY49)) | M49: =IFERROR(INDEX(U$2:AY$2,MATCH(TRUE,INDEX(U49:AY49<>"",0),0)),"") | N49: =IFERROR(LOOKUP(2,1/(U49:AY49<>""),U$2:AY$2),"")
B50: =IF($B$48="","",$B$48) | C50: 마케팅1팀 | D50: =IF($D$48="","",$D$48) | E50: 영상 | G50: =IF($G$48="","",$G$48) | L50: =IF(SUM(U50:AY50)=0,"",SUM(U50:AY50)) | M50: =IFERROR(INDEX(U$2:AY$2,MATCH(TRUE,INDEX(U50:AY50<>"",0),0)),"") | N50: =IFERROR(LOOKUP(2,1/(U50:AY50<>""),U$2:AY$2),"")
A51: =IF($D$51="","",15) | C51: 마케팅1팀 | E51: 기획 | H51: =IF($I$51="","",IF($I$51<0,"🔴지연",IF($I$51<=1,"🟡임박","🟢여유"))) | I51: =IF(OR($G$51="",$K$51=""),"",$G$51-$K$51) | J51: =IF(SUM($L$51:$L$53)=0,"",SUM($L$51:$L$53)) | K51: =IF($J$51="","",MAX($N$51:$N$53)) | L51: =IF(SUM(U51:AY51)=0,"",SUM(U51:AY51)) | M51: =IFERROR(INDEX(U$2:AY$2,MATCH(TRUE,INDEX(U51:AY51<>"",0),0)),"") | N51: =IFERROR(LOOKUP(2,1/(U51:AY51<>""),U$2:AY$2),"")
B52: =IF($B$51="","",$B$51) | C52: 마케팅1팀 | D52: =IF($D$51="","",$D$51) | E52: 이미지 | G52: =IF($G$51="","",$G$51) | L52: =IF(SUM(U52:AY52)=0,"",SUM(U52:AY52)) | M52: =IFERROR(INDEX(U$2:AY$2,MATCH(TRUE,INDEX(U52:AY52<>"",0),0)),"") | N52: =IFERROR(LOOKUP(2,1/(U52:AY52<>""),U$2:AY$2),"")
B53: =IF($B$51="","",$B$51) | C53: 마케팅1팀 | D53: =IF($D$51="","",$D$51) | E53: 영상 | G53: =IF($G$51="","",$G$51) | L53: =IF(SUM(U53:AY53)=0,"",SUM(U53:AY53)) | M53: =IFERROR(INDEX(U$2:AY$2,MATCH(TRUE,INDEX(U53:AY53<>"",0),0)),"") | N53: =IFERROR(LOOKUP(2,1/(U53:AY53<>""),U$2:AY$2),"")
A54: =IF($D$54="","",16) | C54: 마케팅1팀 | E54: 기획 | H54: =IF($I$54="","",IF($I$54<0,"🔴지연",IF($I$54<=1,"🟡임박","🟢여유"))) | I54: =IF(OR($G$54="",$K$54=""),"",$G$54-$K$54) | J54: =IF(SUM($L$54:$L$56)=0,"",SUM($L$54:$L$56)) | K54: =IF($J$54="","",MAX($N$54:$N$56)) | L54: =IF(SUM(U54:AY54)=0,"",SUM(U54:AY54)) | M54: =IFERROR(INDEX(U$2:AY$2,MATCH(TRUE,INDEX(U54:AY54<>"",0),0)),"") | N54: =IFERROR(LOOKUP(2,1/(U54:AY54<>""),U$2:AY$2),"")
B55: =IF($B$54="","",$B$54) | C55: 마케팅1팀 | D55: =IF($D$54="","",$D$54) | E55: 이미지 | G55: =IF($G$54="","",$G$54) | L55: =IF(SUM(U55:AY55)=0,"",SUM(U55:AY55)) | M55: =IFERROR(INDEX(U$2:AY$2,MATCH(TRUE,INDEX(U55:AY55<>"",0),0)),"") | N55: =IFERROR(LOOKUP(2,1/(U55:AY55<>""),U$2:AY$2),"")
B56: =IF($B$54="","",$B$54) | C56: 마케팅1팀 | D56: =IF($D$54="","",$D$54) | E56: 영상 | G56: =IF($G$54="","",$G$54) | L56: =IF(SUM(U56:AY56)=0,"",SUM(U56:AY56)) | M56: =IFERROR(INDEX(U$2:AY$2,MATCH(TRUE,INDEX(U56:AY56<>"",0),0)),"") | N56: =IFERROR(LOOKUP(2,1/(U56:AY56<>""),U$2:AY$2),"")
A57: =IF($D$57="","",17) | C57: 마케팅1팀 | E57: 기획 | H57: =IF($I$57="","",IF($I$57<0,"🔴지연",IF($I$57<=1,"🟡임박","🟢여유"))) | I57: =IF(OR($G$57="",$K$57=""),"",$G$57-$K$57) | J57: =IF(SUM($L$57:$L$59)=0,"",SUM($L$57:$L$59)) | K57: =IF($J$57="","",MAX($N$57:$N$59)) | L57: =IF(SUM(U57:AY57)=0,"",SUM(U57:AY57)) | M57: =IFERROR(INDEX(U$2:AY$2,MATCH(TRUE,INDEX(U57:AY57<>"",0),0)),"") | N57: =IFERROR(LOOKUP(2,1/(U57:AY57<>""),U$2:AY$2),"")
B58: =IF($B$57="","",$B$57) | C58: 마케팅1팀 | D58: =IF($D$57="","",$D$57) | E58: 이미지 | G58: =IF($G$57="","",$G$57) | L58: =IF(SUM(U58:AY58)=0,"",SUM(U58:AY58)) | M58: =IFERROR(INDEX(U$2:AY$2,MATCH(TRUE,INDEX(U58:AY58<>"",0),0)),"") | N58: =IFERROR(LOOKUP(2,1/(U58:AY58<>""),U$2:AY$2),"")
B59: =IF($B$57="","",$B$57) | C59: 마케팅1팀 | D59: =IF($D$57="","",$D$57) | E59: 영상 | G59: =IF($G$57="","",$G$57) | L59: =IF(SUM(U59:AY59)=0,"",SUM(U59:AY59)) | M59: =IFERROR(INDEX(U$2:AY$2,MATCH(TRUE,INDEX(U59:AY59<>"",0),0)),"") | N59: =IFERROR(LOOKUP(2,1/(U59:AY59<>""),U$2:AY$2),"")
A60: =IF($D$60="","",18) | C60: 마케팅1팀 | E60: 기획 | H60: =IF($I$60="","",IF($I$60<0,"🔴지연",IF($I$60<=1,"🟡임박","🟢여유"))) | I60: =IF(OR($G$60="",$K$60=""),"",$G$60-$K$60) | J60: =IF(SUM($L$60:$L$62)=0,"",SUM($L$60:$L$62)) | K60: =IF($J$60="","",MAX($N$60:$N$62)) | L60: =IF(SUM(U60:AY60)=0,"",SUM(U60:AY60)) | M60: =IFERROR(INDEX(U$2:AY$2,MATCH(TRUE,INDEX(U60:AY60<>"",0),0)),"") | N60: =IFERROR(LOOKUP(2,1/(U60:AY60<>""),U$2:AY$2),"")
B61: =IF($B$60="","",$B$60) | C61: 마케팅1팀 | D61: =IF($D$60="","",$D$60) | E61: 이미지 | G61: =IF($G$60="","",$G$60) | L61: =IF(SUM(U61:AY61)=0,"",SUM(U61:AY61)) | M61: =IFERROR(INDEX(U$2:AY$2,MATCH(TRUE,INDEX(U61:AY61<>"",0),0)),"") | N61: =IFERROR(LOOKUP(2,1/(U61:AY61<>""),U$2:AY$2),"")
B62: =IF($B$60="","",$B$60) | C62: 마케팅1팀 | D62: =IF($D$60="","",$D$60) | E62: 영상 | G62: =IF($G$60="","",$G$60) | L62: =IF(SUM(U62:AY62)=0,"",SUM(U62:AY62)) | M62: =IFERROR(INDEX(U$2:AY$2,MATCH(TRUE,INDEX(U62:AY62<>"",0),0)),"") | N62: =IFERROR(LOOKUP(2,1/(U62:AY62<>""),U$2:AY$2),"")
A63: =IF($D$63="","",19) | C63: 마케팅1팀 | E63: 기획 | H63: =IF($I$63="","",IF($I$63<0,"🔴지연",IF($I$63<=1,"🟡임박","🟢여유"))) | I63: =IF(OR($G$63="",$K$63=""),"",$G$63-$K$63) | J63: =IF(SUM($L$63:$L$65)=0,"",SUM($L$63:$L$65)) | K63: =IF($J$63="","",MAX($N$63:$N$65)) | L63: =IF(SUM(U63:AY63)=0,"",SUM(U63:AY63)) | M63: =IFERROR(INDEX(U$2:AY$2,MATCH(TRUE,INDEX(U63:AY63<>"",0),0)),"") | N63: =IFERROR(LOOKUP(2,1/(U63:AY63<>""),U$2:AY$2),"")
B64: =IF($B$63="","",$B$63) | C64: 마케팅1팀 | D64: =IF($D$63="","",$D$63) | E64: 이미지 | G64: =IF($G$63="","",$G$63) | L64: =IF(SUM(U64:AY64)=0,"",SUM(U64:AY64)) | M64: =IFERROR(INDEX(U$2:AY$2,MATCH(TRUE,INDEX(U64:AY64<>"",0),0)),"") | N64: =IFERROR(LOOKUP(2,1/(U64:AY64<>""),U$2:AY$2),"")
B65: =IF($B$63="","",$B$63) | C65: 마케팅1팀 | D65: =IF($D$63="","",$D$63) | E65: 영상 | G65: =IF($G$63="","",$G$63) | L65: =IF(SUM(U65:AY65)=0,"",SUM(U65:AY65)) | M65: =IFERROR(INDEX(U$2:AY$2,MATCH(TRUE,INDEX(U65:AY65<>"",0),0)),"") | N65: =IFERROR(LOOKUP(2,1/(U65:AY65<>""),U$2:AY$2),"")
A66: =IF($D$66="","",20) | C66: 마케팅1팀 | E66: 기획 | H66: =IF($I$66="","",IF($I$66<0,"🔴지연",IF($I$66<=1,"🟡임박","🟢여유"))) | I66: =IF(OR($G$66="",$K$66=""),"",$G$66-$K$66) | J66: =IF(SUM($L$66:$L$68)=0,"",SUM($L$66:$L$68)) | K66: =IF($J$66="","",MAX($N$66:$N$68)) | L66: =IF(SUM(U66:AY66)=0,"",SUM(U66:AY66)) | M66: =IFERROR(INDEX(U$2:AY$2,MATCH(TRUE,INDEX(U66:AY66<>"",0),0)),"") | N66: =IFERROR(LOOKUP(2,1/(U66:AY66<>""),U$2:AY$2),"")
B67: =IF($B$66="","",$B$66) | C67: 마케팅1팀 | D67: =IF($D$66="","",$D$66) | E67: 이미지 | G67: =IF($G$66="","",$G$66) | L67: =IF(SUM(U67:AY67)=0,"",SUM(U67:AY67)) | M67: =IFERROR(INDEX(U$2:AY$2,MATCH(TRUE,INDEX(U67:AY67<>"",0),0)),"") | N67: =IFERROR(LOOKUP(2,1/(U67:AY67<>""),U$2:AY$2),"")
B68: =IF($B$66="","",$B$66) | C68: 마케팅1팀 | D68: =IF($D$66="","",$D$66) | E68: 영상 | G68: =IF($G$66="","",$G$66) | L68: =IF(SUM(U68:AY68)=0,"",SUM(U68:AY68)) | M68: =IFERROR(INDEX(U$2:AY$2,MATCH(TRUE,INDEX(U68:AY68<>"",0),0)),"") | N68: =IFERROR(LOOKUP(2,1/(U68:AY68<>""),U$2:AY$2),"")
A69: 마케팅2팀 (70~129행 · 소재 20개)
A70: =IF($D$70="","",21) | C70: 마케팅2팀 | E70: 기획 | H70: =IF($I$70="","",IF($I$70<0,"🔴지연",IF($I$70<=1,"🟡임박","🟢여유"))) | I70: =IF(OR($G$70="",$K$70=""),"",$G$70-$K$70) | J70: =IF(SUM($L$70:$L$72)=0,"",SUM($L$70:$L$72)) | K70: =IF($J$70="","",MAX($N$70:$N$72)) | L70: =IF(SUM(U70:AY70)=0,"",SUM(U70:AY70)) | M70: =IFERROR(INDEX(U$2:AY$2,MATCH(TRUE,INDEX(U70:AY70<>"",0),0)),"") | N70: =IFERROR(LOOKUP(2,1/(U70:AY70<>""),U$2:AY$2),"")
B71: =IF($B$70="","",$B$70) | C71: 마케팅2팀 | D71: =IF($D$70="","",$D$70) | E71: 이미지 | G71: =IF($G$70="","",$G$70) | L71: =IF(SUM(U71:AY71)=0,"",SUM(U71:AY71)) | M71: =IFERROR(INDEX(U$2:AY$2,MATCH(TRUE,INDEX(U71:AY71<>"",0),0)),"") | N71: =IFERROR(LOOKUP(2,1/(U71:AY71<>""),U$2:AY$2),"")
B72: =IF($B$70="","",$B$70) | C72: 마케팅2팀 | D72: =IF($D$70="","",$D$70) | E72: 영상 | G72: =IF($G$70="","",$G$70) | L72: =IF(SUM(U72:AY72)=0,"",SUM(U72:AY72)) | M72: =IFERROR(INDEX(U$2:AY$2,MATCH(TRUE,INDEX(U72:AY72<>"",0),0)),"") | N72: =IFERROR(LOOKUP(2,1/(U72:AY72<>""),U$2:AY$2),"")
A73: =IF($D$73="","",22) | C73: 마케팅2팀 | E73: 기획 | H73: =IF($I$73="","",IF($I$73<0,"🔴지연",IF($I$73<=1,"🟡임박","🟢여유"))) | I73: =IF(OR($G$73="",$K$73=""),"",$G$73-$K$73) | J73: =IF(SUM($L$73:$L$75)=0,"",SUM($L$73:$L$75)) | K73: =IF($J$73="","",MAX($N$73:$N$75)) | L73: =IF(SUM(U73:AY73)=0,"",SUM(U73:AY73)) | M73: =IFERROR(INDEX(U$2:AY$2,MATCH(TRUE,INDEX(U73:AY73<>"",0),0)),"") | N73: =IFERROR(LOOKUP(2,1/(U73:AY73<>""),U$2:AY$2),"")
B74: =IF($B$73="","",$B$73) | C74: 마케팅2팀 | D74: =IF($D$73="","",$D$73) | E74: 이미지 | G74: =IF($G$73="","",$G$73) | L74: =IF(SUM(U74:AY74)=0,"",SUM(U74:AY74)) | M74: =IFERROR(INDEX(U$2:AY$2,MATCH(TRUE,INDEX(U74:AY74<>"",0),0)),"") | N74: =IFERROR(LOOKUP(2,1/(U74:AY74<>""),U$2:AY$2),"")
B75: =IF($B$73="","",$B$73) | C75: 마케팅2팀 | D75: =IF($D$73="","",$D$73) | E75: 영상 | G75: =IF($G$73="","",$G$73) | L75: =IF(SUM(U75:AY75)=0,"",SUM(U75:AY75)) | M75: =IFERROR(INDEX(U$2:AY$2,MATCH(TRUE,INDEX(U75:AY75<>"",0),0)),"") | N75: =IFERROR(LOOKUP(2,1/(U75:AY75<>""),U$2:AY$2),"")
A76: =IF($D$76="","",23) | C76: 마케팅2팀 | E76: 기획 | H76: =IF($I$76="","",IF($I$76<0,"🔴지연",IF($I$76<=1,"🟡임박","🟢여유"))) | I76: =IF(OR($G$76="",$K$76=""),"",$G$76-$K$76) | J76: =IF(SUM($L$76:$L$78)=0,"",SUM($L$76:$L$78)) | K76: =IF($J$76="","",MAX($N$76:$N$78)) | L76: =IF(SUM(U76:AY76)=0,"",SUM(U76:AY76)) | M76: =IFERROR(INDEX(U$2:AY$2,MATCH(TRUE,INDEX(U76:AY76<>"",0),0)),"") | N76: =IFERROR(LOOKUP(2,1/(U76:AY76<>""),U$2:AY$2),"")
B77: =IF($B$76="","",$B$76) | C77: 마케팅2팀 | D77: =IF($D$76="","",$D$76) | E77: 이미지 | G77: =IF($G$76="","",$G$76) | L77: =IF(SUM(U77:AY77)=0,"",SUM(U77:AY77)) | M77: =IFERROR(INDEX(U$2:AY$2,MATCH(TRUE,INDEX(U77:AY77<>"",0),0)),"") | N77: =IFERROR(LOOKUP(2,1/(U77:AY77<>""),U$2:AY$2),"")
B78: =IF($B$76="","",$B$76) | C78: 마케팅2팀 | D78: =IF($D$76="","",$D$76) | E78: 영상 | G78: =IF($G$76="","",$G$76) | L78: =IF(SUM(U78:AY78)=0,"",SUM(U78:AY78)) | M78: =IFERROR(INDEX(U$2:AY$2,MATCH(TRUE,INDEX(U78:AY78<>"",0),0)),"") | N78: =IFERROR(LOOKUP(2,1/(U78:AY78<>""),U$2:AY$2),"")
A79: =IF($D$79="","",24) | C79: 마케팅2팀 | E79: 기획 | H79: =IF($I$79="","",IF($I$79<0,"🔴지연",IF($I$79<=1,"🟡임박","🟢여유"))) | I79: =IF(OR($G$79="",$K$79=""),"",$G$79-$K$79) | J79: =IF(SUM($L$79:$L$81)=0,"",SUM($L$79:$L$81)) | K79: =IF($J$79="","",MAX($N$79:$N$81)) | L79: =IF(SUM(U79:AY79)=0,"",SUM(U79:AY79)) | M79: =IFERROR(INDEX(U$2:AY$2,MATCH(TRUE,INDEX(U79:AY79<>"",0),0)),"") | N79: =IFERROR(LOOKUP(2,1/(U79:AY79<>""),U$2:AY$2),"")
B80: =IF($B$79="","",$B$79) | C80: 마케팅2팀 | D80: =IF($D$79="","",$D$79) | E80: 이미지 | G80: =IF($G$79="","",$G$79) | L80: =IF(SUM(U80:AY80)=0,"",SUM(U80:AY80)) | M80: =IFERROR(INDEX(U$2:AY$2,MATCH(TRUE,INDEX(U80:AY80<>"",0),0)),"") | N80: =IFERROR(LOOKUP(2,1/(U80:AY80<>""),U$2:AY$2),"")
B81: =IF($B$79="","",$B$79) | C81: 마케팅2팀 | D81: =IF($D$79="","",$D$79) | E81: 영상 | G81: =IF($G$79="","",$G$79) | L81: =IF(SUM(U81:AY81)=0,"",SUM(U81:AY81)) | M81: =IFERROR(INDEX(U$2:AY$2,MATCH(TRUE,INDEX(U81:AY81<>"",0),0)),"") | N81: =IFERROR(LOOKUP(2,1/(U81:AY81<>""),U$2:AY$2),"")
A82: =IF($D$82="","",25) | C82: 마케팅2팀 | E82: 기획 | H82: =IF($I$82="","",IF($I$82<0,"🔴지연",IF($I$82<=1,"🟡임박","🟢여유"))) | I82: =IF(OR($G$82="",$K$82=""),"",$G$82-$K$82) | J82: =IF(SUM($L$82:$L$84)=0,"",SUM($L$82:$L$84)) | K82: =IF($J$82="","",MAX($N$82:$N$84)) | L82: =IF(SUM(U82:AY82)=0,"",SUM(U82:AY82)) | M82: =IFERROR(INDEX(U$2:AY$2,MATCH(TRUE,INDEX(U82:AY82<>"",0),0)),"") | N82: =IFERROR(LOOKUP(2,1/(U82:AY82<>""),U$2:AY$2),"")
B83: =IF($B$82="","",$B$82) | C83: 마케팅2팀 | D83: =IF($D$82="","",$D$82) | E83: 이미지 | G83: =IF($G$82="","",$G$82) | L83: =IF(SUM(U83:AY83)=0,"",SUM(U83:AY83)) | M83: =IFERROR(INDEX(U$2:AY$2,MATCH(TRUE,INDEX(U83:AY83<>"",0),0)),"") | N83: =IFERROR(LOOKUP(2,1/(U83:AY83<>""),U$2:AY$2),"")
B84: =IF($B$82="","",$B$82) | C84: 마케팅2팀 | D84: =IF($D$82="","",$D$82) | E84: 영상 | G84: =IF($G$82="","",$G$82) | L84: =IF(SUM(U84:AY84)=0,"",SUM(U84:AY84)) | M84: =IFERROR(INDEX(U$2:AY$2,MATCH(TRUE,INDEX(U84:AY84<>"",0),0)),"") | N84: =IFERROR(LOOKUP(2,1/(U84:AY84<>""),U$2:AY$2),"")
A85: =IF($D$85="","",26) | C85: 마케팅2팀 | E85: 기획 | H85: =IF($I$85="","",IF($I$85<0,"🔴지연",IF($I$85<=1,"🟡임박","🟢여유"))) | I85: =IF(OR($G$85="",$K$85=""),"",$G$85-$K$85) | J85: =IF(SUM($L$85:$L$87)=0,"",SUM($L$85:$L$87)) | K85: =IF($J$85="","",MAX($N$85:$N$87)) | L85: =IF(SUM(U85:AY85)=0,"",SUM(U85:AY85)) | M85: =IFERROR(INDEX(U$2:AY$2,MATCH(TRUE,INDEX(U85:AY85<>"",0),0)),"") | N85: =IFERROR(LOOKUP(2,1/(U85:AY85<>""),U$2:AY$2),"")
B86: =IF($B$85="","",$B$85) | C86: 마케팅2팀 | D86: =IF($D$85="","",$D$85) | E86: 이미지 | G86: =IF($G$85="","",$G$85) | L86: =IF(SUM(U86:AY86)=0,"",SUM(U86:AY86)) | M86: =IFERROR(INDEX(U$2:AY$2,MATCH(TRUE,INDEX(U86:AY86<>"",0),0)),"") | N86: =IFERROR(LOOKUP(2,1/(U86:AY86<>""),U$2:AY$2),"")
B87: =IF($B$85="","",$B$85) | C87: 마케팅2팀 | D87: =IF($D$85="","",$D$85) | E87: 영상 | G87: =IF($G$85="","",$G$85) | L87: =IF(SUM(U87:AY87)=0,"",SUM(U87:AY87)) | M87: =IFERROR(INDEX(U$2:AY$2,MATCH(TRUE,INDEX(U87:AY87<>"",0),0)),"") | N87: =IFERROR(LOOKUP(2,1/(U87:AY87<>""),U$2:AY$2),"")
A88: =IF($D$88="","",27) | C88: 마케팅2팀 | E88: 기획 | H88: =IF($I$88="","",IF($I$88<0,"🔴지연",IF($I$88<=1,"🟡임박","🟢여유"))) | I88: =IF(OR($G$88="",$K$88=""),"",$G$88-$K$88) | J88: =IF(SUM($L$88:$L$90)=0,"",SUM($L$88:$L$90)) | K88: =IF($J$88="","",MAX($N$88:$N$90)) | L88: =IF(SUM(U88:AY88)=0,"",SUM(U88:AY88)) | M88: =IFERROR(INDEX(U$2:AY$2,MATCH(TRUE,INDEX(U88:AY88<>"",0),0)),"") | N88: =IFERROR(LOOKUP(2,1/(U88:AY88<>""),U$2:AY$2),"")
B89: =IF($B$88="","",$B$88) | C89: 마케팅2팀 | D89: =IF($D$88="","",$D$88) | E89: 이미지 | G89: =IF($G$88="","",$G$88) | L89: =IF(SUM(U89:AY89)=0,"",SUM(U89:AY89)) | M89: =IFERROR(INDEX(U$2:AY$2,MATCH(TRUE,INDEX(U89:AY89<>"",0),0)),"") | N89: =IFERROR(LOOKUP(2,1/(U89:AY89<>""),U$2:AY$2),"")
B90: =IF($B$88="","",$B$88) | C90: 마케팅2팀 | D90: =IF($D$88="","",$D$88) | E90: 영상 | G90: =IF($G$88="","",$G$88) | L90: =IF(SUM(U90:AY90)=0,"",SUM(U90:AY90)) | M90: =IFERROR(INDEX(U$2:AY$2,MATCH(TRUE,INDEX(U90:AY90<>"",0),0)),"") | N90: =IFERROR(LOOKUP(2,1/(U90:AY90<>""),U$2:AY$2),"")
A91: =IF($D$91="","",28) | C91: 마케팅2팀 | E91: 기획 | H91: =IF($I$91="","",IF($I$91<0,"🔴지연",IF($I$91<=1,"🟡임박","🟢여유"))) | I91: =IF(OR($G$91="",$K$91=""),"",$G$91-$K$91) | J91: =IF(SUM($L$91:$L$93)=0,"",SUM($L$91:$L$93)) | K91: =IF($J$91="","",MAX($N$91:$N$93)) | L91: =IF(SUM(U91:AY91)=0,"",SUM(U91:AY91)) | M91: =IFERROR(INDEX(U$2:AY$2,MATCH(TRUE,INDEX(U91:AY91<>"",0),0)),"") | N91: =IFERROR(LOOKUP(2,1/(U91:AY91<>""),U$2:AY$2),"")
B92: =IF($B$91="","",$B$91) | C92: 마케팅2팀 | D92: =IF($D$91="","",$D$91) | E92: 이미지 | G92: =IF($G$91="","",$G$91) | L92: =IF(SUM(U92:AY92)=0,"",SUM(U92:AY92)) | M92: =IFERROR(INDEX(U$2:AY$2,MATCH(TRUE,INDEX(U92:AY92<>"",0),0)),"") | N92: =IFERROR(LOOKUP(2,1/(U92:AY92<>""),U$2:AY$2),"")
B93: =IF($B$91="","",$B$91) | C93: 마케팅2팀 | D93: =IF($D$91="","",$D$91) | E93: 영상 | G93: =IF($G$91="","",$G$91) | L93: =IF(SUM(U93:AY93)=0,"",SUM(U93:AY93)) | M93: =IFERROR(INDEX(U$2:AY$2,MATCH(TRUE,INDEX(U93:AY93<>"",0),0)),"") | N93: =IFERROR(LOOKUP(2,1/(U93:AY93<>""),U$2:AY$2),"")
A94: =IF($D$94="","",29) | C94: 마케팅2팀 | E94: 기획 | H94: =IF($I$94="","",IF($I$94<0,"🔴지연",IF($I$94<=1,"🟡임박","🟢여유"))) | I94: =IF(OR($G$94="",$K$94=""),"",$G$94-$K$94) | J94: =IF(SUM($L$94:$L$96)=0,"",SUM($L$94:$L$96)) | K94: =IF($J$94="","",MAX($N$94:$N$96)) | L94: =IF(SUM(U94:AY94)=0,"",SUM(U94:AY94)) | M94: =IFERROR(INDEX(U$2:AY$2,MATCH(TRUE,INDEX(U94:AY94<>"",0),0)),"") | N94: =IFERROR(LOOKUP(2,1/(U94:AY94<>""),U$2:AY$2),"")
B95: =IF($B$94="","",$B$94) | C95: 마케팅2팀 | D95: =IF($D$94="","",$D$94) | E95: 이미지 | G95: =IF($G$94="","",$G$94) | L95: =IF(SUM(U95:AY95)=0,"",SUM(U95:AY95)) | M95: =IFERROR(INDEX(U$2:AY$2,MATCH(TRUE,INDEX(U95:AY95<>"",0),0)),"") | N95: =IFERROR(LOOKUP(2,1/(U95:AY95<>""),U$2:AY$2),"")
B96: =IF($B$94="","",$B$94) | C96: 마케팅2팀 | D96: =IF($D$94="","",$D$94) | E96: 영상 | G96: =IF($G$94="","",$G$94) | L96: =IF(SUM(U96:AY96)=0,"",SUM(U96:AY96)) | M96: =IFERROR(INDEX(U$2:AY$2,MATCH(TRUE,INDEX(U96:AY96<>"",0),0)),"") | N96: =IFERROR(LOOKUP(2,1/(U96:AY96<>""),U$2:AY$2),"")
A97: =IF($D$97="","",30) | C97: 마케팅2팀 | E97: 기획 | H97: =IF($I$97="","",IF($I$97<0,"🔴지연",IF($I$97<=1,"🟡임박","🟢여유"))) | I97: =IF(OR($G$97="",$K$97=""),"",$G$97-$K$97) | J97: =IF(SUM($L$97:$L$99)=0,"",SUM($L$97:$L$99)) | K97: =IF($J$97="","",MAX($N$97:$N$99)) | L97: =IF(SUM(U97:AY97)=0,"",SUM(U97:AY97)) | M97: =IFERROR(INDEX(U$2:AY$2,MATCH(TRUE,INDEX(U97:AY97<>"",0),0)),"") | N97: =IFERROR(LOOKUP(2,1/(U97:AY97<>""),U$2:AY$2),"")
B98: =IF($B$97="","",$B$97) | C98: 마케팅2팀 | D98: =IF($D$97="","",$D$97) | E98: 이미지 | G98: =IF($G$97="","",$G$97) | L98: =IF(SUM(U98:AY98)=0,"",SUM(U98:AY98)) | M98: =IFERROR(INDEX(U$2:AY$2,MATCH(TRUE,INDEX(U98:AY98<>"",0),0)),"") | N98: =IFERROR(LOOKUP(2,1/(U98:AY98<>""),U$2:AY$2),"")
B99: =IF($B$97="","",$B$97) | C99: 마케팅2팀 | D99: =IF($D$97="","",$D$97) | E99: 영상 | G99: =IF($G$97="","",$G$97) | L99: =IF(SUM(U99:AY99)=0,"",SUM(U99:AY99)) | M99: =IFERROR(INDEX(U$2:AY$2,MATCH(TRUE,INDEX(U99:AY99<>"",0),0)),"") | N99: =IFERROR(LOOKUP(2,1/(U99:AY99<>""),U$2:AY$2),"")
A100: =IF($D$100="","",31) | C100: 마케팅2팀 | E100: 기획 | H100: =IF($I$100="","",IF($I$100<0,"🔴지연",IF($I$100<=1,"🟡임박","🟢여유"))) | I100: =IF(OR($G$100="",$K$100=""),"",$G$100-$K$100) | J100: =IF(SUM($L$100:$L$102)=0,"",SUM($L$100:$L$102)) | K100: =IF($J$100="","",MAX($N$100:$N$102)) | L100: =IF(SUM(U100:AY100)=0,"",SUM(U100:AY100)) | M100: =IFERROR(INDEX(U$2:AY$2,MATCH(TRUE,INDEX(U100:AY100<>"",0),0)),"") | N100: =IFERROR(LOOKUP(2,1/(U100:AY100<>""),U$2:AY$2),"")
...

Sheet 6월
A1: 6월 소재 정보 (소재 1개 = 기획/이미지/영상 3줄) | G1: 고객사 전달일 기준 (자동) | L1: 직군별 집계 (자동) | O1: 수량 (소재당 1번) | R1: 관리 | U1: 6월 간트 - 날짜 칸에 실제 MD 직접 입력 | 상단 4줄 = 일자별 직군 TO 상태
A2: No | B2: 게임 타이틀 | C2: 고객팀 | D2: 소재명(업무명) | E2: 직군 | F2: 담당자 | G2: 고객사 전달일 | H2: 신호 | I2: 전달일 여유 | J2: 소재 총MD | K2: 소재 최종완료 | L2: 직군 MD | M2: 직군 시작일 | N2: 직군 완료일 | O2: 영상 수 | P2: 사이즈 베리 | Q2: 다국어 베리 | R2: 상태 | S2: 비고 | U2: =IF(MONTH(DATE('마스터'!$J$3,6,1)+0)=6,DATE('마스터'!$J$3,6,1)+0,"") | V2: =IF(MONTH(DATE('마스터'!$J$3,6,1)+1)=6,DATE('마스터'!$J$3,6,1)+1,"") | W2: =IF(MONTH(DATE('마스터'!$J$3,6,1)+2)=6,DATE('마스터'!$J$3,6,1)+2,"") | X2: =IF(MONTH(DATE('마스터'!$J$3,6,1)+3)=6,DATE('마스터'!$J$3,6,1)+3,"") | Y2: =IF(MONTH(DATE('마스터'!$J$3,6,1)+4)=6,DATE('마스터'!$J$3,6,1)+4,"") | Z2: =IF(MONTH(DATE('마스터'!$J$3,6,1)+5)=6,DATE('마스터'!$J$3,6,1)+5,"") | AA2: =IF(MONTH(DATE('마스터'!$J$3,6,1)+6)=6,DATE('마스터'!$J$3,6,1)+6,"") | AB2: =IF(MONTH(DATE('마스터'!$J$3,6,1)+7)=6,DATE('마스터'!$J$3,6,1)+7,"") | AC2: =IF(MONTH(DATE('마스터'!$J$3,6,1)+8)=6,DATE('마스터'!$J$3,6,1)+8,"") | AD2: =IF(MONTH(DATE('마스터'!$J$3,6,1)+9)=6,DATE('마스터'!$J$3,6,1)+9,"") | AE2: =IF(MONTH(DATE('마스터'!$J$3,6,1)+10)=6,DATE('마스터'!$J$3,6,1)+10,"") | AF2: =IF(MONTH(DATE('마스터'!$J$3,6,1)+11)=6,DATE('마스터'!$J$3,6,1)+11,"") | AG2: =IF(MONTH(DATE('마스터'!$J$3,6,1)+12)=6,DATE('마스터'!$J$3,6,1)+12,"") | AH2: =IF(MONTH(DATE('마스터'!$J$3,6,1)+13)=6,DATE('마스터'!$J$3,6,1)+13,"") | AI2: =IF(MONTH(DATE('마스터'!$J$3,6,1)+14)=6,DATE('마스터'!$J$3,6,1)+14,"") | AJ2: =IF(MONTH(DATE('마스터'!$J$3,6,1)+15)=6,DATE('마스터'!$J$3,6,1)+15,"") | AK2: =IF(MONTH(DATE('마스터'!$J$3,6,1)+16)=6,DATE('마스터'!$J$3,6,1)+16,"") | AL2: =IF(MONTH(DATE('마스터'!$J$3,6,1)+17)=6,DATE('마스터'!$J$3,6,1)+17,"") | AM2: =IF(MONTH(DATE('마스터'!$J$3,6,1)+18)=6,DATE('마스터'!$J$3,6,1)+18,"") | AN2: =IF(MONTH(DATE('마스터'!$J$3,6,1)+19)=6,DATE('마스터'!$J$3,6,1)+19,"") | AO2: =IF(MONTH(DATE('마스터'!$J$3,6,1)+20)=6,DATE('마스터'!$J$3,6,1)+20,"") | AP2: =IF(MONTH(DATE('마스터'!$J$3,6,1)+21)=6,DATE('마스터'!$J$3,6,1)+21,"") | AQ2: =IF(MONTH(DATE('마스터'!$J$3,6,1)+22)=6,DATE('마스터'!$J$3,6,1)+22,"") | AR2: =IF(MONTH(DATE('마스터'!$J$3,6,1)+23)=6,DATE('마스터'!$J$3,6,1)+23,"") | AS2: =IF(MONTH(DATE('마스터'!$J$3,6,1)+24)=6,DATE('마스터'!$J$3,6,1)+24,"") | AT2: =IF(MONTH(DATE('마스터'!$J$3,6,1)+25)=6,DATE('마스터'!$J$3,6,1)+25,"") | AU2: =IF(MONTH(DATE('마스터'!$J$3,6,1)+26)=6,DATE('마스터'!$J$3,6,1)+26,"") | AV2: =IF(MONTH(DATE('마스터'!$J$3,6,1)+27)=6,DATE('마스터'!$J$3,6,1)+27,"") | AW2: =IF(MONTH(DATE('마스터'!$J$3,6,1)+28)=6,DATE('마스터'!$J$3,6,1)+28,"") | AX2: =IF(MONTH(DATE('마스터'!$J$3,6,1)+29)=6,DATE('마스터'!$J$3,6,1)+29,"") | AY2: =IF(MONTH(DATE('마스터'!$J$3,6,1)+30)=6,DATE('마스터'!$J$3,6,1)+30,"")
A3: 전체 TO (일자별 부하) | G3: 정원 | H3: =SUM('마스터'!$J$8:$J$10) | U3: =SUM(U$9:U$312) | V3: =SUM(V$9:V$312) | W3: =SUM(W$9:W$312) | X3: =SUM(X$9:X$312) | Y3: =SUM(Y$9:Y$312) | Z3: =SUM(Z$9:Z$312) | AA3: =SUM(AA$9:AA$312) | AB3: =SUM(AB$9:AB$312) | ... AY3: =SUM(AY$9:AY$312)
A4: 영상 TO | G4: 정원 | H4: ='마스터'!$J$8 | U4: =SUMIF($E$9:$E$312,"영상",U$9:U$312) | V4: =SUMIF($E$9:$E$312,"영상",V$9:V$312) | W4: =SUMIF($E$9:$E$312,"영상",W$9:W$312) | X4: =SUMIF($E$9:$E$312,"영상",X$9:X$312) | Y4: =SUMIF($E$9:$E$312,"영상",Y$9:Y$312) | Z4: =SUMIF($E$9:$E$312,"영상",Z$9:Z$312) | AA4: =SUMIF($E$9:$E$312,"영상",AA$9:AA$312) | AB4: =SUMIF($E$9:$E$312,"영상",AB$9:AB$312) | ... AY4: =SUMIF($E$9:$E$312,"영상",AY$9:AY$312)
A5: 이미지 TO | G5: 정원 | H5: ='마스터'!$J$9 | U5: =SUMIF($E$9:$E$312,"이미지",U$9:U$312) | V5: =SUMIF($E$9:$E$312,"이미지",V$9:V$312) | W5: =SUMIF($E$9:$E$312,"이미지",W$9:W$312) | X5: =SUMIF($E$9:$E$312,"이미지",X$9:X$312) | Y5: =SUMIF($E$9:$E$312,"이미지",Y$9:Y$312) | Z5: =SUMIF($E$9:$E$312,"이미지",Z$9:Z$312) | AA5: =SUMIF($E$9:$E$312,"이미지",AA$9:AA$312) | AB5: =SUMIF($E$9:$E$312,"이미지",AB$9:AB$312) | ... AY5: =SUMIF($E$9:$E$312,"이미지",AY$9:AY$312)
A6: 기획 TO | G6: 정원 | H6: ='마스터'!$J$10 | U6: =SUMIF($E$9:$E$312,"기획",U$9:U$312) | V6: =SUMIF($E$9:$E$312,"기획",V$9:V$312) | W6: =SUMIF($E$9:$E$312,"기획",W$9:W$312) | X6: =SUMIF($E$9:$E$312,"기획",X$9:X$312) | Y6: =SUMIF($E$9:$E$312,"기획",Y$9:Y$312) | Z6: =SUMIF($E$9:$E$312,"기획",Z$9:Z$312) | AA6: =SUMIF($E$9:$E$312,"기획",AA$9:AA$312) | AB6: =SUMIF($E$9:$E$312,"기획",AB$9:AB$312) | ... AY6: =SUMIF($E$9:$E$312,"기획",AY$9:AY$312)
A7: ▼ 아래부터 입력. 노란칸=직접 입력 / 회색칸=자동(건드리지 마세요)
A8: 마케팅1팀 (9~68행 · 소재 20개)
A9: =IF($D$9="","",1) | C9: 마케팅1팀 | E9: 기획 | H9: =IF($I$9="","",IF($I$9<0,"🔴지연",IF($I$9<=1,"🟡임박","🟢여유"))) | I9: =IF(OR($G$9="",$K$9=""),"",$G$9-$K$9) | J9: =IF(SUM($L$9:$L$11)=0,"",SUM($L$9:$L$11)) | K9: =IF($J$9="","",MAX($N$9:$N$11)) | L9: =IF(SUM(U9:AY9)=0,"",SUM(U9:AY9)) | M9: =IFERROR(INDEX(U$2:AY$2,MATCH(TRUE,INDEX(U9:AY9<>"",0),0)),"") | N9: =IFERROR(LOOKUP(2,1/(U9:AY9<>""),U$2:AY$2),"")
B10: =IF($B$9="","",$B$9) | C10: 마케팅1팀 | D10: =IF($D$9="","",$D$9) | E10: 이미지 | G10: =IF($G$9="","",$G$9) | L10: =IF(SUM(U10:AY10)=0,"",SUM(U10:AY10)) | M10: =IFERROR(INDEX(U$2:AY$2,MATCH(TRUE,INDEX(U10:AY10<>"",0),0)),"") | N10: =IFERROR(LOOKUP(2,1/(U10:AY10<>""),U$2:AY$2),"")
B11: =IF($B$9="","",$B$9) | C11: 마케팅1팀 | D11: =IF($D$9="","",$D$9) | E11: 영상 | G11: =IF($G$9="","",$G$9) | L11: =IF(SUM(U11:AY11)=0,"",SUM(U11:AY11)) | M11: =IFERROR(INDEX(U$2:AY$2,MATCH(TRUE,INDEX(U11:AY11<>"",0),0)),"") | N11: =IFERROR(LOOKUP(2,1/(U11:AY11<>""),U$2:AY$2),"")
A12: =IF($D$12="","",2) | C12: 마케팅1팀 | E12: 기획 | H12: =IF($I$12="","",IF($I$12<0,"🔴지연",IF($I$12<=1,"🟡임박","🟢여유"))) | I12: =IF(OR($G$12="",$K$12=""),"",$G$12-$K$12) | J12: =IF(SUM($L$12:$L$14)=0,"",SUM($L$12:$L$14)) | K12: =IF($J$12="","",MAX($N$12:$N$14)) | L12: =IF(SUM(U12:AY12)=0,"",SUM(U12:AY12)) | M12: =IFERROR(INDEX(U$2:AY$2,MATCH(TRUE,INDEX(U12:AY12<>"",0),0)),"") | N12: =IFERROR(LOOKUP(2,1/(U12:AY12<>""),U$2:AY$2),"")
B13: =IF($B$12="","",$B$12) | C13: 마케팅1팀 | D13: =IF($D$12="","",$D$12) | E13: 이미지 | G13: =IF($G$12="","",$G$12) | L13: =IF(SUM(U13:AY13)=0,"",SUM(U13:AY13)) | M13: =IFERROR(INDEX(U$2:AY$2,MATCH(TRUE,INDEX(U13:AY13<>"",0),0)),"") | N13: =IFERROR(LOOKUP(2,1/(U13:AY13<>""),U$2:AY$2),"")
B14: =IF($B$12="","",$B$12) | C14: 마케팅1팀 | D14: =IF($D$12="","",$D$12) | E14: 영상 | G14: =IF($G$12="","",$G$12) | L14: =IF(SUM(U14:AY14)=0,"",SUM(U14:AY14)) | M14: =IFERROR(INDEX(U$2:AY$2,MATCH(TRUE,INDEX(U14:AY14<>"",0),0)),"") | N14: =IFERROR(LOOKUP(2,1/(U14:AY14<>""),U$2:AY$2),"")
A15: =IF($D$15="","",3) | C15: 마케팅1팀 | E15: 기획 | H15: =IF($I$15="","",IF($I$15<0,"🔴지연",IF($I$15<=1,"🟡임박","🟢여유"))) | I15: =IF(OR($G$15="",$K$15=""),"",$G$15-$K$15) | J15: =IF(SUM($L$15:$L$17)=0,"",SUM($L$15:$L$17)) | K15: =IF($J$15="","",MAX($N$15:$N$17)) | L15: =IF(SUM(U15:AY15)=0,"",SUM(U15:AY15)) | M15: =IFERROR(INDEX(U$2:AY$2,MATCH(TRUE,INDEX(U15:AY15<>"",0),0)),"") | N15: =IFERROR(LOOKUP(2,1/(U15:AY15<>""),U$2:AY$2),"")
B16: =IF($B$15="","",$B$15) | C16: 마케팅1팀 | D16: =IF($D$15="","",$D$15) | E16: 이미지 | G16: =IF($G$15="","",$G$15) | L16: =IF(SUM(U16:AY16)=0,"",SUM(U16:AY16)) | M16: =IFERROR(INDEX(U$2:AY$2,MATCH(TRUE,INDEX(U16:AY16<>"",0),0)),"") | N16: =IFERROR(LOOKUP(2,1/(U16:AY16<>""),U$2:AY$2),"")
B17: =IF($B$15="","",$B$15) | C17: 마케팅1팀 | D17: =IF($D$15="","",$D$15) | E17: 영상 | G17: =IF($G$15="","",$G$15) | L17: =IF(SUM(U17:AY17)=0,"",SUM(U17:AY17)) | M17: =IFERROR(INDEX(U$2:AY$2,MATCH(TRUE,INDEX(U17:AY17<>"",0),0)),"") | N17: =IFERROR(LOOKUP(2,1/(U17:AY17<>""),U$2:AY$2),"")
A18: =IF($D$18="","",4) | C18: 마케팅1팀 | E18: 기획 | H18: =IF($I$18="","",IF($I$18<0,"🔴지연",IF($I$18<=1,"🟡임박","🟢여유"))) | I18: =IF(OR($G$18="",$K$18=""),"",$G$18-$K$18) | J18: =IF(SUM($L$18:$L$20)=0,"",SUM($L$18:$L$20)) | K18: =IF($J$18="","",MAX($N$18:$N$20)) | L18: =IF(SUM(U18:AY18)=0,"",SUM(U18:AY18)) | M18: =IFERROR(INDEX(U$2:AY$2,MATCH(TRUE,INDEX(U18:AY18<>"",0),0)),"") | N18: =IFERROR(LOOKUP(2,1/(U18:AY18<>""),U$2:AY$2),"")
B19: =IF($B$18="","",$B$18) | C19: 마케팅1팀 | D19: =IF($D$18="","",$D$18) | E19: 이미지 | G19: =IF($G$18="","",$G$18) | L19: =IF(SUM(U19:AY19)=0,"",SUM(U19:AY19)) | M19: =IFERROR(INDEX(U$2:AY$2,MATCH(TRUE,INDEX(U19:AY19<>"",0),0)),"") | N19: =IFERROR(LOOKUP(2,1/(U19:AY19<>""),U$2:AY$2),"")
B20: =IF($B$18="","",$B$18) | C20: 마케팅1팀 | D20: =IF($D$18="","",$D$18) | E20: 영상 | G20: =IF($G$18="","",$G$18) | L20: =IF(SUM(U20:AY20)=0,"",SUM(U20:AY20)) | M20: =IFERROR(INDEX(U$2:AY$2,MATCH(TRUE,INDEX(U20:AY20<>"",0),0)),"") | N20: =IFERROR(LOOKUP(2,1/(U20:AY20<>""),U$2:AY$2),"")
A21: =IF($D$21="","",5) | C21: 마케팅1팀 | E21: 기획 | H21: =IF($I$21="","",IF($I$21<0,"🔴지연",IF($I$21<=1,"🟡임박","🟢여유"))) | I21: =IF(OR($G$21="",$K$21=""),"",$G$21-$K$21) | J21: =IF(SUM($L$21:$L$23)=0,"",SUM($L$21:$L$23)) | K21: =IF($J$21="","",MAX($N$21:$N$23)) | L21: =IF(SUM(U21:AY21)=0,"",SUM(U21:AY21)) | M21: =IFERROR(INDEX(U$2:AY$2,MATCH(TRUE,INDEX(U21:AY21<>"",0),0)),"") | N21: =IFERROR(LOOKUP(2,1/(U21:AY21<>""),U$2:AY$2),"")
B22: =IF($B$21="","",$B$21) | C22: 마케팅1팀 | D22: =IF($D$21="","",$D$21) | E22: 이미지 | G22: =IF($G$21="","",$G$21) | L22: =IF(SUM(U22:AY22)=0,"",SUM(U22:AY22)) | M22: =IFERROR(INDEX(U$2:AY$2,MATCH(TRUE,INDEX(U22:AY22<>"",0),0)),"") | N22: =IFERROR(LOOKUP(2,1/(U22:AY22<>""),U$2:AY$2),"")
B23: =IF($B$21="","",$B$21) | C23: 마케팅1팀 | D23: =IF($D$21="","",$D$21) | E23: 영상 | G23: =IF($G$21="","",$G$21) | L23: =IF(SUM(U23:AY23)=0,"",SUM(U23:AY23)) | M23: =IFERROR(INDEX(U$2:AY$2,MATCH(TRUE,INDEX(U23:AY23<>"",0),0)),"") | N23: =IFERROR(LOOKUP(2,1/(U23:AY23<>""),U$2:AY$2),"")
A24: =IF($D$24="","",6) | C24: 마케팅1팀 | E24: 기획 | H24: =IF($I$24="","",IF($I$24<0,"🔴지연",IF($I$24<=1,"🟡임박","🟢여유"))) | I24: =IF(OR($G$24="",$K$24=""),"",$G$24-$K$24) | J24: =IF(SUM($L$24:$L$26)=0,"",SUM($L$24:$L$26)) | K24: =IF($J$24="","",MAX($N$24:$N$26)) | L24: =IF(SUM(U24:AY24)=0,"",SUM(U24:AY24)) | M24: =IFERROR(INDEX(U$2:AY$2,MATCH(TRUE,INDEX(U24:AY24<>"",0),0)),"") | N24: =IFERROR(LOOKUP(2,1/(U24:AY24<>""),U$2:AY$2),"")
B25: =IF($B$24="","",$B$24) | C25: 마케팅1팀 | D25: =IF($D$24="","",$D$24) | E25: 이미지 | G25: =IF($G$24="","",$G$24) | L25: =IF(SUM(U25:AY25)=0,"",SUM(U25:AY25)) | M25: =IFERROR(INDEX(U$2:AY$2,MATCH(TRUE,INDEX(U25:AY25<>"",0),0)),"") | N25: =IFERROR(LOOKUP(2,1/(U25:AY25<>""),U$2:AY$2),"")
B26: =IF($B$24="","",$B$24) | C26: 마케팅1팀 | D26: =IF($D$24="","",$D$24) | E26: 영상 | G26: =IF($G$24="","",$G$24) | L26: =IF(SUM(U26:AY26)=0,"",SUM(U26:AY26)) | M26: =IFERROR(INDEX(U$2:AY$2,MATCH(TRUE,INDEX(U26:AY26<>"",0),0)),"") | N26: =IFERROR(LOOKUP(2,1/(U26:AY26<>""),U$2:AY$2),"")
A27: =IF($D$27="","",7) | C27: 마케팅1팀 | E27: 기획 | H27: =IF($I$27="","",IF($I$27<0,"🔴지연",IF($I$27<=1,"🟡임박","🟢여유"))) | I27: =IF(OR($G$27="",$K$27=""),"",$G$27-$K$27) | J27: =IF(SUM($L$27:$L$29)=0,"",SUM($L$27:$L$29)) | K27: =IF($J$27="","",MAX($N$27:$N$29)) | L27: =IF(SUM(U27:AY27)=0,"",SUM(U27:AY27)) | M27: =IFERROR(INDEX(U$2:AY$2,MATCH(TRUE,INDEX(U27:AY27<>"",0),0)),"") | N27: =IFERROR(LOOKUP(2,1/(U27:AY27<>""),U$2:AY$2),"")
B28: =IF($B$27="","",$B$27) | C28: 마케팅1팀 | D28: =IF($D$27="","",$D$27) | E28: 이미지 | G28: =IF($G$27="","",$G$27) | L28: =IF(SUM(U28:AY28)=0,"",SUM(U28:AY28)) | M28: =IFERROR(INDEX(U$2:AY$2,MATCH(TRUE,INDEX(U28:AY28<>"",0),0)),"") | N28: =IFERROR(LOOKUP(2,1/(U28:AY28<>""),U$2:AY$2),"")
B29: =IF($B$27="","",$B$27) | C29: 마케팅1팀 | D29: =IF($D$27="","",$D$27) | E29: 영상 | G29: =IF($G$27="","",$G$27) | L29: =IF(SUM(U29:AY29)=0,"",SUM(U29:AY29)) | M29: =IFERROR(INDEX(U$2:AY$2,MATCH(TRUE,INDEX(U29:AY29<>"",0),0)),"") | N29: =IFERROR(LOOKUP(2,1/(U29:AY29<>""),U$2:AY$2),"")
A30: =IF($D$30="","",8) | C30: 마케팅1팀 | E30: 기획 | H30: =IF($I$30="","",IF($I$30<0,"🔴지연",IF($I$30<=1,"🟡임박","🟢여유"))) | I30: =IF(OR($G$30="",$K$30=""),"",$G$30-$K$30) | J30: =IF(SUM($L$30:$L$32)=0,"",SUM($L$30:$L$32)) | K30: =IF($J$30="","",MAX($N$30:$N$32)) | L30: =IF(SUM(U30:AY30)=0,"",SUM(U30:AY30)) | M30: =IFERROR(INDEX(U$2:AY$2,MATCH(TRUE,INDEX(U30:AY30<>"",0),0)),"") | N30: =IFERROR(LOOKUP(2,1/(U30:AY30<>""),U$2:AY$2),"")
B31: =IF($B$30="","",$B$30) | C31: 마케팅1팀 | D31: =IF($D$30="","",$D$30) | E31: 이미지 | G31: =IF($G$30="","",$G$30) | L31: =IF(SUM(U31:AY31)=0,"",SUM(U31:AY31)) | M31: =IFERROR(INDEX(U$2:AY$2,MATCH(TRUE,INDEX(U31:AY31<>"",0),0)),"") | N31: =IFERROR(LOOKUP(2,1/(U31:AY31<>""),U$2:AY$2),"")
B32: =IF($B$30="","",$B$30) | C32: 마케팅1팀 | D32: =IF($D$30="","",$D$30) | E32: 영상 | G32: =IF($G$30="","",$G$30) | L32: =IF(SUM(U32:AY32)=0,"",SUM(U32:AY32)) | M32: =IFERROR(INDEX(U$2:AY$2,MATCH(TRUE,INDEX(U32:AY32<>"",0),0)),"") | N32: =IFERROR(LOOKUP(2,1/(U32:AY32<>""),U$2:AY$2),"")
A33: =IF($D$33="","",9) | C33: 마케팅1팀 | E33: 기획 | H33: =IF($I$33="","",IF($I$33<0,"🔴지연",IF($I$33<=1,"🟡임박","🟢여유"))) | I33: =IF(OR($G$33="",$K$33=""),"",$G$33-$K$33) | J33: =IF(SUM($L$33:$L$35)=0,"",SUM($L$33:$L$35)) | K33: =IF($J$33="","",MAX($N$33:$N$35)) | L33: =IF(SUM(U33:AY33)=0,"",SUM(U33:AY33)) | M33: =IFERROR(INDEX(U$2:AY$2,MATCH(TRUE,INDEX(U33:AY33<>"",0),0)),"") | N33: =IFERROR(LOOKUP(2,1/(U33:AY33<>""),U$2:AY$2),"")
B34: =IF($B$33="","",$B$33) | C34: 마케팅1팀 | D34: =IF($D$33="","",$D$33) | E34: 이미지 | G34: =IF($G$33="","",$G$33) | L34: =IF(SUM(U34:AY34)=0,"",SUM(U34:AY34)) | M34: =IFERROR(INDEX(U$2:AY$2,MATCH(TRUE,INDEX(U34:AY34<>"",0),0)),"") | N34: =IFERROR(LOOKUP(2,1/(U34:AY34<>""),U$2:AY$2),"")
B35: =IF($B$33="","",$B$33) | C35: 마케팅1팀 | D35: =IF($D$33="","",$D$33) | E35: 영상 | G35: =IF($G$33="","",$G$33) | L35: =IF(SUM(U35:AY35)=0,"",SUM(U35:AY35)) | M35: =IFERROR(INDEX(U$2:AY$2,MATCH(TRUE,INDEX(U35:AY35<>"",0),0)),"") | N35: =IFERROR(LOOKUP(2,1/(U35:AY35<>""),U$2:AY$2),"")
A36: =IF($D$36="","",10) | C36: 마케팅1팀 | E36: 기획 | H36: =IF($I$36="","",IF($I$36<0,"🔴지연",IF($I$36<=1,"🟡임박","🟢여유"))) | I36: =IF(OR($G$36="",$K$36=""),"",$G$36-$K$36) | J36: =IF(SUM($L$36:$L$38)=0,"",SUM($L$36:$L$38)) | K36: =IF($J$36="","",MAX($N$36:$N$38)) | L36: =IF(SUM(U36:AY36)=0,"",SUM(U36:AY36)) | M36: =IFERROR(INDEX(U$2:AY$2,MATCH(TRUE,INDEX(U36:AY36<>"",0),0)),"") | N36: =IFERROR(LOOKUP(2,1/(U36:AY36<>""),U$2:AY$2),"")
B37: =IF($B$36="","",$B$36) | C37: 마케팅1팀 | D37: =IF($D$36="","",$D$36) | E37: 이미지 | G37: =IF($G$36="","",$G$36) | L37: =IF(SUM(U37:AY37)=0,"",SUM(U37:AY37)) | M37: =IFERROR(INDEX(U$2:AY$2,MATCH(TRUE,INDEX(U37:AY37<>"",0),0)),"") | N37: =IFERROR(LOOKUP(2,1/(U37:AY37<>""),U$2:AY$2),"")
B38: =IF($B$36="","",$B$36) | C38: 마케팅1팀 | D38: =IF($D$36="","",$D$36) | E38: 영상 | G38: =IF($G$36="","",$G$36) | L38: =IF(SUM(U38:AY38)=0,"",SUM(U38:AY38)) | M38: =IFERROR(INDEX(U$2:AY$2,MATCH(TRUE,INDEX(U38:AY38<>"",0),0)),"") | N38: =IFERROR(LOOKUP(2,1/(U38:AY38<>""),U$2:AY$2),"")
A39: =IF($D$39="","",11) | C39: 마케팅1팀 | E39: 기획 | H39: =IF($I$39="","",IF($I$39<0,"🔴지연",IF($I$39<=1,"🟡임박","🟢여유"))) | I39: =IF(OR($G$39="",$K$39=""),"",$G$39-$K$39) | J39: =IF(SUM($L$39:$L$41)=0,"",SUM($L$39:$L$41)) | K39: =IF($J$39="","",MAX($N$39:$N$41)) | L39: =IF(SUM(U39:AY39)=0,"",SUM(U39:AY39)) | M39: =IFERROR(INDEX(U$2:AY$2,MATCH(TRUE,INDEX(U39:AY39<>"",0),0)),"") | N39: =IFERROR(LOOKUP(2,1/(U39:AY39<>""),U$2:AY$2),"")
B40: =IF($B$39="","",$B$39) | C40: 마케팅1팀 | D40: =IF($D$39="","",$D$39) | E40: 이미지 | G40: =IF($G$39="","",$G$39) | L40: =IF(SUM(U40:AY40)=0,"",SUM(U40:AY40)) | M40: =IFERROR(INDEX(U$2:AY$2,MATCH(TRUE,INDEX(U40:AY40<>"",0),0)),"") | N40: =IFERROR(LOOKUP(2,1/(U40:AY40<>""),U$2:AY$2),"")
B41: =IF($B$39="","",$B$39) | C41: 마케팅1팀 | D41: =IF($D$39="","",$D$39) | E41: 영상 | G41: =IF($G$39="","",$G$39) | L41: =IF(SUM(U41:AY41)=0,"",SUM(U41:AY41)) | M41: =IFERROR(INDEX(U$2:AY$2,MATCH(TRUE,INDEX(U41:AY41<>"",0),0)),"") | N41: =IFERROR(LOOKUP(2,1/(U41:AY41<>""),U$2:AY$2),"")
A42: =IF($D$42="","",12) | C42: 마케팅1팀 | E42: 기획 | H42: =IF($I$42="","",IF($I$42<0,"🔴지연",IF($I$42<=1,"🟡임박","🟢여유"))) | I42: =IF(OR($G$42="",$K$42=""),"",$G$42-$K$42) | J42: =IF(SUM($L$42:$L$44)=0,"",SUM($L$42:$L$44)) | K42: =IF($J$42="","",MAX($N$42:$N$44)) | L42: =IF(SUM(U42:AY42)=0,"",SUM(U42:AY42)) | M42: =IFERROR(INDEX(U$2:AY$2,MATCH(TRUE,INDEX(U42:AY42<>"",0),0)),"") | N42: =IFERROR(LOOKUP(2,1/(U42:AY42<>""),U$2:AY$2),"")
B43: =IF($B$42="","",$B$42) | C43: 마케팅1팀 | D43: =IF($D$42="","",$D$42) | E43: 이미지 | G43: =IF($G$42="","",$G$42) | L43: =IF(SUM(U43:AY43)=0,"",SUM(U43:AY43)) | M43: =IFERROR(INDEX(U$2:AY$2,MATCH(TRUE,INDEX(U43:AY43<>"",0),0)),"") | N43: =IFERROR(LOOKUP(2,1/(U43:AY43<>""),U$2:AY$2),"")
B44: =IF($B$42="","",$B$42) | C44: 마케팅1팀 | D44: =IF($D$42="","",$D$42) | E44: 영상 | G44: =IF($G$42="","",$G$42) | L44: =IF(SUM(U44:AY44)=0,"",SUM(U44:AY44)) | M44: =IFERROR(INDEX(U$2:AY$2,MATCH(TRUE,INDEX(U44:AY44<>"",0),0)),"") | N44: =IFERROR(LOOKUP(2,1/(U44:AY44<>""),U$2:AY$2),"")
A45: =IF($D$45="","",13) | C45: 마케팅1팀 | E45: 기획 | H45: =IF($I$45="","",IF($I$45<0,"🔴지연",IF($I$45<=1,"🟡임박","🟢여유"))) | I45: =IF(OR($G$45="",$K$45=""),"",$G$45-$K$45) | J45: =IF(SUM($L$45:$L$47)=0,"",SUM($L$45:$L$47)) | K45: =IF($J$45="","",MAX($N$45:$N$47)) | L45: =IF(SUM(U45:AY45)=0,"",SUM(U45:AY45)) | M45: =IFERROR(INDEX(U$2:AY$2,MATCH(TRUE,INDEX(U45:AY45<>"",0),0)),"") | N45: =IFERROR(LOOKUP(2,1/(U45:AY45<>""),U$2:AY$2),"")
B46: =IF($B$45="","",$B$45) | C46: 마케팅1팀 | D46: =IF($D$45="","",$D$45) | E46: 이미지 | G46: =IF($G$45="","",$G$45) | L46: =IF(SUM(U46:AY46)=0,"",SUM(U46:AY46)) | M46: =IFERROR(INDEX(U$2:AY$2,MATCH(TRUE,INDEX(U46:AY46<>"",0),0)),"") | N46: =IFERROR(LOOKUP(2,1/(U46:AY46<>""),U$2:AY$2),"")
B47: =IF($B$45="","",$B$45) | C47: 마케팅1팀 | D47: =IF($D$45="","",$D$45) | E47: 영상 | G47: =IF($G$45="","",$G$45) | L47: =IF(SUM(U47:AY47)=0,"",SUM(U47:AY47)) | M47: =IFERROR(INDEX(U$2:AY$2,MATCH(TRUE,INDEX(U47:AY47<>"",0),0)),"") | N47: =IFERROR(LOOKUP(2,1/(U47:AY47<>""),U$2:AY$2),"")
A48: =IF($D$48="","",14) | C48: 마케팅1팀 | E48: 기획 | H48: =IF($I$48="","",IF($I$48<0,"🔴지연",IF($I$48<=1,"🟡임박","🟢여유"))) | I48: =IF(OR($G$48="",$K$48=""),"",$G$48-$K$48) | J48: =IF(SUM($L$48:$L$50)=0,"",SUM($L$48:$L$50)) | K48: =IF($J$48="","",MAX($N$48:$N$50)) | L48: =IF(SUM(U48:AY48)=0,"",SUM(U48:AY48)) | M48: =IFERROR(INDEX(U$2:AY$2,MATCH(TRUE,INDEX(U48:AY48<>"",0),0)),"") | N48: =IFERROR(LOOKUP(2,1/(U48:AY48<>""),U$2:AY$2),"")
B49: =IF($B$48="","",$B$48) | C49: 마케팅1팀 | D49: =IF($D$48="","",$D$48) | E49: 이미지 | G49: =IF($G$48="","",$G$48) | L49: =IF(SUM(U49:AY49)=0,"",SUM(U49:AY49)) | M49: =IFERROR(INDEX(U$2:AY$2,MATCH(TRUE,INDEX(U49:AY49<>"",0),0)),"") | N49: =IFERROR(LOOKUP(2,1/(U49:AY49<>""),U$2:AY$2),"")
B50: =IF($B$48="","",$B$48) | C50: 마케팅1팀 | D50: =IF($D$48="","",$D$48) | E50: 영상 | G50: =IF($G$48="","",$G$48) | L50: =IF(SUM(U50:AY50)=0,"",SUM(U50:AY50)) | M50: =IFERROR(INDEX(U$2:AY$2,MATCH(TRUE,INDEX(U50:AY50<>"",0),0)),"") | N50: =IFERROR(LOOKUP(2,1/(U50:AY50<>""),U$2:AY$2),"")
A51: =IF($D$51="","",15) | C51: 마케팅1팀 | E51: 기획 | H51: =IF($I$51="","",IF($I$51<0,"🔴지연",IF($I$51<=1,"🟡임박","🟢여유"))) | I51: =IF(OR($G$51="",$K$51=""),"",$G$51-$K$51) | J51: =IF(SUM($L$51:$L$53)=0,"",SUM($L$51:$L$53)) | K51: =IF($J$51="","",MAX($N$51:$N$53)) | L51: =IF(SUM(U51:AY51)=0,"",SUM(U51:AY51)) | M51: =IFERROR(INDEX(U$2:AY$2,MATCH(TRUE,INDEX(U51:AY51<>"",0),0)),"") | N51: =IFERROR(LOOKUP(2,1/(U51:AY51<>""),U$2:AY$2),"")
